ISO-10303-21;
HEADER;
FILE_DESCRIPTION(('Open CASCADE Model'),'2;1');
FILE_NAME('Open CASCADE Shape Model','2026-05-04T02:16:22',('Author'),(
    'Open CASCADE'),'Open CASCADE STEP processor 7.8','Open CASCADE 7.8'
  ,'Unknown');
FILE_SCHEMA(('AUTOMOTIVE_DESIGN { 1 0 10303 214 1 1 1 1 }'));
ENDSEC;
DATA;
#1 = APPLICATION_PROTOCOL_DEFINITION('international standard',
  'automotive_design',2000,#2);
#2 = APPLICATION_CONTEXT(
  'core data for automotive mechanical design processes');
#3 = SHAPE_DEFINITION_REPRESENTATION(#4,#10);
#4 = PRODUCT_DEFINITION_SHAPE('','',#5);
#5 = PRODUCT_DEFINITION('design','',#6,#9);
#6 = PRODUCT_DEFINITION_FORMATION('','',#7);
#7 = PRODUCT('Open CASCADE STEP translator 7.8 1',
  'Open CASCADE STEP translator 7.8 1','',(#8));
#8 = PRODUCT_CONTEXT('',#2,'mechanical');
#9 = PRODUCT_DEFINITION_CONTEXT('part definition',#2,'design');
#10 = ADVANCED_BREP_SHAPE_REPRESENTATION('',(#11,#15),#3713);
#11 = AXIS2_PLACEMENT_3D('',#12,#13,#14);
#12 = CARTESIAN_POINT('',(0.,0.,0.));
#13 = DIRECTION('',(0.,0.,1.));
#14 = DIRECTION('',(1.,0.,-0.));
#15 = MANIFOLD_SOLID_BREP('',#16);
#16 = CLOSED_SHELL('',(#17,#3705,#3709));
#17 = ADVANCED_FACE('',(#18),#32,.T.);
#18 = FACE_BOUND('',#19,.T.);
#19 = EDGE_LOOP('',(#20,#772,#2238,#2239));
#20 = ORIENTED_EDGE('',*,*,#21,.T.);
#21 = EDGE_CURVE('',#22,#24,#26,.T.);
#22 = VERTEX_POINT('',#23);
#23 = CARTESIAN_POINT('',(18.5,0.,0.));
#24 = VERTEX_POINT('',#25);
#25 = CARTESIAN_POINT('',(18.5,0.,5.));
#26 = SEAM_CURVE('',#27,(#31,#765),.PCURVE_S1.);
#27 = LINE('',#28,#29);
#28 = CARTESIAN_POINT('',(18.5,0.,0.));
#29 = VECTOR('',#30,1.);
#30 = DIRECTION('',(0.,0.,1.));
#31 = PCURVE('',#32,#759);
#32 = SURFACE_OF_LINEAR_EXTRUSION('',#33,#757);
#33 = B_SPLINE_CURVE_WITH_KNOTS('',3,(#34,#35,#36,#37,#38,#39,#40,#41,
    #42,#43,#44,#45,#46,#47,#48,#49,#50,#51,#52,#53,#54,#55,#56,#57,#58,
    #59,#60,#61,#62,#63,#64,#65,#66,#67,#68,#69,#70,#71,#72,#73,#74,#75,
    #76,#77,#78,#79,#80,#81,#82,#83,#84,#85,#86,#87,#88,#89,#90,#91,#92,
    #93,#94,#95,#96,#97,#98,#99,#100,#101,#102,#103,#104,#105,#106,#107,
    #108,#109,#110,#111,#112,#113,#114,#115,#116,#117,#118,#119,#120,
    #121,#122,#123,#124,#125,#126,#127,#128,#129,#130,#131,#132,#133,
    #134,#135,#136,#137,#138,#139,#140,#141,#142,#143,#144,#145,#146,
    #147,#148,#149,#150,#151,#152,#153,#154,#155,#156,#157,#158,#159,
    #160,#161,#162,#163,#164,#165,#166,#167,#168,#169,#170,#171,#172,
    #173,#174,#175,#176,#177,#178,#179,#180,#181,#182,#183,#184,#185,
    #186,#187,#188,#189,#190,#191,#192,#193,#194,#195,#196,#197,#198,
    #199,#200,#201,#202,#203,#204,#205,#206,#207,#208,#209,#210,#211,
    #212,#213,#214,#215,#216,#217,#218,#219,#220,#221,#222,#223,#224,
    #225,#226,#227,#228,#229,#230,#231,#232,#233,#234,#235,#236,#237,
    #238,#239,#240,#241,#242,#243,#244,#245,#246,#247,#248,#249,#250,
    #251,#252,#253,#254,#255,#256,#257,#258,#259,#260,#261,#262,#263,
    #264,#265,#266,#267,#268,#269,#270,#271,#272,#273,#274,#275,#276,
    #277,#278,#279,#280,#281,#282,#283,#284,#285,#286,#287,#288,#289,
    #290,#291,#292,#293,#294,#295,#296,#297,#298,#299,#300,#301,#302,
    #303,#304,#305,#306,#307,#308,#309,#310,#311,#312,#313,#314,#315,
    #316,#317,#318,#319,#320,#321,#322,#323,#324,#325,#326,#327,#328,
    #329,#330,#331,#332,#333,#334,#335,#336,#337,#338,#339,#340,#341,
    #342,#343,#344,#345,#346,#347,#348,#349,#350,#351,#352,#353,#354,
    #355,#356,#357,#358,#359,#360,#361,#362,#363,#364,#365,#366,#367,
    #368,#369,#370,#371,#372,#373,#374,#375,#376,#377,#378,#379,#380,
    #381,#382,#383,#384,#385,#386,#387,#388,#389,#390,#391,#392,#393,
    #394,#395,#396,#397,#398,#399,#400,#401,#402,#403,#404,#405,#406,
    #407,#408,#409,#410,#411,#412,#413,#414,#415,#416,#417,#418,#419,
    #420,#421,#422,#423,#424,#425,#426,#427,#428,#429,#430,#431,#432,
    #433,#434,#435,#436,#437,#438,#439,#440,#441,#442,#443,#444,#445,
    #446,#447,#448,#449,#450,#451,#452,#453,#454,#455,#456,#457,#458,
    #459,#460,#461,#462,#463,#464,#465,#466,#467,#468,#469,#470,#471,
    #472,#473,#474,#475,#476,#477,#478,#479,#480,#481,#482,#483,#484,
    #485,#486,#487,#488,#489,#490,#491,#492,#493,#494,#495,#496,#497,
    #498,#499,#500,#501,#502,#503,#504,#505,#506,#507,#508,#509,#510,
    #511,#512,#513,#514,#515,#516,#517,#518,#519,#520,#521,#522,#523,
    #524,#525,#526,#527,#528,#529,#530,#531,#532,#533,#534,#535,#536,
    #537,#538,#539,#540,#541,#542,#543,#544,#545,#546,#547,#548,#549,
    #550,#551,#552,#553,#554,#555,#556,#557,#558,#559,#560,#561,#562,
    #563,#564,#565,#566,#567,#568,#569,#570,#571,#572,#573,#574,#575,
    #576,#577,#578,#579,#580,#581,#582,#583,#584,#585,#586,#587,#588,
    #589,#590,#591,#592,#593,#594,#595,#596,#597,#598,#599,#600,#601,
    #602,#603,#604,#605,#606,#607,#608,#609,#610,#611,#612,#613,#614,
    #615,#616,#617,#618,#619,#620,#621,#622,#623,#624,#625,#626,#627,
    #628,#629,#630,#631,#632,#633,#634,#635,#636,#637,#638,#639,#640,
    #641,#642,#643,#644,#645,#646,#647,#648,#649,#650,#651,#652,#653,
    #654,#655,#656,#657,#658,#659,#660,#661,#662,#663,#664,#665,#666,
    #667,#668,#669,#670,#671,#672,#673,#674,#675,#676,#677,#678,#679,
    #680,#681,#682,#683,#684,#685,#686,#687,#688,#689,#690,#691,#692,
    #693,#694,#695,#696,#697,#698,#699,#700,#701,#702,#703,#704,#705,
    #706,#707,#708,#709,#710,#711,#712,#713,#714,#715,#716,#717,#718,
    #719,#720,#721,#722,#723,#724,#725,#726,#727,#728,#729,#730,#731,
    #732,#733,#734,#735,#736,#737,#738,#739,#740,#741,#742,#743,#744,
    #745,#746,#747,#748,#749,#750,#751,#752,#753,#754,#755,#756),
  .UNSPECIFIED.,.T.,.F.,(4,1,1,1,1,1,1,1,1,1,1,1,1,1,1,1,1,1,1,1,1,1,1,1
    ,1,1,1,1,1,1,1,1,1,1,1,1,1,1,1,1,1,1,1,1,1,1,1,1,1,1,1,1,1,1,1,1,1,1
    ,1,1,1,1,1,1,1,1,1,1,1,1,1,1,1,1,1,1,1,1,1,1,1,1,1,1,1,1,1,1,1,1,1,1
    ,1,1,1,1,1,1,1,1,1,1,1,1,1,1,1,1,1,1,1,1,1,1,1,1,1,1,1,1,1,1,1,1,1,1
    ,1,1,1,1,1,1,1,1,1,1,1,1,1,1,1,1,1,1,1,1,1,1,1,1,1,1,1,1,1,1,1,1,1,1
    ,1,1,1,1,1,1,1,1,1,1,1,1,1,1,1,1,1,1,1,1,1,1,1,1,1,1,1,1,1,1,1,1,1,1
    ,1,1,1,1,1,1,1,1,1,1,1,1,1,1,1,1,1,1,1,1,1,1,1,1,1,1,1,1,1,1,1,1,1,1
    ,1,1,1,1,1,1,1,1,1,1,1,1,1,1,1,1,1,1,1,1,1,1,1,1,1,1,1,1,1,1,1,1,1,1
    ,1,1,1,1,1,1,1,1,1,1,1,1,1,1,1,1,1,1,1,1,1,1,1,1,1,1,1,1,1,1,1,1,1,1
    ,1,1,1,1,1,1,1,1,1,1,1,1,1,1,1,1,1,1,1,1,1,1,1,1,1,1,1,1,1,1,1,1,1,1
    ,1,1,1,1,1,1,1,1,1,1,1,1,1,1,1,1,1,1,1,1,1,1,1,1,1,1,1,1,1,1,1,1,1,1
    ,1,1,1,1,1,1,1,1,1,1,1,1,1,1,1,1,1,1,1,1,1,1,1,1,1,1,1,1,1,1,1,1,1,1
    ,1,1,1,1,1,1,1,1,1,1,1,1,1,1,1,1,1,1,1,1,1,1,1,1,1,1,1,1,1,1,1,1,1,1
    ,1,1,1,1,1,1,1,1,1,1,1,1,1,1,1,1,1,1,1,1,1,1,1,1,1,1,1,1,1,1,1,1,1,1
    ,1,1,1,1,1,1,1,1,1,1,1,1,1,1,1,1,1,1,1,1,1,1,1,1,1,1,1,1,1,1,1,1,1,1
    ,1,1,1,1,1,1,1,1,1,1,1,1,1,1,1,1,1,1,1,1,1,1,1,1,1,1,1,1,1,1,1,1,1,1
    ,1,1,1,1,1,1,1,1,1,1,1,1,1,1,1,1,1,1,1,1,1,1,1,1,1,1,1,1,1,1,1,1,1,1
    ,1,1,1,1,1,1,1,1,1,1,1,1,1,1,1,1,1,1,1,1,1,1,1,1,1,1,1,1,1,1,1,1,1,1
    ,1,1,1,1,1,1,1,1,1,1,1,1,1,1,1,1,1,1,1,1,1,1,1,1,1,1,1,1,1,1,1,1,1,1
    ,1,1,1,1,1,1,1,1,1,1,1,1,1,1,1,1,1,1,1,1,1,1,1,1,1,1,1,1,1,1,1,1,1,1
    ,1,1,1,1,1,1,1,1,1,1,1,1,1,1,1,1,1,1,1,1,1,1,1,1,1,1,1,1,1,1,1,1,1,1
    ,1,1,1,1,1,1,1,1,1,1,1,1,1,1,1,1,4),(0.,0.86213979732,1.645849371225
    ,2.305329874721,2.832656798366,3.243055188608,3.559528873786,
    3.80437650162,3.996186641957,4.149490719337,4.275341611475,
    4.38206309832,4.475912987067,4.561603837922,4.642692719992,
    4.721867519123,4.801156279213,4.882080687573,4.965769373279,
    5.053042299577,5.144474276276,5.24044328863,5.341167697335,
    5.446735212304,5.557125733724,5.672229582956,5.791862240474,
    5.915776418106,6.043672083905,6.175204906274,6.309993472997,
    6.447625559209,6.587663657946,6.729649942206,6.873110794347,
    7.01756101433,7.162507800862,7.307454587394,7.451904807377,
    7.595365659518,7.737351943778,7.877390042515,8.015022128727,
    8.14981069545,8.281343517818,8.409239183618,8.53315336125,
    8.652786018768,8.767889868,8.878280389419,8.983847904388,
    9.084572313094,9.180541325448,9.271973302146,9.359246228444,
    9.442934914151,9.52385932251,9.6031480826,9.682322881732,
    9.763411763801,9.849102614656,9.942952503403,10.049673990248,
    10.175524882387,10.328828959767,10.520639100103,10.765486727937,
    11.081960413116,11.492358803358,12.019685727003,12.679166230499,
    13.462875804403,14.325015601724,15.187155399044,15.970864972948,
    16.630345476445,17.15767240009,17.568070790332,17.88454447551,
    18.129392103344,18.32120224368,18.47450632106,18.600357213199,
    18.707078700044,18.800928588791,18.886619439646,18.967708321715,
    19.046883120847,19.126171880937,19.207096289297,19.290784975003,
    19.378057901301,19.469489877999,19.565458890354,19.666183299059,
    19.771750814028,19.882141335447,19.997245184679,20.116877842198,
    20.24079201983,20.368687685629,20.500220507997,20.635009074721,
    20.772641160933,20.912679259669,21.05466554393,21.198126396071,
    21.342576616054,21.487523402585,21.632470189117,21.7769204091,
    21.920381261241,22.062367545502,22.202405644238,22.34003773045,
    22.474826297173,22.606359119542,22.734254785341,22.858168962973,
    22.977801620492,23.092905469723,23.203295991143,23.308863506112,
    23.409587914817,23.505556927171,23.59698890387,23.684261830168,
    23.767950515874,23.848874924234,23.928163684324,24.007338483456,
    24.088427365525,24.17411821638,24.267968105127,24.374689591972,
    24.50054048411,24.65384456149,24.845654701827,25.090502329661,
    25.406976014839,25.817374405081,26.344701328726,27.004181832223,
    27.787891406127,28.650031203447,29.512171000767,30.295880574672,
    30.955361078168,31.482688001813,31.893086392055,32.209560077233,
    32.454407705068,32.646217845404,32.799521922784,32.925372814923,
    33.032094301768,33.125944190515,33.21163504137,33.292723923439,
    33.37189872257,33.45118748266,33.53211189102,33.615800576726,
    33.703073503024,33.794505479723,33.890474492077,33.991198900783,
    34.096766415752,34.207156937171,34.322260786403,34.441893443921,
    34.565807621553,34.693703287353,34.825236109721,34.960024676444,
    35.097656762656,35.237694861393,35.379681145653,35.523141997794,
    35.667592217777,35.812539004309,35.957485790841,36.101936010824,
    36.245396862965,36.387383147225,36.527421245962,36.665053332174,
    36.799841898897,36.931374721266,37.059270387065,37.183184564697,
    37.302817222215,37.417921071447,37.528311592866,37.633879107836,
    37.734603516541,37.830572528895,37.922004505594,38.009277431892,
    38.092966117598,38.173890525958,38.253179286048,38.332354085179,
    38.413442967248,38.499133818104,38.592983706851,38.699705193695,
    38.825556085834,38.978860163214,39.17067030355,39.415517931385,
    39.731991616563,40.142390006805,40.66971693045,41.329197433946,
    42.112907007851,42.975046805171,43.837186602491,44.620896176395,
    45.280376679892,45.807703603537,46.218101993779,46.534575678957,
    46.779423306791,46.971233447128,47.124537524508,47.250388416646,
    47.357109903491,47.450959792238,47.536650643093,47.617739525162,
    47.696914324294,47.776203084384,47.857127492744,47.94081617845,
    48.028089104748,48.119521081447,48.215490093801,48.316214502506,
    48.421782017475,48.532172538895,48.647276388126,48.766909045645,
    48.890823223277,49.018718889076,49.150251711445,49.285040278168,
    49.42267236438,49.562710463116,49.704696747377,49.848157599518,
    49.992607819501,50.137554606033,50.282501392564,50.426951612547,
    50.570412464688,50.712398748949,50.852436847685,50.990068933897,
    51.124857500621,51.256390322989,51.384285988788,51.508200166421,
    51.627832823939,51.742936673171,51.85332719459,51.958894709559,
    52.059619118264,52.155588130619,52.247020107317,52.334293033615,
    52.417981719321,52.498906127681,52.578194887771,52.657369686903,
    52.738458568972,52.824149419827,52.917999308574,53.024720795419,
    53.150571687558,53.303875764938,53.495685905274,53.740533533108,
    54.057007218286,54.467405608529,54.994732532173,55.65421303567,
    56.437922609574,57.300062406894,58.162202204215,58.945911778119,
    59.605392281615,60.13271920526,60.543117595503,60.859591280681,
    61.104438908515,61.296249048851,61.449553126231,61.57540401837,
    61.682125505215,61.775975393962,61.861666244817,61.942755126886,
    62.021929926018,62.101218686108,62.182143094468,62.265831780174,
    62.353104706472,62.44453668317,62.540505695524,62.64123010423,
    62.746797619199,62.857188140618,62.97229198985,63.091924647368,
    63.215838825,63.3437344908,63.475267313168,63.610055879891,
    63.747687966103,63.88772606484,64.029712349101,64.173173201242,
    64.317623421225,64.462570207756,64.607516994288,64.751967214271,
    64.895428066412,65.037414350673,65.177452449409,65.315084535621,
    65.449873102344,65.581405924713,65.709301590512,65.833215768144,
    65.952848425663,66.067952274894,66.178342796314,66.283910311283,
    66.384634719988,66.480603732342,66.572035709041,66.659308635339,
    66.742997321045,66.823921729405,66.903210489495,66.982385288626,
    67.063474170696,67.149165021551,67.243014910298,67.349736397143,
    67.475587289281,67.628891366661,67.820701506998,68.065549134832,
    68.38202282001,68.792421210252,69.319748133897,69.979228637393,
    70.762938211298,71.625078008618,72.487217805938,73.270927379843,
    73.930407883339,74.457734806984,74.868133197226,75.184606882404,
    75.429454510238,75.621264650575,75.774568727955,75.900419620094,
    76.007141106938,76.100990995685,76.18668184654,76.26777072861,
    76.346945527741,76.426234287831,76.507158696191,76.590847381897,
    76.678120308195,76.769552284894,76.865521297248,76.966245705953,
    77.071813220922,77.182203742342,77.297307591574,77.416940249092,
    77.540854426724,77.668750092523,77.800282914892,77.935071481615,
    78.072703567827,78.212741666564,78.354727950824,78.498188802965,
    78.642639022948,78.78758580948,78.932532596012,79.076982815995,
    79.220443668136,79.362429952396,79.502468051133,79.640100137345,
    79.774888704068,79.906421526436,80.034317192236,80.158231369868,
    80.277864027386,80.392967876618,80.503358398037,80.608925913006,
    80.709650321712,80.805619334066,80.897051310764,80.984324237062,
    81.068012922769,81.148937331128,81.228226091218,81.30740089035,
    81.388489772419,81.474180623274,81.568030512021,81.674751998866,
    81.800602891005,81.953906968385,82.145717108721,82.390564736555,
    82.707038421734,83.117436811976,83.644763735621,84.304244239117,
    85.087953813021,85.950093610342,86.812233407662,87.595942981566,
    88.255423485063,88.782750408708,89.19314879895,89.509622484128,
    89.754470111962,89.946280252298,90.099584329679,90.225435221817,
    90.332156708662,90.426006597409,90.511697448264,90.592786330333,
    90.671961129465,90.751249889555,90.832174297915,90.915862983621,
    91.003135909919,91.094567886617,91.190536898972,91.291261307677,
    91.396828822646,91.507219344065,91.622323193297,91.741955850816,
    91.865870028448,91.993765694247,92.125298516616,92.260087083339,
    92.397719169551,92.537757268287,92.679743552548,92.823204404689,
    92.967654624672,93.112601411203,93.257548197735,93.401998417718,
    93.545459269859,93.68744555412,93.827483652856,93.965115739068,
    94.099904305791,94.23143712816,94.359332793959,94.483246971591,
    94.60287962911,94.717983478341,94.828373999761,94.93394151473,
    95.034665923435,95.130634935789,95.222066912488,95.309339838786,
    95.393028524492,95.473952932852,95.553241692942,95.632416492074,
    95.713505374143,95.799196224998,95.893046113745,95.99976760059,
    96.125618492728,96.278922570109,96.470732710445,96.715580338279,
    97.032054023457,97.442452413699,97.969779337344,98.629259840841,
    99.412969414745,100.27510921206,101.13724900938,101.92095858329,
    102.58043908678,103.10776601043,103.51816440067,103.83463808585,
    104.07948571368,104.27129585402,104.4245999314,104.55045082354,
    104.65717231038,104.75102219913,104.83671304998,104.91780193205,
    104.99697673118,105.07626549127,105.15718989963,105.24087858534,
    105.32815151164,105.41958348834,105.51555250069,105.6162769094,
    105.72184442437,105.83223494578,105.94733879502,106.06697145253,
    106.19088563017,106.31878129597,106.45031411833,106.58510268506,
    106.72273477127,106.86277287001,107.00475915427,107.14822000641,
    107.29267022639,107.43761701292,107.58256379945,107.72701401944,
    107.87047487158,108.01246115584,108.15249925458,108.29013134079,
    108.42491990751,108.55645272988,108.68434839568,108.80826257331,
    108.92789523083,109.04299908006,109.15338960148,109.25895711645,
    109.35968152515,109.45565053751,109.54708251421,109.63435544051,
    109.71804412621,109.79896853457,109.87825729466,109.95743209379,
    110.03852097586,110.12421182672,110.21806171546,110.32478320231,
    110.45063409445,110.60393817183,110.79574831216,111.04059594,
    111.35706962518,111.76746801542,112.29479493906,112.95427544256,
    113.73798501646,114.60012481378,115.4622646111,116.24597418501,
    116.90545468851,117.43278161215,117.84318000239,118.15965368757,
    118.4045013154,118.59631145574,118.74961553312,118.87546642526,
    118.9821879121,119.07603780085,119.16172865171,119.24281753378,
    119.32199233291,119.401281093,119.48220550136,119.56589418706,
    119.65316711336,119.74459909006,119.84056810241,119.94129251112,
    120.04686002609,120.15725054751,120.27235439674,120.39198705426,
    120.51590123189,120.64379689769,120.77532972006,120.91011828678,
    121.04775037299,121.18778847173,121.32977475599,121.47323560813,
    121.61768582811,121.76263261465,121.90757940118,122.05202962116,
    122.1954904733,122.33747675756,122.4775148563,122.61514694251,
    122.74993550923,122.8814683316,123.0093639974,123.13327817503,
    123.25291083255,123.36801468178,123.4784052032,123.58397271817,
    123.68469712688,123.78066613923,123.87209811593,123.95937104223,
    124.04305972793,124.12398413629,124.20327289638,124.28244769552,
    124.36353657759,124.44922742844,124.54307731719,124.64979880403,
    124.77564969617,124.92895377355,125.12076391389,125.36561154172,
    125.6820852269,126.09248361714,126.61981054079,127.27929104428,
    128.06300061819,128.92514041551,129.78728021283,130.57098978673,
    131.23047029023,131.75779721387,132.16819560412,132.48466928929,
    132.72951691713,132.92132705746,133.07463113484,133.20048202698,
    133.30720351383,133.40105340258,133.48674425343,133.5678331355,
    133.64700793463,133.72629669472,133.80722110308,133.89090978879,
    133.97818271509,134.06961469178,134.16558370414,134.26630811284,
    134.37187562781,134.48226614923,134.59736999846,134.71700265598,
    134.84091683361,134.96881249941,135.10034532178,135.2351338885,
    135.37276597472,135.51280407345,135.65479035771,135.79825120986,
    135.94270142984,136.08764821637,136.2325950029,136.37704522288,
    136.52050607503,136.66249235929,136.80253045802,136.94016254423,
    137.07495111096,137.20648393333,137.33437959913,137.45829377676,
    137.57792643428,137.69303028351,137.80342080493,137.9089883199,
    138.0097127286,138.10568174096,138.19711371765,138.28438664395,
    138.36807532966,138.44899973802,138.52828849811,138.60746329724,
    138.68855217931,138.77424303016,138.86809291891,138.97481440576,
    139.10066529789,139.25396937527,139.44577951561,139.69062714345,
    140.00710082862,140.41749921887,140.94482614251,141.60430664601,
    142.38801621991,143.25015601723),.UNSPECIFIED.);
#34 = CARTESIAN_POINT('',(18.5,0.,0.));
#35 = CARTESIAN_POINT('',(18.499594350249,-0.287853742081,0.));
#36 = CARTESIAN_POINT('',(18.543710406362,-0.836814870179,0.));
#37 = CARTESIAN_POINT('',(18.718612036039,-1.587780366218,0.));
#38 = CARTESIAN_POINT('',(18.949204773602,-2.204369369209,0.));
#39 = CARTESIAN_POINT('',(19.185533179089,-2.682194619954,0.));
#40 = CARTESIAN_POINT('',(19.39847988692,-3.042270111963,0.));
#41 = CARTESIAN_POINT('',(19.577546624487,-3.312284873023,0.));
#42 = CARTESIAN_POINT('',(19.723064088263,-3.516880869738,0.));
#43 = CARTESIAN_POINT('',(19.839871323747,-3.67509032291,0.));
#44 = CARTESIAN_POINT('',(19.933880615929,-3.800818210277,0.));
#45 = CARTESIAN_POINT('',(20.010585472236,-3.904070827082,0.));
#46 = CARTESIAN_POINT('',(20.074564880316,-3.992084334383,0.));
#47 = CARTESIAN_POINT('',(20.129421173063,-4.070167218618,0.));
#48 = CARTESIAN_POINT('',(20.177879017791,-4.142282807392,0.));
#49 = CARTESIAN_POINT('',(20.221927264714,-4.211440469607,0.));
#50 = CARTESIAN_POINT('',(20.262957571468,-4.279956353758,0.));
#51 = CARTESIAN_POINT('',(20.301884904225,-4.349627798826,0.));
#52 = CARTESIAN_POINT('',(20.339247524567,-4.421851196354,0.));
#53 = CARTESIAN_POINT('',(20.375288506783,-4.497702852141,0.));
#54 = CARTESIAN_POINT('',(20.410021969335,-4.577995574949,0.));
#55 = CARTESIAN_POINT('',(20.443287106816,-4.663319285491,0.));
#56 = CARTESIAN_POINT('',(20.474792624168,-4.754071079548,0.));
#57 = CARTESIAN_POINT('',(20.504153633938,-4.850478333623,0.));
#58 = CARTESIAN_POINT('',(20.530922596476,-4.952617242494,0.));
#59 = CARTESIAN_POINT('',(20.554615492109,-5.060428390855,0.));
#60 = CARTESIAN_POINT('',(20.574734110304,-5.173730437814,0.));
#61 = CARTESIAN_POINT('',(20.590785110147,-5.292232640194,0.));
#62 = CARTESIAN_POINT('',(20.602296333798,-5.415546699285,0.));
#63 = CARTESIAN_POINT('',(20.608830726577,-5.543198248388,0.));
#64 = CARTESIAN_POINT('',(20.609998123114,-5.674638180733,0.));
#65 = CARTESIAN_POINT('',(20.605465090133,-5.809253933521,0.));
#66 = CARTESIAN_POINT('',(20.594962966494,-5.946380783328,0.));
#67 = CARTESIAN_POINT('',(20.578294205342,-6.085313164071,0.));
#68 = CARTESIAN_POINT('',(20.555337097956,-6.225315986519,0.));
#69 = CARTESIAN_POINT('',(20.526048941359,-6.365635914628,0.));
#70 = CARTESIAN_POINT('',(20.490467699942,-6.505512536772,0.));
#71 = CARTESIAN_POINT('',(20.448712203583,-6.644189357542,0.));
#72 = CARTESIAN_POINT('',(20.400980919663,-6.780924527233,0.));
#73 = CARTESIAN_POINT('',(20.347549333013,-6.915001220627,0.));
#74 = CARTESIAN_POINT('',(20.288765965089,-7.045737573631,0.));
#75 = CARTESIAN_POINT('',(20.225047060792,-7.172496085408,0.));
#76 = CARTESIAN_POINT('',(20.156869967372,-7.294692394478,0.));
#77 = CARTESIAN_POINT('',(20.084765223863,-7.41180333975,0.));
#78 = CARTESIAN_POINT('',(20.009307370365,-7.5233742214,0.));
#79 = CARTESIAN_POINT('',(19.931104472933,-7.629025181939,0.));
#80 = CARTESIAN_POINT('',(19.850786340133,-7.728456634813,0.));
#81 = CARTESIAN_POINT('',(19.768991379238,-7.821453676766,0.));
#82 = CARTESIAN_POINT('',(19.686352000666,-7.907889431369,0.));
#83 = CARTESIAN_POINT('',(19.603478424386,-7.987727285785,0.));
#84 = CARTESIAN_POINT('',(19.520940666133,-8.061022002354,0.));
#85 = CARTESIAN_POINT('',(19.439248376198,-8.127919714019,0.));
#86 = CARTESIAN_POINT('',(19.358828058163,-8.188656852412,0.));
#87 = CARTESIAN_POINT('',(19.279996993043,-8.243558117609,0.));
#88 = CARTESIAN_POINT('',(19.202932912773,-8.293033692233,0.));
#89 = CARTESIAN_POINT('',(19.127638072962,-8.337576052461,0.));
#90 = CARTESIAN_POINT('',(19.053895821221,-8.377756973219,0.));
#91 = CARTESIAN_POINT('',(18.981216978473,-8.414225731987,0.));
#92 = CARTESIAN_POINT('',(18.90877225681,-8.447710202964,0.));
#93 = CARTESIAN_POINT('',(18.83530541511,-8.47902370842,0.));
#94 = CARTESIAN_POINT('',(18.759019780844,-8.509082522511,0.));
#95 = CARTESIAN_POINT('',(18.677428081409,-8.538942452903,0.));
#96 = CARTESIAN_POINT('',(18.587152440509,-8.569869113332,0.));
#97 = CARTESIAN_POINT('',(18.483658970529,-8.603467384021,0.));
#98 = CARTESIAN_POINT('',(18.36091307261,-8.641914522091,0.));
#99 = CARTESIAN_POINT('',(18.210956960611,-8.688373245749,0.));
#100 = CARTESIAN_POINT('',(18.023464733393,-8.747709803014,0.));
#101 = CARTESIAN_POINT('',(17.785480151515,-8.827698469239,0.));
#102 = CARTESIAN_POINT('',(17.481901263571,-8.940891951624,0.));
#103 = CARTESIAN_POINT('',(17.097977578998,-9.107033653314,0.));
#104 = CARTESIAN_POINT('',(16.625920441928,-9.354684209742,0.));
#105 = CARTESIAN_POINT('',(16.076969911947,-9.718016704651,0.));
#106 = CARTESIAN_POINT('',(15.493947143735,-10.22256353045,0.));
#107 = CARTESIAN_POINT('',(14.948363390302,-10.86062172713,0.));
#108 = CARTESIAN_POINT('',(14.51012863624,-11.57667353719,0.));
#109 = CARTESIAN_POINT('',(14.210440033269,-12.28707468368,0.));
#110 = CARTESIAN_POINT('',(14.03452533924,-12.92143357787,0.));
#111 = CARTESIAN_POINT('',(13.944869341455,-13.44691482475,0.));
#112 = CARTESIAN_POINT('',(13.905498136511,-13.86338855602,0.));
#113 = CARTESIAN_POINT('',(13.891655772995,-14.18708794532,0.));
#114 = CARTESIAN_POINT('',(13.889123310951,-14.43814258991,0.));
#115 = CARTESIAN_POINT('',(13.890629176034,-14.63479429895,0.));
#116 = CARTESIAN_POINT('',(13.892783291178,-14.79176757157,0.));
#117 = CARTESIAN_POINT('',(13.89414845843,-14.92038667668,0.));
#118 = CARTESIAN_POINT('',(13.894175845186,-15.02919725232,0.));
#119 = CARTESIAN_POINT('',(13.892659550474,-15.12461135252,0.));
#120 = CARTESIAN_POINT('',(13.889474290824,-15.21143689588,0.));
#121 = CARTESIAN_POINT('',(13.884460217225,-15.29327752984,0.));
#122 = CARTESIAN_POINT('',(13.877381806421,-15.37282505371,0.));
#123 = CARTESIAN_POINT('',(13.867922832251,-15.45207134889,0.));
#124 = CARTESIAN_POINT('',(13.855697979124,-15.53246250211,0.));
#125 = CARTESIAN_POINT('',(13.840271261598,-15.61501213852,0.));
#126 = CARTESIAN_POINT('',(13.821176344743,-15.70038613284,0.));
#127 = CARTESIAN_POINT('',(13.797936387558,-15.78896722192,0.));
#128 = CARTESIAN_POINT('',(13.770082320347,-15.88090544405,0.));
#129 = CARTESIAN_POINT('',(13.737169114063,-15.97615851951,0.));
#130 = CARTESIAN_POINT('',(13.698789915358,-16.07452503397,0.));
#131 = CARTESIAN_POINT('',(13.654588067532,-16.17567241982,0.));
#132 = CARTESIAN_POINT('',(13.604267099298,-16.27916112838,0.));
#133 = CARTESIAN_POINT('',(13.547598784025,-16.38446596497,0.));
#134 = CARTESIAN_POINT('',(13.484429374251,-16.49099526191,0.));
#135 = CARTESIAN_POINT('',(13.414684111061,-16.5981083542,0.));
#136 = CARTESIAN_POINT('',(13.338370100904,-16.70513167168,0.));
#137 = CARTESIAN_POINT('',(13.255577645972,-16.81137365346,0.));
#138 = CARTESIAN_POINT('',(13.166480109461,-16.91613861195,0.));
#139 = CARTESIAN_POINT('',(13.071332393947,-17.01873961706,0.));
#140 = CARTESIAN_POINT('',(12.970468109616,-17.11851043052,0.));
#141 = CARTESIAN_POINT('',(12.86429550885,-17.2148164905,0.));
#142 = CARTESIAN_POINT('',(12.753292264226,-17.30706492596,0.));
#143 = CARTESIAN_POINT('',(12.637999167979,-17.39471356573,0.));
#144 = CARTESIAN_POINT('',(12.51901283191,-17.47727889698,0.));
#145 = CARTESIAN_POINT('',(12.396977467221,-17.55434292184,0.));
#146 = CARTESIAN_POINT('',(12.27257582335,-17.62555885646,0.));
#147 = CARTESIAN_POINT('',(12.146519363085,-17.69065561443,0.));
#148 = CARTESIAN_POINT('',(12.019537747526,-17.74944101506,0.));
#149 = CARTESIAN_POINT('',(11.89236769814,-17.80180365516,0.));
#150 = CARTESIAN_POINT('',(11.765741293481,-17.84771338104,0.));
#151 = CARTESIAN_POINT('',(11.640373743954,-17.88722029379,0.));
#152 = CARTESIAN_POINT('',(11.516950667948,-17.92045221499,0.));
#153 = CARTESIAN_POINT('',(11.396114864764,-17.94761053063,0.));
#154 = CARTESIAN_POINT('',(11.278452541268,-17.96896431704,0.));
#155 = CARTESIAN_POINT('',(11.164478896272,-17.98484263212,0.));
#156 = CARTESIAN_POINT('',(11.054622893698,-17.99562482636,0.));
#157 = CARTESIAN_POINT('',(10.949210954502,-18.00172868873,0.));
#158 = CARTESIAN_POINT('',(10.848449156305,-18.00359618896,0.));
#159 = CARTESIAN_POINT('',(10.752403330923,-18.00167650801,0.));
#160 = CARTESIAN_POINT('',(10.660976167216,-17.99640595883,0.));
#161 = CARTESIAN_POINT('',(10.573880019776,-17.98818428881,0.));
#162 = CARTESIAN_POINT('',(10.490603532269,-17.9773467285,0.));
#163 = CARTESIAN_POINT('',(10.410369314781,-17.96413102219,0.));
#164 = CARTESIAN_POINT('',(10.332078625582,-17.94863858926,0.));
#165 = CARTESIAN_POINT('',(10.254237085419,-17.93078902124,0.));
#166 = CARTESIAN_POINT('',(10.174852583247,-17.91026754189,0.));
#167 = CARTESIAN_POINT('',(10.091292285085,-17.88646633539,0.));
#168 = CARTESIAN_POINT('',(10.000079522516,-17.85842383889,0.));
#169 = CARTESIAN_POINT('',(9.896602978483,-17.8247734755,0.));
#170 = CARTESIAN_POINT('',(9.774700800325,-17.78372963501,0.));
#171 = CARTESIAN_POINT('',(9.626076004701,-17.73317354086,0.));
#172 = CARTESIAN_POINT('',(9.439514453286,-17.670972658,0.));
#173 = CARTESIAN_POINT('',(9.199964723791,-17.59580102083,0.));
#174 = CARTESIAN_POINT('',(8.887830784709,-17.50893727849,0.));
#175 = CARTESIAN_POINT('',(8.479574357303,-17.41768405883,0.));
#176 = CARTESIAN_POINT('',(7.952106766305,-17.34056934424,0.));
#177 = CARTESIAN_POINT('',(7.294434976294,-17.31184648147,0.));
#178 = CARTESIAN_POINT('',(6.526194465406,-17.3773412531,0.));
#179 = CARTESIAN_POINT('',(5.709766738911,-17.57285509345,0.));
#180 = CARTESIAN_POINT('',(4.934342681517,-17.89456525116,0.));
#181 = CARTESIAN_POINT('',(4.274326191577,-18.29313931039,0.));
#182 = CARTESIAN_POINT('',(3.759141411877,-18.70294637352,0.));
#183 = CARTESIAN_POINT('',(3.377738058751,-19.07537115919,0.));
#184 = CARTESIAN_POINT('',(3.101088967655,-19.38916367187,0.));
#185 = CARTESIAN_POINT('',(2.899624533122,-19.64290564174,0.));
#186 = CARTESIAN_POINT('',(2.750009510679,-19.8445245719,0.));
#187 = CARTESIAN_POINT('',(2.635638806715,-20.00450427176,0.));
#188 = CARTESIAN_POINT('',(2.545114947823,-20.13276447409,0.));
#189 = CARTESIAN_POINT('',(2.470618978181,-20.23762194111,0.));
#190 = CARTESIAN_POINT('',(2.406683882876,-20.3256676435,0.));
#191 = CARTESIAN_POINT('',(2.349374173731,-20.40196801639,0.));
#192 = CARTESIAN_POINT('',(2.295762470631,-20.47033910787,0.));
#193 = CARTESIAN_POINT('',(2.243601282202,-20.53360237305,0.));
#194 = CARTESIAN_POINT('',(2.191117866182,-20.59379708625,0.));
#195 = CARTESIAN_POINT('',(2.136885591718,-20.65234884028,0.));
#196 = CARTESIAN_POINT('',(2.07974274351,-20.71020106105,0.));
#197 = CARTESIAN_POINT('',(2.018740808001,-20.76791752273,0.));
#198 = CARTESIAN_POINT('',(1.953111120965,-20.82576282449,0.));
#199 = CARTESIAN_POINT('',(1.882242942862,-20.88376632684,0.));
#200 = CARTESIAN_POINT('',(1.805668598037,-20.94177370105,0.));
#201 = CARTESIAN_POINT('',(1.723052901821,-20.99948916061,0.));
#202 = CARTESIAN_POINT('',(1.634185091318,-21.05651061549,0.));
#203 = CARTESIAN_POINT('',(1.538972103536,-21.1123593753,0.));
#204 = CARTESIAN_POINT('',(1.437432448392,-21.16650557624,0.));
#205 = CARTESIAN_POINT('',(1.329690188352,-21.21839017864,0.));
#206 = CARTESIAN_POINT('',(1.215968712637,-21.26744414281,0.));
#207 = CARTESIAN_POINT('',(1.096584113464,-21.31310521767,0.));
#208 = CARTESIAN_POINT('',(0.971938054675,-21.35483265059,0.));
#209 = CARTESIAN_POINT('',(0.842510081562,-21.39212003536,0.));
#210 = CARTESIAN_POINT('',(0.708849362813,-21.42450644921,0.));
#211 = CARTESIAN_POINT('',(0.571565886311,-21.45158598202,0.));
#212 = CARTESIAN_POINT('',(0.431321153399,-21.47301572684,0.));
#213 = CARTESIAN_POINT('',(0.288818433282,-21.48852227709,0.));
#214 = CARTESIAN_POINT('',(0.144792652036,-21.49790675894,0.));
#215 = CARTESIAN_POINT('',(6.863723698244E-16,-21.50104841638,0.));
#216 = CARTESIAN_POINT('',(-0.144792652036,-21.49790675894,0.));
#217 = CARTESIAN_POINT('',(-0.288818433282,-21.48852227709,0.));
#218 = CARTESIAN_POINT('',(-0.431321153399,-21.47301572684,0.));
#219 = CARTESIAN_POINT('',(-0.571565886311,-21.45158598202,0.));
#220 = CARTESIAN_POINT('',(-0.708849362813,-21.42450644921,0.));
#221 = CARTESIAN_POINT('',(-0.842510081562,-21.39212003536,0.));
#222 = CARTESIAN_POINT('',(-0.971938054675,-21.35483265059,0.));
#223 = CARTESIAN_POINT('',(-1.096584113464,-21.31310521767,0.));
#224 = CARTESIAN_POINT('',(-1.215968712637,-21.26744414281,0.));
#225 = CARTESIAN_POINT('',(-1.329690188352,-21.21839017864,0.));
#226 = CARTESIAN_POINT('',(-1.437432448392,-21.16650557624,0.));
#227 = CARTESIAN_POINT('',(-1.538972103536,-21.1123593753,0.));
#228 = CARTESIAN_POINT('',(-1.634185091318,-21.05651061549,0.));
#229 = CARTESIAN_POINT('',(-1.723052901821,-20.99948916061,0.));
#230 = CARTESIAN_POINT('',(-1.805668598037,-20.94177370105,0.));
#231 = CARTESIAN_POINT('',(-1.882242942862,-20.88376632684,0.));
#232 = CARTESIAN_POINT('',(-1.953111120965,-20.82576282449,0.));
#233 = CARTESIAN_POINT('',(-2.018740808001,-20.76791752273,0.));
#234 = CARTESIAN_POINT('',(-2.07974274351,-20.71020106105,0.));
#235 = CARTESIAN_POINT('',(-2.136885591718,-20.65234884028,0.));
#236 = CARTESIAN_POINT('',(-2.191117866182,-20.59379708625,0.));
#237 = CARTESIAN_POINT('',(-2.243601282202,-20.53360237305,0.));
#238 = CARTESIAN_POINT('',(-2.295762470631,-20.47033910787,0.));
#239 = CARTESIAN_POINT('',(-2.349374173731,-20.40196801639,0.));
#240 = CARTESIAN_POINT('',(-2.406683882876,-20.3256676435,0.));
#241 = CARTESIAN_POINT('',(-2.470618978181,-20.23762194111,0.));
#242 = CARTESIAN_POINT('',(-2.545114947823,-20.13276447409,0.));
#243 = CARTESIAN_POINT('',(-2.635638806715,-20.00450427176,0.));
#244 = CARTESIAN_POINT('',(-2.750009510679,-19.8445245719,0.));
#245 = CARTESIAN_POINT('',(-2.899624533122,-19.64290564174,0.));
#246 = CARTESIAN_POINT('',(-3.101088967655,-19.38916367187,0.));
#247 = CARTESIAN_POINT('',(-3.377738058751,-19.07537115919,0.));
#248 = CARTESIAN_POINT('',(-3.759141411877,-18.70294637352,0.));
#249 = CARTESIAN_POINT('',(-4.274326191577,-18.29313931039,0.));
#250 = CARTESIAN_POINT('',(-4.934342681517,-17.89456525116,0.));
#251 = CARTESIAN_POINT('',(-5.709766738911,-17.57285509345,0.));
#252 = CARTESIAN_POINT('',(-6.526194465406,-17.3773412531,0.));
#253 = CARTESIAN_POINT('',(-7.294434976294,-17.31184648147,0.));
#254 = CARTESIAN_POINT('',(-7.952106766305,-17.34056934424,0.));
#255 = CARTESIAN_POINT('',(-8.479574357303,-17.41768405883,0.));
#256 = CARTESIAN_POINT('',(-8.887830784709,-17.50893727849,0.));
#257 = CARTESIAN_POINT('',(-9.199964723791,-17.59580102083,0.));
#258 = CARTESIAN_POINT('',(-9.439514453286,-17.670972658,0.));
#259 = CARTESIAN_POINT('',(-9.626076004701,-17.73317354086,0.));
#260 = CARTESIAN_POINT('',(-9.774700800325,-17.78372963501,0.));
#261 = CARTESIAN_POINT('',(-9.896602978483,-17.8247734755,0.));
#262 = CARTESIAN_POINT('',(-10.00007952251,-17.85842383889,0.));
#263 = CARTESIAN_POINT('',(-10.09129228508,-17.88646633539,0.));
#264 = CARTESIAN_POINT('',(-10.17485258324,-17.91026754189,0.));
#265 = CARTESIAN_POINT('',(-10.25423708541,-17.93078902124,0.));
#266 = CARTESIAN_POINT('',(-10.33207862558,-17.94863858926,0.));
#267 = CARTESIAN_POINT('',(-10.41036931478,-17.96413102219,0.));
#268 = CARTESIAN_POINT('',(-10.49060353226,-17.9773467285,0.));
#269 = CARTESIAN_POINT('',(-10.57388001977,-17.98818428881,0.));
#270 = CARTESIAN_POINT('',(-10.66097616721,-17.99640595883,0.));
#271 = CARTESIAN_POINT('',(-10.75240333092,-18.00167650801,0.));
#272 = CARTESIAN_POINT('',(-10.8484491563,-18.00359618896,0.));
#273 = CARTESIAN_POINT('',(-10.9492109545,-18.00172868873,0.));
#274 = CARTESIAN_POINT('',(-11.05462289369,-17.99562482636,0.));
#275 = CARTESIAN_POINT('',(-11.16447889627,-17.98484263212,0.));
#276 = CARTESIAN_POINT('',(-11.27845254126,-17.96896431704,0.));
#277 = CARTESIAN_POINT('',(-11.39611486476,-17.94761053063,0.));
#278 = CARTESIAN_POINT('',(-11.51695066794,-17.92045221499,0.));
#279 = CARTESIAN_POINT('',(-11.64037374395,-17.88722029379,0.));
#280 = CARTESIAN_POINT('',(-11.76574129348,-17.84771338104,0.));
#281 = CARTESIAN_POINT('',(-11.89236769814,-17.80180365516,0.));
#282 = CARTESIAN_POINT('',(-12.01953774752,-17.74944101506,0.));
#283 = CARTESIAN_POINT('',(-12.14651936308,-17.69065561443,0.));
#284 = CARTESIAN_POINT('',(-12.27257582335,-17.62555885646,0.));
#285 = CARTESIAN_POINT('',(-12.39697746722,-17.55434292184,0.));
#286 = CARTESIAN_POINT('',(-12.51901283191,-17.47727889698,0.));
#287 = CARTESIAN_POINT('',(-12.63799916797,-17.39471356573,0.));
#288 = CARTESIAN_POINT('',(-12.75329226422,-17.30706492596,0.));
#289 = CARTESIAN_POINT('',(-12.86429550885,-17.2148164905,0.));
#290 = CARTESIAN_POINT('',(-12.97046810961,-17.11851043052,0.));
#291 = CARTESIAN_POINT('',(-13.07133239394,-17.01873961706,0.));
#292 = CARTESIAN_POINT('',(-13.16648010946,-16.91613861195,0.));
#293 = CARTESIAN_POINT('',(-13.25557764597,-16.81137365346,0.));
#294 = CARTESIAN_POINT('',(-13.3383701009,-16.70513167168,0.));
#295 = CARTESIAN_POINT('',(-13.41468411106,-16.5981083542,0.));
#296 = CARTESIAN_POINT('',(-13.48442937425,-16.49099526191,0.));
#297 = CARTESIAN_POINT('',(-13.54759878402,-16.38446596497,0.));
#298 = CARTESIAN_POINT('',(-13.60426709929,-16.27916112838,0.));
#299 = CARTESIAN_POINT('',(-13.65458806753,-16.17567241982,0.));
#300 = CARTESIAN_POINT('',(-13.69878991535,-16.07452503397,0.));
#301 = CARTESIAN_POINT('',(-13.73716911406,-15.97615851951,0.));
#302 = CARTESIAN_POINT('',(-13.77008232034,-15.88090544405,0.));
#303 = CARTESIAN_POINT('',(-13.79793638755,-15.78896722192,0.));
#304 = CARTESIAN_POINT('',(-13.82117634474,-15.70038613284,0.));
#305 = CARTESIAN_POINT('',(-13.84027126159,-15.61501213852,0.));
#306 = CARTESIAN_POINT('',(-13.85569797912,-15.53246250211,0.));
#307 = CARTESIAN_POINT('',(-13.86792283225,-15.45207134889,0.));
#308 = CARTESIAN_POINT('',(-13.87738180642,-15.37282505371,0.));
#309 = CARTESIAN_POINT('',(-13.88446021722,-15.29327752984,0.));
#310 = CARTESIAN_POINT('',(-13.88947429082,-15.21143689588,0.));
#311 = CARTESIAN_POINT('',(-13.89265955047,-15.12461135252,0.));
#312 = CARTESIAN_POINT('',(-13.89417584518,-15.02919725232,0.));
#313 = CARTESIAN_POINT('',(-13.89414845843,-14.92038667668,0.));
#314 = CARTESIAN_POINT('',(-13.89278329117,-14.79176757157,0.));
#315 = CARTESIAN_POINT('',(-13.89062917603,-14.63479429895,0.));
#316 = CARTESIAN_POINT('',(-13.88912331095,-14.43814258991,0.));
#317 = CARTESIAN_POINT('',(-13.89165577299,-14.18708794532,0.));
#318 = CARTESIAN_POINT('',(-13.90549813651,-13.86338855602,0.));
#319 = CARTESIAN_POINT('',(-13.94486934145,-13.44691482475,0.));
#320 = CARTESIAN_POINT('',(-14.03452533924,-12.92143357787,0.));
#321 = CARTESIAN_POINT('',(-14.21044003326,-12.28707468368,0.));
#322 = CARTESIAN_POINT('',(-14.51012863624,-11.57667353719,0.));
#323 = CARTESIAN_POINT('',(-14.9483633903,-10.86062172713,0.));
#324 = CARTESIAN_POINT('',(-15.49394714373,-10.22256353045,0.));
#325 = CARTESIAN_POINT('',(-16.07696991194,-9.718016704651,0.));
#326 = CARTESIAN_POINT('',(-16.62592044192,-9.354684209742,0.));
#327 = CARTESIAN_POINT('',(-17.09797757899,-9.107033653314,0.));
#328 = CARTESIAN_POINT('',(-17.48190126357,-8.940891951624,0.));
#329 = CARTESIAN_POINT('',(-17.78548015151,-8.827698469239,0.));
#330 = CARTESIAN_POINT('',(-18.02346473339,-8.747709803014,0.));
#331 = CARTESIAN_POINT('',(-18.21095696061,-8.688373245749,0.));
#332 = CARTESIAN_POINT('',(-18.36091307261,-8.641914522091,0.));
#333 = CARTESIAN_POINT('',(-18.48365897052,-8.603467384021,0.));
#334 = CARTESIAN_POINT('',(-18.5871524405,-8.569869113332,0.));
#335 = CARTESIAN_POINT('',(-18.6774280814,-8.538942452903,0.));
#336 = CARTESIAN_POINT('',(-18.75901978084,-8.509082522511,0.));
#337 = CARTESIAN_POINT('',(-18.83530541511,-8.47902370842,0.));
#338 = CARTESIAN_POINT('',(-18.90877225681,-8.447710202964,0.));
#339 = CARTESIAN_POINT('',(-18.98121697847,-8.414225731987,0.));
#340 = CARTESIAN_POINT('',(-19.05389582122,-8.377756973219,0.));
#341 = CARTESIAN_POINT('',(-19.12763807296,-8.337576052461,0.));
#342 = CARTESIAN_POINT('',(-19.20293291277,-8.293033692233,0.));
#343 = CARTESIAN_POINT('',(-19.27999699304,-8.243558117609,0.));
#344 = CARTESIAN_POINT('',(-19.35882805816,-8.188656852412,0.));
#345 = CARTESIAN_POINT('',(-19.43924837619,-8.127919714019,0.));
#346 = CARTESIAN_POINT('',(-19.52094066613,-8.061022002354,0.));
#347 = CARTESIAN_POINT('',(-19.60347842438,-7.987727285785,0.));
#348 = CARTESIAN_POINT('',(-19.68635200066,-7.907889431369,0.));
#349 = CARTESIAN_POINT('',(-19.76899137923,-7.821453676766,0.));
#350 = CARTESIAN_POINT('',(-19.85078634013,-7.728456634813,0.));
#351 = CARTESIAN_POINT('',(-19.93110447293,-7.629025181939,0.));
#352 = CARTESIAN_POINT('',(-20.00930737036,-7.5233742214,0.));
#353 = CARTESIAN_POINT('',(-20.08476522386,-7.41180333975,0.));
#354 = CARTESIAN_POINT('',(-20.15686996737,-7.294692394478,0.));
#355 = CARTESIAN_POINT('',(-20.22504706079,-7.172496085408,0.));
#356 = CARTESIAN_POINT('',(-20.28876596508,-7.045737573631,0.));
#357 = CARTESIAN_POINT('',(-20.34754933301,-6.915001220627,0.));
#358 = CARTESIAN_POINT('',(-20.40098091966,-6.780924527233,0.));
#359 = CARTESIAN_POINT('',(-20.44871220358,-6.644189357542,0.));
#360 = CARTESIAN_POINT('',(-20.49046769994,-6.505512536772,0.));
#361 = CARTESIAN_POINT('',(-20.52604894135,-6.365635914628,0.));
#362 = CARTESIAN_POINT('',(-20.55533709795,-6.225315986519,0.));
#363 = CARTESIAN_POINT('',(-20.57829420534,-6.085313164071,0.));
#364 = CARTESIAN_POINT('',(-20.59496296649,-5.946380783328,0.));
#365 = CARTESIAN_POINT('',(-20.60546509013,-5.809253933521,0.));
#366 = CARTESIAN_POINT('',(-20.60999812311,-5.674638180733,0.));
#367 = CARTESIAN_POINT('',(-20.60883072657,-5.543198248388,0.));
#368 = CARTESIAN_POINT('',(-20.60229633379,-5.415546699285,0.));
#369 = CARTESIAN_POINT('',(-20.59078511014,-5.292232640194,0.));
#370 = CARTESIAN_POINT('',(-20.5747341103,-5.173730437814,0.));
#371 = CARTESIAN_POINT('',(-20.5546154921,-5.060428390855,0.));
#372 = CARTESIAN_POINT('',(-20.53092259647,-4.952617242495,0.));
#373 = CARTESIAN_POINT('',(-20.50415363393,-4.850478333623,0.));
#374 = CARTESIAN_POINT('',(-20.47479262416,-4.754071079548,0.));
#375 = CARTESIAN_POINT('',(-20.44328710681,-4.663319285491,0.));
#376 = CARTESIAN_POINT('',(-20.41002196933,-4.577995574949,0.));
#377 = CARTESIAN_POINT('',(-20.37528850678,-4.497702852141,0.));
#378 = CARTESIAN_POINT('',(-20.33924752456,-4.421851196354,0.));
#379 = CARTESIAN_POINT('',(-20.30188490422,-4.349627798826,0.));
#380 = CARTESIAN_POINT('',(-20.26295757146,-4.279956353758,0.));
#381 = CARTESIAN_POINT('',(-20.22192726471,-4.211440469607,0.));
#382 = CARTESIAN_POINT('',(-20.17787901779,-4.142282807392,0.));
#383 = CARTESIAN_POINT('',(-20.12942117306,-4.070167218617,0.));
#384 = CARTESIAN_POINT('',(-20.0745648803,-3.992084334389,0.));
#385 = CARTESIAN_POINT('',(-20.01058547229,-3.904070827057,0.));
#386 = CARTESIAN_POINT('',(-19.93388061564,-3.800818210396,0.));
#387 = CARTESIAN_POINT('',(-19.83987132522,-3.675090322296,0.));
#388 = CARTESIAN_POINT('',(-19.72306408037,-3.516880873003,0.));
#389 = CARTESIAN_POINT('',(-19.57754666759,-3.312284855169,0.));
#390 = CARTESIAN_POINT('',(-19.39847964771,-3.042270211026,0.));
#391 = CARTESIAN_POINT('',(-19.1855345044,-2.682194071087,0.));
#392 = CARTESIAN_POINT('',(-18.94919760298,-2.20437233886,0.));
#393 = CARTESIAN_POINT('',(-18.71864877734,-1.58776515011,0.));
#394 = CARTESIAN_POINT('',(-18.54353863305,-0.836886008673,0.));
#395 = CARTESIAN_POINT('',(-18.47719330278,-2.858890674484E-14,0.));
#396 = CARTESIAN_POINT('',(-18.54353863305,0.836886008673,0.));
#397 = CARTESIAN_POINT('',(-18.71864877734,1.58776515011,0.));
#398 = CARTESIAN_POINT('',(-18.94919760298,2.20437233886,0.));
#399 = CARTESIAN_POINT('',(-19.1855345044,2.682194071087,0.));
#400 = CARTESIAN_POINT('',(-19.39847964771,3.042270211026,0.));
#401 = CARTESIAN_POINT('',(-19.57754666759,3.312284855169,0.));
#402 = CARTESIAN_POINT('',(-19.72306408037,3.516880873003,0.));
#403 = CARTESIAN_POINT('',(-19.83987132522,3.675090322296,0.));
#404 = CARTESIAN_POINT('',(-19.93388061564,3.800818210396,0.));
#405 = CARTESIAN_POINT('',(-20.01058547229,3.904070827057,0.));
#406 = CARTESIAN_POINT('',(-20.0745648803,3.992084334389,0.));
#407 = CARTESIAN_POINT('',(-20.12942117306,4.070167218617,0.));
#408 = CARTESIAN_POINT('',(-20.17787901779,4.142282807392,0.));
#409 = CARTESIAN_POINT('',(-20.22192726471,4.211440469607,0.));
#410 = CARTESIAN_POINT('',(-20.26295757146,4.279956353758,0.));
#411 = CARTESIAN_POINT('',(-20.30188490422,4.349627798826,0.));
#412 = CARTESIAN_POINT('',(-20.33924752456,4.421851196354,0.));
#413 = CARTESIAN_POINT('',(-20.37528850678,4.497702852141,0.));
#414 = CARTESIAN_POINT('',(-20.41002196933,4.577995574949,0.));
#415 = CARTESIAN_POINT('',(-20.44328710681,4.663319285491,0.));
#416 = CARTESIAN_POINT('',(-20.47479262416,4.754071079548,0.));
#417 = CARTESIAN_POINT('',(-20.50415363393,4.850478333623,0.));
#418 = CARTESIAN_POINT('',(-20.53092259647,4.952617242494,0.));
#419 = CARTESIAN_POINT('',(-20.5546154921,5.060428390855,0.));
#420 = CARTESIAN_POINT('',(-20.5747341103,5.173730437814,0.));
#421 = CARTESIAN_POINT('',(-20.59078511014,5.292232640194,0.));
#422 = CARTESIAN_POINT('',(-20.60229633379,5.415546699285,0.));
#423 = CARTESIAN_POINT('',(-20.60883072657,5.543198248388,0.));
#424 = CARTESIAN_POINT('',(-20.60999812311,5.674638180733,0.));
#425 = CARTESIAN_POINT('',(-20.60546509013,5.809253933521,0.));
#426 = CARTESIAN_POINT('',(-20.59496296649,5.946380783328,0.));
#427 = CARTESIAN_POINT('',(-20.57829420534,6.085313164071,0.));
#428 = CARTESIAN_POINT('',(-20.55533709795,6.225315986519,0.));
#429 = CARTESIAN_POINT('',(-20.52604894135,6.365635914628,0.));
#430 = CARTESIAN_POINT('',(-20.49046769994,6.505512536772,0.));
#431 = CARTESIAN_POINT('',(-20.44871220358,6.644189357542,0.));
#432 = CARTESIAN_POINT('',(-20.40098091966,6.780924527233,0.));
#433 = CARTESIAN_POINT('',(-20.34754933301,6.915001220627,0.));
#434 = CARTESIAN_POINT('',(-20.28876596508,7.045737573631,0.));
#435 = CARTESIAN_POINT('',(-20.22504706079,7.172496085408,0.));
#436 = CARTESIAN_POINT('',(-20.15686996737,7.294692394478,0.));
#437 = CARTESIAN_POINT('',(-20.08476522386,7.41180333975,0.));
#438 = CARTESIAN_POINT('',(-20.00930737036,7.5233742214,0.));
#439 = CARTESIAN_POINT('',(-19.93110447293,7.629025181939,0.));
#440 = CARTESIAN_POINT('',(-19.85078634013,7.728456634813,0.));
#441 = CARTESIAN_POINT('',(-19.76899137923,7.821453676766,0.));
#442 = CARTESIAN_POINT('',(-19.68635200066,7.907889431369,0.));
#443 = CARTESIAN_POINT('',(-19.60347842438,7.987727285785,0.));
#444 = CARTESIAN_POINT('',(-19.52094066613,8.061022002354,0.));
#445 = CARTESIAN_POINT('',(-19.43924837619,8.127919714019,0.));
#446 = CARTESIAN_POINT('',(-19.35882805816,8.188656852412,0.));
#447 = CARTESIAN_POINT('',(-19.27999699304,8.243558117609,0.));
#448 = CARTESIAN_POINT('',(-19.20293291277,8.293033692233,0.));
#449 = CARTESIAN_POINT('',(-19.12763807296,8.337576052461,0.));
#450 = CARTESIAN_POINT('',(-19.05389582122,8.377756973219,0.));
#451 = CARTESIAN_POINT('',(-18.98121697847,8.414225731987,0.));
#452 = CARTESIAN_POINT('',(-18.90877225681,8.447710202964,0.));
#453 = CARTESIAN_POINT('',(-18.83530541511,8.47902370842,0.));
#454 = CARTESIAN_POINT('',(-18.75901978084,8.509082522511,0.));
#455 = CARTESIAN_POINT('',(-18.6774280814,8.538942452903,0.));
#456 = CARTESIAN_POINT('',(-18.5871524405,8.569869113332,0.));
#457 = CARTESIAN_POINT('',(-18.48365897052,8.603467384021,0.));
#458 = CARTESIAN_POINT('',(-18.36091307261,8.641914522091,0.));
#459 = CARTESIAN_POINT('',(-18.21095696061,8.688373245749,0.));
#460 = CARTESIAN_POINT('',(-18.02346473339,8.747709803014,0.));
#461 = CARTESIAN_POINT('',(-17.78548015151,8.827698469239,0.));
#462 = CARTESIAN_POINT('',(-17.48190126357,8.940891951624,0.));
#463 = CARTESIAN_POINT('',(-17.09797757899,9.107033653314,0.));
#464 = CARTESIAN_POINT('',(-16.62592044192,9.354684209742,0.));
#465 = CARTESIAN_POINT('',(-16.07696991194,9.718016704651,0.));
#466 = CARTESIAN_POINT('',(-15.49394714373,10.222563530453,0.));
#467 = CARTESIAN_POINT('',(-14.9483633903,10.860621727133,0.));
#468 = CARTESIAN_POINT('',(-14.51012863624,11.576673537194,0.));
#469 = CARTESIAN_POINT('',(-14.21044003326,12.287074683682,0.));
#470 = CARTESIAN_POINT('',(-14.03452533924,12.921433577879,0.));
#471 = CARTESIAN_POINT('',(-13.94486934145,13.446914824756,0.));
#472 = CARTESIAN_POINT('',(-13.90549813651,13.863388556026,0.));
#473 = CARTESIAN_POINT('',(-13.89165577299,14.187087945324,0.));
#474 = CARTESIAN_POINT('',(-13.88912331095,14.438142589917,0.));
#475 = CARTESIAN_POINT('',(-13.89062917603,14.63479429895,0.));
#476 = CARTESIAN_POINT('',(-13.89278329117,14.791767571572,0.));
#477 = CARTESIAN_POINT('',(-13.89414845843,14.920386676686,0.));
#478 = CARTESIAN_POINT('',(-13.89417584518,15.029197252329,0.));
#479 = CARTESIAN_POINT('',(-13.89265955047,15.124611352521,0.));
#480 = CARTESIAN_POINT('',(-13.88947429082,15.211436895886,0.));
#481 = CARTESIAN_POINT('',(-13.88446021722,15.29327752984,0.));
#482 = CARTESIAN_POINT('',(-13.87738180642,15.37282505371,0.));
#483 = CARTESIAN_POINT('',(-13.86792283225,15.452071348898,0.));
#484 = CARTESIAN_POINT('',(-13.85569797912,15.532462502114,0.));
#485 = CARTESIAN_POINT('',(-13.84027126159,15.615012138522,0.));
#486 = CARTESIAN_POINT('',(-13.82117634474,15.700386132847,0.));
#487 = CARTESIAN_POINT('',(-13.79793638755,15.788967221926,0.));
#488 = CARTESIAN_POINT('',(-13.77008232034,15.880905444054,0.));
#489 = CARTESIAN_POINT('',(-13.73716911406,15.976158519516,0.));
#490 = CARTESIAN_POINT('',(-13.69878991535,16.074525033979,0.));
#491 = CARTESIAN_POINT('',(-13.65458806753,16.175672419823,0.));
#492 = CARTESIAN_POINT('',(-13.60426709929,16.279161128382,0.));
#493 = CARTESIAN_POINT('',(-13.54759878402,16.38446596497,0.));
#494 = CARTESIAN_POINT('',(-13.48442937425,16.490995261919,0.));
#495 = CARTESIAN_POINT('',(-13.41468411106,16.598108354209,0.));
#496 = CARTESIAN_POINT('',(-13.3383701009,16.705131671683,0.));
#497 = CARTESIAN_POINT('',(-13.25557764597,16.811373653466,0.));
#498 = CARTESIAN_POINT('',(-13.16648010946,16.916138611952,0.));
#499 = CARTESIAN_POINT('',(-13.07133239394,17.018739617063,0.));
#500 = CARTESIAN_POINT('',(-12.97046810961,17.118510430527,0.));
#501 = CARTESIAN_POINT('',(-12.86429550885,17.214816490502,0.));
#502 = CARTESIAN_POINT('',(-12.75329226422,17.307064925969,0.));
#503 = CARTESIAN_POINT('',(-12.63799916797,17.394713565736,0.));
#504 = CARTESIAN_POINT('',(-12.51901283191,17.477278896983,0.));
#505 = CARTESIAN_POINT('',(-12.39697746722,17.554342921849,0.));
#506 = CARTESIAN_POINT('',(-12.27257582335,17.625558856466,0.));
#507 = CARTESIAN_POINT('',(-12.14651936308,17.690655614438,0.));
#508 = CARTESIAN_POINT('',(-12.01953774752,17.749441015068,0.));
#509 = CARTESIAN_POINT('',(-11.89236769814,17.801803655166,0.));
#510 = CARTESIAN_POINT('',(-11.76574129348,17.847713381043,0.));
#511 = CARTESIAN_POINT('',(-11.64037374395,17.887220293793,0.));
#512 = CARTESIAN_POINT('',(-11.51695066794,17.920452214993,0.));
#513 = CARTESIAN_POINT('',(-11.39611486476,17.947610530633,0.));
#514 = CARTESIAN_POINT('',(-11.27845254126,17.968964317045,0.));
#515 = CARTESIAN_POINT('',(-11.16447889627,17.98484263212,0.));
#516 = CARTESIAN_POINT('',(-11.05462289369,17.995624826365,0.));
#517 = CARTESIAN_POINT('',(-10.9492109545,18.001728688736,0.));
#518 = CARTESIAN_POINT('',(-10.8484491563,18.003596188961,0.));
#519 = CARTESIAN_POINT('',(-10.75240333092,18.001676508017,0.));
#520 = CARTESIAN_POINT('',(-10.66097616721,17.99640595883,0.));
#521 = CARTESIAN_POINT('',(-10.57388001977,17.98818428881,0.));
#522 = CARTESIAN_POINT('',(-10.49060353226,17.977346728509,0.));
#523 = CARTESIAN_POINT('',(-10.41036931478,17.964131022195,0.));
#524 = CARTESIAN_POINT('',(-10.33207862558,17.948638589262,0.));
#525 = CARTESIAN_POINT('',(-10.25423708541,17.930789021246,0.));
#526 = CARTESIAN_POINT('',(-10.17485258324,17.910267541893,0.));
#527 = CARTESIAN_POINT('',(-10.09129228508,17.886466335393,0.));
#528 = CARTESIAN_POINT('',(-10.00007952251,17.858423838898,0.));
#529 = CARTESIAN_POINT('',(-9.896602978483,17.824773475504,0.));
#530 = CARTESIAN_POINT('',(-9.774700800325,17.783729635011,0.));
#531 = CARTESIAN_POINT('',(-9.626076004701,17.733173540864,0.));
#532 = CARTESIAN_POINT('',(-9.439514453286,17.670972658,0.));
#533 = CARTESIAN_POINT('',(-9.199964723791,17.595801020833,0.));
#534 = CARTESIAN_POINT('',(-8.887830784709,17.508937278494,0.));
#535 = CARTESIAN_POINT('',(-8.479574357303,17.417684058838,0.));
#536 = CARTESIAN_POINT('',(-7.952106766306,17.340569344246,0.));
#537 = CARTESIAN_POINT('',(-7.294434976294,17.311846481474,0.));
#538 = CARTESIAN_POINT('',(-6.526194465406,17.3773412531,0.));
#539 = CARTESIAN_POINT('',(-5.709766738911,17.572855093457,0.));
#540 = CARTESIAN_POINT('',(-4.934342681517,17.894565251169,0.));
#541 = CARTESIAN_POINT('',(-4.274326191577,18.293139310395,0.));
#542 = CARTESIAN_POINT('',(-3.759141411877,18.702946373522,0.));
#543 = CARTESIAN_POINT('',(-3.377738058751,19.075371159193,0.));
#544 = CARTESIAN_POINT('',(-3.101088967655,19.38916367187,0.));
#545 = CARTESIAN_POINT('',(-2.899624533122,19.642905641749,0.));
#546 = CARTESIAN_POINT('',(-2.750009510679,19.844524571901,0.));
#547 = CARTESIAN_POINT('',(-2.635638806715,20.004504271769,0.));
#548 = CARTESIAN_POINT('',(-2.545114947823,20.132764474096,0.));
#549 = CARTESIAN_POINT('',(-2.470618978181,20.237621941112,0.));
#550 = CARTESIAN_POINT('',(-2.406683882876,20.325667643506,0.));
#551 = CARTESIAN_POINT('',(-2.349374173731,20.401968016394,0.));
#552 = CARTESIAN_POINT('',(-2.295762470631,20.470339107876,0.));
#553 = CARTESIAN_POINT('',(-2.243601282202,20.533602373059,0.));
#554 = CARTESIAN_POINT('',(-2.191117866182,20.593797086251,0.));
#555 = CARTESIAN_POINT('',(-2.136885591718,20.65234884028,0.));
#556 = CARTESIAN_POINT('',(-2.07974274351,20.71020106105,0.));
#557 = CARTESIAN_POINT('',(-2.018740808001,20.76791752273,0.));
#558 = CARTESIAN_POINT('',(-1.953111120965,20.825762824496,0.));
#559 = CARTESIAN_POINT('',(-1.882242942862,20.883766326843,0.));
#560 = CARTESIAN_POINT('',(-1.805668598037,20.941773701054,0.));
#561 = CARTESIAN_POINT('',(-1.723052901821,20.99948916061,0.));
#562 = CARTESIAN_POINT('',(-1.634185091318,21.056510615495,0.));
#563 = CARTESIAN_POINT('',(-1.538972103536,21.112359375303,0.));
#564 = CARTESIAN_POINT('',(-1.437432448392,21.166505576244,0.));
#565 = CARTESIAN_POINT('',(-1.329690188352,21.218390178644,0.));
#566 = CARTESIAN_POINT('',(-1.215968712637,21.267444142813,0.));
#567 = CARTESIAN_POINT('',(-1.096584113464,21.313105217676,0.));
#568 = CARTESIAN_POINT('',(-0.971938054675,21.354832650593,0.));
#569 = CARTESIAN_POINT('',(-0.842510081562,21.392120035361,0.));
#570 = CARTESIAN_POINT('',(-0.708849362813,21.424506449214,0.));
#571 = CARTESIAN_POINT('',(-0.571565886311,21.451585982021,0.));
#572 = CARTESIAN_POINT('',(-0.431321153399,21.473015726843,0.));
#573 = CARTESIAN_POINT('',(-0.288818433282,21.488522277096,0.));
#574 = CARTESIAN_POINT('',(-0.144792652036,21.497906758947,0.));
#575 = CARTESIAN_POINT('',(2.254426320399E-15,21.501048416387,0.));
#576 = CARTESIAN_POINT('',(0.144792652036,21.497906758947,0.));
#577 = CARTESIAN_POINT('',(0.288818433282,21.488522277096,0.));
#578 = CARTESIAN_POINT('',(0.431321153399,21.473015726843,0.));
#579 = CARTESIAN_POINT('',(0.571565886311,21.451585982021,0.));
#580 = CARTESIAN_POINT('',(0.708849362813,21.424506449214,0.));
#581 = CARTESIAN_POINT('',(0.842510081562,21.392120035361,0.));
#582 = CARTESIAN_POINT('',(0.971938054675,21.354832650593,0.));
#583 = CARTESIAN_POINT('',(1.096584113464,21.313105217676,0.));
#584 = CARTESIAN_POINT('',(1.215968712637,21.267444142813,0.));
#585 = CARTESIAN_POINT('',(1.329690188352,21.218390178644,0.));
#586 = CARTESIAN_POINT('',(1.437432448392,21.166505576244,0.));
#587 = CARTESIAN_POINT('',(1.538972103536,21.112359375303,0.));
#588 = CARTESIAN_POINT('',(1.634185091318,21.056510615495,0.));
#589 = CARTESIAN_POINT('',(1.723052901821,20.99948916061,0.));
#590 = CARTESIAN_POINT('',(1.805668598037,20.941773701054,0.));
#591 = CARTESIAN_POINT('',(1.882242942862,20.883766326843,0.));
#592 = CARTESIAN_POINT('',(1.953111120965,20.825762824496,0.));
#593 = CARTESIAN_POINT('',(2.018740808001,20.76791752273,0.));
#594 = CARTESIAN_POINT('',(2.07974274351,20.71020106105,0.));
#595 = CARTESIAN_POINT('',(2.136885591718,20.65234884028,0.));
#596 = CARTESIAN_POINT('',(2.191117866182,20.593797086251,0.));
#597 = CARTESIAN_POINT('',(2.243601282202,20.533602373059,0.));
#598 = CARTESIAN_POINT('',(2.295762470631,20.470339107876,0.));
#599 = CARTESIAN_POINT('',(2.349374173731,20.401968016394,0.));
#600 = CARTESIAN_POINT('',(2.406683882876,20.325667643506,0.));
#601 = CARTESIAN_POINT('',(2.470618978181,20.237621941112,0.));
#602 = CARTESIAN_POINT('',(2.545114947823,20.132764474096,0.));
#603 = CARTESIAN_POINT('',(2.635638806715,20.004504271769,0.));
#604 = CARTESIAN_POINT('',(2.750009510679,19.844524571901,0.));
#605 = CARTESIAN_POINT('',(2.899624533122,19.642905641749,0.));
#606 = CARTESIAN_POINT('',(3.101088967655,19.38916367187,0.));
#607 = CARTESIAN_POINT('',(3.377738058751,19.075371159193,0.));
#608 = CARTESIAN_POINT('',(3.759141411877,18.702946373522,0.));
#609 = CARTESIAN_POINT('',(4.274326191577,18.293139310395,0.));
#610 = CARTESIAN_POINT('',(4.934342681517,17.894565251169,0.));
#611 = CARTESIAN_POINT('',(5.709766738911,17.572855093457,0.));
#612 = CARTESIAN_POINT('',(6.526194465406,17.3773412531,0.));
#613 = CARTESIAN_POINT('',(7.294434976294,17.311846481474,0.));
#614 = CARTESIAN_POINT('',(7.952106766305,17.340569344246,0.));
#615 = CARTESIAN_POINT('',(8.479574357303,17.417684058838,0.));
#616 = CARTESIAN_POINT('',(8.887830784709,17.508937278494,0.));
#617 = CARTESIAN_POINT('',(9.199964723791,17.595801020833,0.));
#618 = CARTESIAN_POINT('',(9.439514453286,17.670972658,0.));
#619 = CARTESIAN_POINT('',(9.626076004701,17.733173540864,0.));
#620 = CARTESIAN_POINT('',(9.774700800325,17.783729635011,0.));
#621 = CARTESIAN_POINT('',(9.896602978483,17.824773475504,0.));
#622 = CARTESIAN_POINT('',(10.000079522516,17.858423838898,0.));
#623 = CARTESIAN_POINT('',(10.091292285085,17.886466335393,0.));
#624 = CARTESIAN_POINT('',(10.174852583247,17.910267541893,0.));
#625 = CARTESIAN_POINT('',(10.254237085419,17.930789021246,0.));
#626 = CARTESIAN_POINT('',(10.332078625582,17.948638589262,0.));
#627 = CARTESIAN_POINT('',(10.410369314781,17.964131022195,0.));
#628 = CARTESIAN_POINT('',(10.490603532269,17.977346728509,0.));
#629 = CARTESIAN_POINT('',(10.573880019776,17.98818428881,0.));
#630 = CARTESIAN_POINT('',(10.660976167216,17.99640595883,0.));
#631 = CARTESIAN_POINT('',(10.752403330923,18.001676508017,0.));
#632 = CARTESIAN_POINT('',(10.848449156305,18.003596188961,0.));
#633 = CARTESIAN_POINT('',(10.949210954502,18.001728688736,0.));
#634 = CARTESIAN_POINT('',(11.054622893698,17.995624826365,0.));
#635 = CARTESIAN_POINT('',(11.164478896272,17.98484263212,0.));
#636 = CARTESIAN_POINT('',(11.278452541268,17.968964317045,0.));
#637 = CARTESIAN_POINT('',(11.396114864764,17.947610530633,0.));
#638 = CARTESIAN_POINT('',(11.516950667948,17.920452214993,0.));
#639 = CARTESIAN_POINT('',(11.640373743954,17.887220293793,0.));
#640 = CARTESIAN_POINT('',(11.765741293481,17.847713381043,0.));
#641 = CARTESIAN_POINT('',(11.89236769814,17.801803655166,0.));
#642 = CARTESIAN_POINT('',(12.019537747526,17.749441015068,0.));
#643 = CARTESIAN_POINT('',(12.146519363085,17.690655614438,0.));
#644 = CARTESIAN_POINT('',(12.27257582335,17.625558856466,0.));
#645 = CARTESIAN_POINT('',(12.396977467221,17.554342921849,0.));
#646 = CARTESIAN_POINT('',(12.51901283191,17.477278896983,0.));
#647 = CARTESIAN_POINT('',(12.637999167979,17.394713565736,0.));
#648 = CARTESIAN_POINT('',(12.753292264225,17.307064925969,0.));
#649 = CARTESIAN_POINT('',(12.86429550885,17.214816490502,0.));
#650 = CARTESIAN_POINT('',(12.970468109616,17.118510430527,0.));
#651 = CARTESIAN_POINT('',(13.071332393947,17.018739617063,0.));
#652 = CARTESIAN_POINT('',(13.166480109461,16.916138611952,0.));
#653 = CARTESIAN_POINT('',(13.255577645972,16.811373653466,0.));
#654 = CARTESIAN_POINT('',(13.338370100904,16.705131671683,0.));
#655 = CARTESIAN_POINT('',(13.414684111061,16.598108354209,0.));
#656 = CARTESIAN_POINT('',(13.484429374251,16.490995261919,0.));
#657 = CARTESIAN_POINT('',(13.547598784025,16.38446596497,0.));
#658 = CARTESIAN_POINT('',(13.604267099298,16.279161128382,0.));
#659 = CARTESIAN_POINT('',(13.654588067532,16.175672419823,0.));
#660 = CARTESIAN_POINT('',(13.698789915358,16.074525033979,0.));
#661 = CARTESIAN_POINT('',(13.737169114063,15.976158519516,0.));
#662 = CARTESIAN_POINT('',(13.770082320347,15.880905444054,0.));
#663 = CARTESIAN_POINT('',(13.797936387558,15.788967221926,0.));
#664 = CARTESIAN_POINT('',(13.821176344743,15.700386132847,0.));
#665 = CARTESIAN_POINT('',(13.840271261598,15.615012138522,0.));
#666 = CARTESIAN_POINT('',(13.855697979124,15.532462502114,0.));
#667 = CARTESIAN_POINT('',(13.867922832251,15.452071348898,0.));
#668 = CARTESIAN_POINT('',(13.877381806421,15.37282505371,0.));
#669 = CARTESIAN_POINT('',(13.884460217225,15.29327752984,0.));
#670 = CARTESIAN_POINT('',(13.889474290824,15.211436895886,0.));
#671 = CARTESIAN_POINT('',(13.892659550474,15.124611352521,0.));
#672 = CARTESIAN_POINT('',(13.894175845186,15.029197252329,0.));
#673 = CARTESIAN_POINT('',(13.89414845843,14.920386676686,0.));
#674 = CARTESIAN_POINT('',(13.892783291178,14.791767571572,0.));
#675 = CARTESIAN_POINT('',(13.890629176034,14.63479429895,0.));
#676 = CARTESIAN_POINT('',(13.889123310951,14.438142589918,0.));
#677 = CARTESIAN_POINT('',(13.891655772995,14.187087945324,0.));
#678 = CARTESIAN_POINT('',(13.905498136511,13.863388556026,0.));
#679 = CARTESIAN_POINT('',(13.944869341455,13.446914824757,0.));
#680 = CARTESIAN_POINT('',(14.03452533924,12.921433577879,0.));
#681 = CARTESIAN_POINT('',(14.210440033269,12.287074683682,0.));
#682 = CARTESIAN_POINT('',(14.51012863624,11.576673537194,0.));
#683 = CARTESIAN_POINT('',(14.948363390302,10.860621727133,0.));
#684 = CARTESIAN_POINT('',(15.493947143735,10.222563530453,0.));
#685 = CARTESIAN_POINT('',(16.076969911947,9.718016704651,0.));
#686 = CARTESIAN_POINT('',(16.625920441928,9.354684209742,0.));
#687 = CARTESIAN_POINT('',(17.097977578999,9.107033653314,0.));
#688 = CARTESIAN_POINT('',(17.481901263571,8.940891951624,0.));
#689 = CARTESIAN_POINT('',(17.785480151515,8.827698469239,0.));
#690 = CARTESIAN_POINT('',(18.023464733393,8.747709803014,0.));
#691 = CARTESIAN_POINT('',(18.210956960611,8.688373245749,0.));
#692 = CARTESIAN_POINT('',(18.36091307261,8.641914522091,0.));
#693 = CARTESIAN_POINT('',(18.483658970529,8.603467384021,0.));
#694 = CARTESIAN_POINT('',(18.587152440509,8.569869113332,0.));
#695 = CARTESIAN_POINT('',(18.677428081409,8.538942452903,0.));
#696 = CARTESIAN_POINT('',(18.759019780844,8.509082522511,0.));
#697 = CARTESIAN_POINT('',(18.83530541511,8.47902370842,0.));
#698 = CARTESIAN_POINT('',(18.90877225681,8.447710202964,0.));
#699 = CARTESIAN_POINT('',(18.981216978473,8.414225731987,0.));
#700 = CARTESIAN_POINT('',(19.053895821221,8.377756973219,0.));
#701 = CARTESIAN_POINT('',(19.127638072962,8.337576052461,0.));
#702 = CARTESIAN_POINT('',(19.202932912773,8.293033692233,0.));
#703 = CARTESIAN_POINT('',(19.279996993043,8.243558117609,0.));
#704 = CARTESIAN_POINT('',(19.358828058163,8.188656852412,0.));
#705 = CARTESIAN_POINT('',(19.439248376198,8.127919714019,0.));
#706 = CARTESIAN_POINT('',(19.520940666133,8.061022002354,0.));
#707 = CARTESIAN_POINT('',(19.603478424386,7.987727285785,0.));
#708 = CARTESIAN_POINT('',(19.686352000666,7.907889431369,0.));
#709 = CARTESIAN_POINT('',(19.768991379238,7.821453676766,0.));
#710 = CARTESIAN_POINT('',(19.850786340133,7.728456634813,0.));
#711 = CARTESIAN_POINT('',(19.931104472933,7.629025181939,0.));
#712 = CARTESIAN_POINT('',(20.009307370365,7.5233742214,0.));
#713 = CARTESIAN_POINT('',(20.084765223863,7.41180333975,0.));
#714 = CARTESIAN_POINT('',(20.156869967372,7.294692394478,0.));
#715 = CARTESIAN_POINT('',(20.225047060791,7.172496085408,0.));
#716 = CARTESIAN_POINT('',(20.288765965089,7.045737573631,0.));
#717 = CARTESIAN_POINT('',(20.347549333013,6.915001220627,0.));
#718 = CARTESIAN_POINT('',(20.400980919663,6.780924527233,0.));
#719 = CARTESIAN_POINT('',(20.448712203583,6.644189357542,0.));
#720 = CARTESIAN_POINT('',(20.490467699942,6.505512536772,0.));
#721 = CARTESIAN_POINT('',(20.526048941359,6.365635914628,0.));
#722 = CARTESIAN_POINT('',(20.555337097956,6.225315986519,0.));
#723 = CARTESIAN_POINT('',(20.578294205342,6.085313164071,0.));
#724 = CARTESIAN_POINT('',(20.594962966494,5.946380783328,0.));
#725 = CARTESIAN_POINT('',(20.605465090133,5.809253933521,0.));
#726 = CARTESIAN_POINT('',(20.609998123114,5.674638180733,0.));
#727 = CARTESIAN_POINT('',(20.608830726577,5.543198248388,0.));
#728 = CARTESIAN_POINT('',(20.602296333798,5.415546699285,0.));
#729 = CARTESIAN_POINT('',(20.590785110147,5.292232640194,0.));
#730 = CARTESIAN_POINT('',(20.574734110304,5.173730437814,0.));
#731 = CARTESIAN_POINT('',(20.554615492109,5.060428390855,0.));
#732 = CARTESIAN_POINT('',(20.530922596476,4.952617242494,0.));
#733 = CARTESIAN_POINT('',(20.504153633938,4.850478333623,0.));
#734 = CARTESIAN_POINT('',(20.474792624168,4.754071079548,0.));
#735 = CARTESIAN_POINT('',(20.443287106816,4.663319285491,0.));
#736 = CARTESIAN_POINT('',(20.410021969335,4.577995574949,0.));
#737 = CARTESIAN_POINT('',(20.375288506783,4.497702852141,0.));
#738 = CARTESIAN_POINT('',(20.339247524567,4.421851196354,0.));
#739 = CARTESIAN_POINT('',(20.301884904225,4.349627798826,0.));
#740 = CARTESIAN_POINT('',(20.262957571468,4.279956353758,0.));
#741 = CARTESIAN_POINT('',(20.221927264714,4.211440469607,0.));
#742 = CARTESIAN_POINT('',(20.177879017791,4.142282807392,0.));
#743 = CARTESIAN_POINT('',(20.129421173063,4.070167218618,0.));
#744 = CARTESIAN_POINT('',(20.074564880316,3.992084334383,0.));
#745 = CARTESIAN_POINT('',(20.010585472236,3.904070827082,0.));
#746 = CARTESIAN_POINT('',(19.933880615929,3.800818210277,0.));
#747 = CARTESIAN_POINT('',(19.839871323747,3.67509032291,0.));
#748 = CARTESIAN_POINT('',(19.723064088263,3.516880869738,0.));
#749 = CARTESIAN_POINT('',(19.577546624487,3.312284873023,0.));
#750 = CARTESIAN_POINT('',(19.39847988692,3.042270111963,0.));
#751 = CARTESIAN_POINT('',(19.185533179089,2.682194619954,0.));
#752 = CARTESIAN_POINT('',(18.949204773602,2.204369369209,0.));
#753 = CARTESIAN_POINT('',(18.718612036039,1.587780366218,0.));
#754 = CARTESIAN_POINT('',(18.543710406362,0.836814870179,0.));
#755 = CARTESIAN_POINT('',(18.499594350249,0.287853742081,-0.));
#756 = CARTESIAN_POINT('',(18.5,1.24035722155E-14,0.));
#757 = VECTOR('',#758,1.);
#758 = DIRECTION('',(-0.,-0.,-1.));
#759 = DEFINITIONAL_REPRESENTATION('',(#760),#764);
#760 = LINE('',#761,#762);
#761 = CARTESIAN_POINT('',(0.,0.));
#762 = VECTOR('',#763,1.);
#763 = DIRECTION('',(0.,-1.));
#764 = ( GEOMETRIC_REPRESENTATION_CONTEXT(2) 
PARAMETRIC_REPRESENTATION_CONTEXT() REPRESENTATION_CONTEXT('2D SPACE',''
  ) );
#765 = PCURVE('',#32,#766);
#766 = DEFINITIONAL_REPRESENTATION('',(#767),#771);
#767 = LINE('',#768,#769);
#768 = CARTESIAN_POINT('',(143.25015601723,0.));
#769 = VECTOR('',#770,1.);
#770 = DIRECTION('',(0.,-1.));
#771 = ( GEOMETRIC_REPRESENTATION_CONTEXT(2) 
PARAMETRIC_REPRESENTATION_CONTEXT() REPRESENTATION_CONTEXT('2D SPACE',''
  ) );
#772 = ORIENTED_EDGE('',*,*,#773,.T.);
#773 = EDGE_CURVE('',#24,#24,#774,.T.);
#774 = SURFACE_CURVE('',#775,(#1499,#1506),.PCURVE_S1.);
#775 = B_SPLINE_CURVE_WITH_KNOTS('',3,(#776,#777,#778,#779,#780,#781,
    #782,#783,#784,#785,#786,#787,#788,#789,#790,#791,#792,#793,#794,
    #795,#796,#797,#798,#799,#800,#801,#802,#803,#804,#805,#806,#807,
    #808,#809,#810,#811,#812,#813,#814,#815,#816,#817,#818,#819,#820,
    #821,#822,#823,#824,#825,#826,#827,#828,#829,#830,#831,#832,#833,
    #834,#835,#836,#837,#838,#839,#840,#841,#842,#843,#844,#845,#846,
    #847,#848,#849,#850,#851,#852,#853,#854,#855,#856,#857,#858,#859,
    #860,#861,#862,#863,#864,#865,#866,#867,#868,#869,#870,#871,#872,
    #873,#874,#875,#876,#877,#878,#879,#880,#881,#882,#883,#884,#885,
    #886,#887,#888,#889,#890,#891,#892,#893,#894,#895,#896,#897,#898,
    #899,#900,#901,#902,#903,#904,#905,#906,#907,#908,#909,#910,#911,
    #912,#913,#914,#915,#916,#917,#918,#919,#920,#921,#922,#923,#924,
    #925,#926,#927,#928,#929,#930,#931,#932,#933,#934,#935,#936,#937,
    #938,#939,#940,#941,#942,#943,#944,#945,#946,#947,#948,#949,#950,
    #951,#952,#953,#954,#955,#956,#957,#958,#959,#960,#961,#962,#963,
    #964,#965,#966,#967,#968,#969,#970,#971,#972,#973,#974,#975,#976,
    #977,#978,#979,#980,#981,#982,#983,#984,#985,#986,#987,#988,#989,
    #990,#991,#992,#993,#994,#995,#996,#997,#998,#999,#1000,#1001,#1002,
    #1003,#1004,#1005,#1006,#1007,#1008,#1009,#1010,#1011,#1012,#1013,
    #1014,#1015,#1016,#1017,#1018,#1019,#1020,#1021,#1022,#1023,#1024,
    #1025,#1026,#1027,#1028,#1029,#1030,#1031,#1032,#1033,#1034,#1035,
    #1036,#1037,#1038,#1039,#1040,#1041,#1042,#1043,#1044,#1045,#1046,
    #1047,#1048,#1049,#1050,#1051,#1052,#1053,#1054,#1055,#1056,#1057,
    #1058,#1059,#1060,#1061,#1062,#1063,#1064,#1065,#1066,#1067,#1068,
    #1069,#1070,#1071,#1072,#1073,#1074,#1075,#1076,#1077,#1078,#1079,
    #1080,#1081,#1082,#1083,#1084,#1085,#1086,#1087,#1088,#1089,#1090,
    #1091,#1092,#1093,#1094,#1095,#1096,#1097,#1098,#1099,#1100,#1101,
    #1102,#1103,#1104,#1105,#1106,#1107,#1108,#1109,#1110,#1111,#1112,
    #1113,#1114,#1115,#1116,#1117,#1118,#1119,#1120,#1121,#1122,#1123,
    #1124,#1125,#1126,#1127,#1128,#1129,#1130,#1131,#1132,#1133,#1134,
    #1135,#1136,#1137,#1138,#1139,#1140,#1141,#1142,#1143,#1144,#1145,
    #1146,#1147,#1148,#1149,#1150,#1151,#1152,#1153,#1154,#1155,#1156,
    #1157,#1158,#1159,#1160,#1161,#1162,#1163,#1164,#1165,#1166,#1167,
    #1168,#1169,#1170,#1171,#1172,#1173,#1174,#1175,#1176,#1177,#1178,
    #1179,#1180,#1181,#1182,#1183,#1184,#1185,#1186,#1187,#1188,#1189,
    #1190,#1191,#1192,#1193,#1194,#1195,#1196,#1197,#1198,#1199,#1200,
    #1201,#1202,#1203,#1204,#1205,#1206,#1207,#1208,#1209,#1210,#1211,
    #1212,#1213,#1214,#1215,#1216,#1217,#1218,#1219,#1220,#1221,#1222,
    #1223,#1224,#1225,#1226,#1227,#1228,#1229,#1230,#1231,#1232,#1233,
    #1234,#1235,#1236,#1237,#1238,#1239,#1240,#1241,#1242,#1243,#1244,
    #1245,#1246,#1247,#1248,#1249,#1250,#1251,#1252,#1253,#1254,#1255,
    #1256,#1257,#1258,#1259,#1260,#1261,#1262,#1263,#1264,#1265,#1266,
    #1267,#1268,#1269,#1270,#1271,#1272,#1273,#1274,#1275,#1276,#1277,
    #1278,#1279,#1280,#1281,#1282,#1283,#1284,#1285,#1286,#1287,#1288,
    #1289,#1290,#1291,#1292,#1293,#1294,#1295,#1296,#1297,#1298,#1299,
    #1300,#1301,#1302,#1303,#1304,#1305,#1306,#1307,#1308,#1309,#1310,
    #1311,#1312,#1313,#1314,#1315,#1316,#1317,#1318,#1319,#1320,#1321,
    #1322,#1323,#1324,#1325,#1326,#1327,#1328,#1329,#1330,#1331,#1332,
    #1333,#1334,#1335,#1336,#1337,#1338,#1339,#1340,#1341,#1342,#1343,
    #1344,#1345,#1346,#1347,#1348,#1349,#1350,#1351,#1352,#1353,#1354,
    #1355,#1356,#1357,#1358,#1359,#1360,#1361,#1362,#1363,#1364,#1365,
    #1366,#1367,#1368,#1369,#1370,#1371,#1372,#1373,#1374,#1375,#1376,
    #1377,#1378,#1379,#1380,#1381,#1382,#1383,#1384,#1385,#1386,#1387,
    #1388,#1389,#1390,#1391,#1392,#1393,#1394,#1395,#1396,#1397,#1398,
    #1399,#1400,#1401,#1402,#1403,#1404,#1405,#1406,#1407,#1408,#1409,
    #1410,#1411,#1412,#1413,#1414,#1415,#1416,#1417,#1418,#1419,#1420,
    #1421,#1422,#1423,#1424,#1425,#1426,#1427,#1428,#1429,#1430,#1431,
    #1432,#1433,#1434,#1435,#1436,#1437,#1438,#1439,#1440,#1441,#1442,
    #1443,#1444,#1445,#1446,#1447,#1448,#1449,#1450,#1451,#1452,#1453,
    #1454,#1455,#1456,#1457,#1458,#1459,#1460,#1461,#1462,#1463,#1464,
    #1465,#1466,#1467,#1468,#1469,#1470,#1471,#1472,#1473,#1474,#1475,
    #1476,#1477,#1478,#1479,#1480,#1481,#1482,#1483,#1484,#1485,#1486,
    #1487,#1488,#1489,#1490,#1491,#1492,#1493,#1494,#1495,#1496,#1497,
    #1498),.UNSPECIFIED.,.T.,.F.,(4,1,1,1,1,1,1,1,1,1,1,1,1,1,1,1,1,1,1,
    1,1,1,1,1,1,1,1,1,1,1,1,1,1,1,1,1,1,1,1,1,1,1,1,1,1,1,1,1,1,1,1,1,1,
    1,1,1,1,1,1,1,1,1,1,1,1,1,1,1,1,1,1,1,1,1,1,1,1,1,1,1,1,1,1,1,1,1,1,
    1,1,1,1,1,1,1,1,1,1,1,1,1,1,1,1,1,1,1,1,1,1,1,1,1,1,1,1,1,1,1,1,1,1,
    1,1,1,1,1,1,1,1,1,1,1,1,1,1,1,1,1,1,1,1,1,1,1,1,1,1,1,1,1,1,1,1,1,1,
    1,1,1,1,1,1,1,1,1,1,1,1,1,1,1,1,1,1,1,1,1,1,1,1,1,1,1,1,1,1,1,1,1,1,
    1,1,1,1,1,1,1,1,1,1,1,1,1,1,1,1,1,1,1,1,1,1,1,1,1,1,1,1,1,1,1,1,1,1,
    1,1,1,1,1,1,1,1,1,1,1,1,1,1,1,1,1,1,1,1,1,1,1,1,1,1,1,1,1,1,1,1,1,1,
    1,1,1,1,1,1,1,1,1,1,1,1,1,1,1,1,1,1,1,1,1,1,1,1,1,1,1,1,1,1,1,1,1,1,
    1,1,1,1,1,1,1,1,1,1,1,1,1,1,1,1,1,1,1,1,1,1,1,1,1,1,1,1,1,1,1,1,1,1,
    1,1,1,1,1,1,1,1,1,1,1,1,1,1,1,1,1,1,1,1,1,1,1,1,1,1,1,1,1,1,1,1,1,1,
    1,1,1,1,1,1,1,1,1,1,1,1,1,1,1,1,1,1,1,1,1,1,1,1,1,1,1,1,1,1,1,1,1,1,
    1,1,1,1,1,1,1,1,1,1,1,1,1,1,1,1,1,1,1,1,1,1,1,1,1,1,1,1,1,1,1,1,1,1,
    1,1,1,1,1,1,1,1,1,1,1,1,1,1,1,1,1,1,1,1,1,1,1,1,1,1,1,1,1,1,1,1,1,1,
    1,1,1,1,1,1,1,1,1,1,1,1,1,1,1,1,1,1,1,1,1,1,1,1,1,1,1,1,1,1,1,1,1,1,
    1,1,1,1,1,1,1,1,1,1,1,1,1,1,1,1,1,1,1,1,1,1,1,1,1,1,1,1,1,1,1,1,1,1,
    1,1,1,1,1,1,1,1,1,1,1,1,1,1,1,1,1,1,1,1,1,1,1,1,1,1,1,1,1,1,1,1,1,1,
    1,1,1,1,1,1,1,1,1,1,1,1,1,1,1,1,1,1,1,1,1,1,1,1,1,1,1,1,1,1,1,1,1,1,
    1,1,1,1,1,1,1,1,1,1,1,1,1,1,1,1,1,1,1,1,1,1,1,1,1,1,1,1,1,1,1,1,1,1,
    1,1,1,1,1,1,1,1,1,1,1,1,1,1,1,1,1,1,1,1,1,1,1,1,1,1,1,1,1,1,1,1,1,1,
    1,1,1,1,1,1,1,1,1,1,1,1,1,1,1,1,1,1,1,1,1,1,1,1,1,1,1,1,1,1,1,1,1,1,
    1,1,1,1,1,1,1,1,1,1,1,1,1,1,1,1,1,1,1,1,1,4),(0.,0.86213979732,
    1.645849371225,2.305329874721,2.832656798366,3.243055188608,
    3.559528873786,3.80437650162,3.996186641957,4.149490719337,
    4.275341611475,4.38206309832,4.475912987067,4.561603837922,
    4.642692719992,4.721867519123,4.801156279213,4.882080687573,
    4.965769373279,5.053042299577,5.144474276276,5.24044328863,
    5.341167697335,5.446735212304,5.557125733724,5.672229582956,
    5.791862240474,5.915776418106,6.043672083905,6.175204906274,
    6.309993472997,6.447625559209,6.587663657946,6.729649942206,
    6.873110794347,7.01756101433,7.162507800862,7.307454587394,
    7.451904807377,7.595365659518,7.737351943778,7.877390042515,
    8.015022128727,8.14981069545,8.281343517818,8.409239183618,
    8.53315336125,8.652786018768,8.767889868,8.878280389419,
    8.983847904388,9.084572313094,9.180541325448,9.271973302146,
    9.359246228444,9.442934914151,9.52385932251,9.6031480826,
    9.682322881732,9.763411763801,9.849102614656,9.942952503403,
    10.049673990248,10.175524882387,10.328828959767,10.520639100103,
    10.765486727937,11.081960413116,11.492358803358,12.019685727003,
    12.679166230499,13.462875804403,14.325015601724,15.187155399044,
    15.970864972948,16.630345476445,17.15767240009,17.568070790332,
    17.88454447551,18.129392103344,18.32120224368,18.47450632106,
    18.600357213199,18.707078700044,18.800928588791,18.886619439646,
    18.967708321715,19.046883120847,19.126171880937,19.207096289297,
    19.290784975003,19.378057901301,19.469489877999,19.565458890354,
    19.666183299059,19.771750814028,19.882141335447,19.997245184679,
    20.116877842198,20.24079201983,20.368687685629,20.500220507997,
    20.635009074721,20.772641160933,20.912679259669,21.05466554393,
    21.198126396071,21.342576616054,21.487523402585,21.632470189117,
    21.7769204091,21.920381261241,22.062367545502,22.202405644238,
    22.34003773045,22.474826297173,22.606359119542,22.734254785341,
    22.858168962973,22.977801620492,23.092905469723,23.203295991143,
    23.308863506112,23.409587914817,23.505556927171,23.59698890387,
    23.684261830168,23.767950515874,23.848874924234,23.928163684324,
    24.007338483456,24.088427365525,24.17411821638,24.267968105127,
    24.374689591972,24.50054048411,24.65384456149,24.845654701827,
    25.090502329661,25.406976014839,25.817374405081,26.344701328726,
    27.004181832223,27.787891406127,28.650031203447,29.512171000767,
    30.295880574672,30.955361078168,31.482688001813,31.893086392055,
    32.209560077233,32.454407705068,32.646217845404,32.799521922784,
    32.925372814923,33.032094301768,33.125944190515,33.21163504137,
    33.292723923439,33.37189872257,33.45118748266,33.53211189102,
    33.615800576726,33.703073503024,33.794505479723,33.890474492077,
    33.991198900783,34.096766415752,34.207156937171,34.322260786403,
    34.441893443921,34.565807621553,34.693703287353,34.825236109721,
    34.960024676444,35.097656762656,35.237694861393,35.379681145653,
    35.523141997794,35.667592217777,35.812539004309,35.957485790841,
    36.101936010824,36.245396862965,36.387383147225,36.527421245962,
    36.665053332174,36.799841898897,36.931374721266,37.059270387065,
    37.183184564697,37.302817222215,37.417921071447,37.528311592866,
    37.633879107836,37.734603516541,37.830572528895,37.922004505594,
    38.009277431892,38.092966117598,38.173890525958,38.253179286048,
    38.332354085179,38.413442967248,38.499133818104,38.592983706851,
    38.699705193695,38.825556085834,38.978860163214,39.17067030355,
    39.415517931385,39.731991616563,40.142390006805,40.66971693045,
    41.329197433946,42.112907007851,42.975046805171,43.837186602491,
    44.620896176395,45.280376679892,45.807703603537,46.218101993779,
    46.534575678957,46.779423306791,46.971233447128,47.124537524508,
    47.250388416646,47.357109903491,47.450959792238,47.536650643093,
    47.617739525162,47.696914324294,47.776203084384,47.857127492744,
    47.94081617845,48.028089104748,48.119521081447,48.215490093801,
    48.316214502506,48.421782017475,48.532172538895,48.647276388126,
    48.766909045645,48.890823223277,49.018718889076,49.150251711445,
    49.285040278168,49.42267236438,49.562710463116,49.704696747377,
    49.848157599518,49.992607819501,50.137554606033,50.282501392564,
    50.426951612547,50.570412464688,50.712398748949,50.852436847685,
    50.990068933897,51.124857500621,51.256390322989,51.384285988788,
    51.508200166421,51.627832823939,51.742936673171,51.85332719459,
    51.958894709559,52.059619118264,52.155588130619,52.247020107317,
    52.334293033615,52.417981719321,52.498906127681,52.578194887771,
    52.657369686903,52.738458568972,52.824149419827,52.917999308574,
    53.024720795419,53.150571687558,53.303875764938,53.495685905274,
    53.740533533108,54.057007218286,54.467405608529,54.994732532173,
    55.65421303567,56.437922609574,57.300062406894,58.162202204215,
    58.945911778119,59.605392281615,60.13271920526,60.543117595503,
    60.859591280681,61.104438908515,61.296249048851,61.449553126231,
    61.57540401837,61.682125505215,61.775975393962,61.861666244817,
    61.942755126886,62.021929926018,62.101218686108,62.182143094468,
    62.265831780174,62.353104706472,62.44453668317,62.540505695524,
    62.64123010423,62.746797619199,62.857188140618,62.97229198985,
    63.091924647368,63.215838825,63.3437344908,63.475267313168,
    63.610055879891,63.747687966103,63.88772606484,64.029712349101,
    64.173173201242,64.317623421225,64.462570207756,64.607516994288,
    64.751967214271,64.895428066412,65.037414350673,65.177452449409,
    65.315084535621,65.449873102344,65.581405924713,65.709301590512,
    65.833215768144,65.952848425663,66.067952274894,66.178342796314,
    66.283910311283,66.384634719988,66.480603732342,66.572035709041,
    66.659308635339,66.742997321045,66.823921729405,66.903210489495,
    66.982385288626,67.063474170696,67.149165021551,67.243014910298,
    67.349736397143,67.475587289281,67.628891366661,67.820701506998,
    68.065549134832,68.38202282001,68.792421210252,69.319748133897,
    69.979228637393,70.762938211298,71.625078008618,72.487217805938,
    73.270927379843,73.930407883339,74.457734806984,74.868133197226,
    75.184606882404,75.429454510238,75.621264650575,75.774568727955,
    75.900419620094,76.007141106938,76.100990995685,76.18668184654,
    76.26777072861,76.346945527741,76.426234287831,76.507158696191,
    76.590847381897,76.678120308195,76.769552284894,76.865521297248,
    76.966245705953,77.071813220922,77.182203742342,77.297307591574,
    77.416940249092,77.540854426724,77.668750092523,77.800282914892,
    77.935071481615,78.072703567827,78.212741666564,78.354727950824,
    78.498188802965,78.642639022948,78.78758580948,78.932532596012,
    79.076982815995,79.220443668136,79.362429952396,79.502468051133,
    79.640100137345,79.774888704068,79.906421526436,80.034317192236,
    80.158231369868,80.277864027386,80.392967876618,80.503358398037,
    80.608925913006,80.709650321712,80.805619334066,80.897051310764,
    80.984324237062,81.068012922769,81.148937331128,81.228226091218,
    81.30740089035,81.388489772419,81.474180623274,81.568030512021,
    81.674751998866,81.800602891005,81.953906968385,82.145717108721,
    82.390564736555,82.707038421734,83.117436811976,83.644763735621,
    84.304244239117,85.087953813021,85.950093610342,86.812233407662,
    87.595942981566,88.255423485063,88.782750408708,89.19314879895,
    89.509622484128,89.754470111962,89.946280252298,90.099584329679,
    90.225435221817,90.332156708662,90.426006597409,90.511697448264,
    90.592786330333,90.671961129465,90.751249889555,90.832174297915,
    90.915862983621,91.003135909919,91.094567886617,91.190536898972,
    91.291261307677,91.396828822646,91.507219344065,91.622323193297,
    91.741955850816,91.865870028448,91.993765694247,92.125298516616,
    92.260087083339,92.397719169551,92.537757268287,92.679743552548,
    92.823204404689,92.967654624672,93.112601411203,93.257548197735,
    93.401998417718,93.545459269859,93.68744555412,93.827483652856,
    93.965115739068,94.099904305791,94.23143712816,94.359332793959,
    94.483246971591,94.60287962911,94.717983478341,94.828373999761,
    94.93394151473,95.034665923435,95.130634935789,95.222066912488,
    95.309339838786,95.393028524492,95.473952932852,95.553241692942,
    95.632416492074,95.713505374143,95.799196224998,95.893046113745,
    95.99976760059,96.125618492728,96.278922570109,96.470732710445,
    96.715580338279,97.032054023457,97.442452413699,97.969779337344,
    98.629259840841,99.412969414745,100.27510921206,101.13724900938,
    101.92095858329,102.58043908678,103.10776601043,103.51816440067,
    103.83463808585,104.07948571368,104.27129585402,104.4245999314,
    104.55045082354,104.65717231038,104.75102219913,104.83671304998,
    104.91780193205,104.99697673118,105.07626549127,105.15718989963,
    105.24087858534,105.32815151164,105.41958348834,105.51555250069,
    105.6162769094,105.72184442437,105.83223494578,105.94733879502,
    106.06697145253,106.19088563017,106.31878129597,106.45031411833,
    106.58510268506,106.72273477127,106.86277287001,107.00475915427,
    107.14822000641,107.29267022639,107.43761701292,107.58256379945,
    107.72701401944,107.87047487158,108.01246115584,108.15249925458,
    108.29013134079,108.42491990751,108.55645272988,108.68434839568,
    108.80826257331,108.92789523083,109.04299908006,109.15338960148,
    109.25895711645,109.35968152515,109.45565053751,109.54708251421,
    109.63435544051,109.71804412621,109.79896853457,109.87825729466,
    109.95743209379,110.03852097586,110.12421182672,110.21806171546,
    110.32478320231,110.45063409445,110.60393817183,110.79574831216,
    111.04059594,111.35706962518,111.76746801542,112.29479493906,
    112.95427544256,113.73798501646,114.60012481378,115.4622646111,
    116.24597418501,116.90545468851,117.43278161215,117.84318000239,
    118.15965368757,118.4045013154,118.59631145574,118.74961553312,
    118.87546642526,118.9821879121,119.07603780085,119.16172865171,
    119.24281753378,119.32199233291,119.401281093,119.48220550136,
    119.56589418706,119.65316711336,119.74459909006,119.84056810241,
    119.94129251112,120.04686002609,120.15725054751,120.27235439674,
    120.39198705426,120.51590123189,120.64379689769,120.77532972006,
    120.91011828678,121.04775037299,121.18778847173,121.32977475599,
    121.47323560813,121.61768582811,121.76263261465,121.90757940118,
    122.05202962116,122.1954904733,122.33747675756,122.4775148563,
    122.61514694251,122.74993550923,122.8814683316,123.0093639974,
    123.13327817503,123.25291083255,123.36801468178,123.4784052032,
    123.58397271817,123.68469712688,123.78066613923,123.87209811593,
    123.95937104223,124.04305972793,124.12398413629,124.20327289638,
    124.28244769552,124.36353657759,124.44922742844,124.54307731719,
    124.64979880403,124.77564969617,124.92895377355,125.12076391389,
    125.36561154172,125.6820852269,126.09248361714,126.61981054079,
    127.27929104428,128.06300061819,128.92514041551,129.78728021283,
    130.57098978673,131.23047029023,131.75779721387,132.16819560412,
    132.48466928929,132.72951691713,132.92132705746,133.07463113484,
    133.20048202698,133.30720351383,133.40105340258,133.48674425343,
    133.5678331355,133.64700793463,133.72629669472,133.80722110308,
    133.89090978879,133.97818271509,134.06961469178,134.16558370414,
    134.26630811284,134.37187562781,134.48226614923,134.59736999846,
    134.71700265598,134.84091683361,134.96881249941,135.10034532178,
    135.2351338885,135.37276597472,135.51280407345,135.65479035771,
    135.79825120986,135.94270142984,136.08764821637,136.2325950029,
    136.37704522288,136.52050607503,136.66249235929,136.80253045802,
    136.94016254423,137.07495111096,137.20648393333,137.33437959913,
    137.45829377676,137.57792643428,137.69303028351,137.80342080493,
    137.9089883199,138.0097127286,138.10568174096,138.19711371765,
    138.28438664395,138.36807532966,138.44899973802,138.52828849811,
    138.60746329724,138.68855217931,138.77424303016,138.86809291891,
    138.97481440576,139.10066529789,139.25396937527,139.44577951561,
    139.69062714345,140.00710082862,140.41749921887,140.94482614251,
    141.60430664601,142.38801621991,143.25015601723),.UNSPECIFIED.);
#776 = CARTESIAN_POINT('',(18.5,0.,5.));
#777 = CARTESIAN_POINT('',(18.499594350249,-0.287853742081,5.));
#778 = CARTESIAN_POINT('',(18.543710406362,-0.836814870179,5.));
#779 = CARTESIAN_POINT('',(18.718612036039,-1.587780366218,5.));
#780 = CARTESIAN_POINT('',(18.949204773602,-2.204369369209,5.));
#781 = CARTESIAN_POINT('',(19.185533179089,-2.682194619954,5.));
#782 = CARTESIAN_POINT('',(19.39847988692,-3.042270111963,5.));
#783 = CARTESIAN_POINT('',(19.577546624487,-3.312284873023,5.));
#784 = CARTESIAN_POINT('',(19.723064088263,-3.516880869738,5.));
#785 = CARTESIAN_POINT('',(19.839871323747,-3.67509032291,5.));
#786 = CARTESIAN_POINT('',(19.933880615929,-3.800818210277,5.));
#787 = CARTESIAN_POINT('',(20.010585472236,-3.904070827082,5.));
#788 = CARTESIAN_POINT('',(20.074564880316,-3.992084334383,5.));
#789 = CARTESIAN_POINT('',(20.129421173063,-4.070167218618,5.));
#790 = CARTESIAN_POINT('',(20.177879017791,-4.142282807392,5.));
#791 = CARTESIAN_POINT('',(20.221927264714,-4.211440469607,5.));
#792 = CARTESIAN_POINT('',(20.262957571468,-4.279956353758,5.));
#793 = CARTESIAN_POINT('',(20.301884904225,-4.349627798826,5.));
#794 = CARTESIAN_POINT('',(20.339247524567,-4.421851196354,5.));
#795 = CARTESIAN_POINT('',(20.375288506783,-4.497702852141,5.));
#796 = CARTESIAN_POINT('',(20.410021969335,-4.577995574949,5.));
#797 = CARTESIAN_POINT('',(20.443287106816,-4.663319285491,5.));
#798 = CARTESIAN_POINT('',(20.474792624168,-4.754071079548,5.));
#799 = CARTESIAN_POINT('',(20.504153633938,-4.850478333623,5.));
#800 = CARTESIAN_POINT('',(20.530922596476,-4.952617242494,5.));
#801 = CARTESIAN_POINT('',(20.554615492109,-5.060428390855,5.));
#802 = CARTESIAN_POINT('',(20.574734110304,-5.173730437814,5.));
#803 = CARTESIAN_POINT('',(20.590785110147,-5.292232640194,5.));
#804 = CARTESIAN_POINT('',(20.602296333798,-5.415546699285,5.));
#805 = CARTESIAN_POINT('',(20.608830726577,-5.543198248388,5.));
#806 = CARTESIAN_POINT('',(20.609998123114,-5.674638180733,5.));
#807 = CARTESIAN_POINT('',(20.605465090133,-5.809253933521,5.));
#808 = CARTESIAN_POINT('',(20.594962966494,-5.946380783328,5.));
#809 = CARTESIAN_POINT('',(20.578294205342,-6.085313164071,5.));
#810 = CARTESIAN_POINT('',(20.555337097956,-6.225315986519,5.));
#811 = CARTESIAN_POINT('',(20.526048941359,-6.365635914628,5.));
#812 = CARTESIAN_POINT('',(20.490467699942,-6.505512536772,5.));
#813 = CARTESIAN_POINT('',(20.448712203583,-6.644189357542,5.));
#814 = CARTESIAN_POINT('',(20.400980919663,-6.780924527233,5.));
#815 = CARTESIAN_POINT('',(20.347549333013,-6.915001220627,5.));
#816 = CARTESIAN_POINT('',(20.288765965089,-7.045737573631,5.));
#817 = CARTESIAN_POINT('',(20.225047060792,-7.172496085408,5.));
#818 = CARTESIAN_POINT('',(20.156869967372,-7.294692394478,5.));
#819 = CARTESIAN_POINT('',(20.084765223863,-7.41180333975,5.));
#820 = CARTESIAN_POINT('',(20.009307370365,-7.5233742214,5.));
#821 = CARTESIAN_POINT('',(19.931104472933,-7.629025181939,5.));
#822 = CARTESIAN_POINT('',(19.850786340133,-7.728456634813,5.));
#823 = CARTESIAN_POINT('',(19.768991379238,-7.821453676766,5.));
#824 = CARTESIAN_POINT('',(19.686352000666,-7.907889431369,5.));
#825 = CARTESIAN_POINT('',(19.603478424386,-7.987727285785,5.));
#826 = CARTESIAN_POINT('',(19.520940666133,-8.061022002354,5.));
#827 = CARTESIAN_POINT('',(19.439248376198,-8.127919714019,5.));
#828 = CARTESIAN_POINT('',(19.358828058163,-8.188656852412,5.));
#829 = CARTESIAN_POINT('',(19.279996993043,-8.243558117609,5.));
#830 = CARTESIAN_POINT('',(19.202932912773,-8.293033692233,5.));
#831 = CARTESIAN_POINT('',(19.127638072962,-8.337576052461,5.));
#832 = CARTESIAN_POINT('',(19.053895821221,-8.377756973219,5.));
#833 = CARTESIAN_POINT('',(18.981216978473,-8.414225731987,5.));
#834 = CARTESIAN_POINT('',(18.90877225681,-8.447710202964,5.));
#835 = CARTESIAN_POINT('',(18.83530541511,-8.47902370842,5.));
#836 = CARTESIAN_POINT('',(18.759019780844,-8.509082522511,5.));
#837 = CARTESIAN_POINT('',(18.677428081409,-8.538942452903,5.));
#838 = CARTESIAN_POINT('',(18.587152440509,-8.569869113332,5.));
#839 = CARTESIAN_POINT('',(18.483658970529,-8.603467384021,5.));
#840 = CARTESIAN_POINT('',(18.36091307261,-8.641914522091,5.));
#841 = CARTESIAN_POINT('',(18.210956960611,-8.688373245749,5.));
#842 = CARTESIAN_POINT('',(18.023464733393,-8.747709803014,5.));
#843 = CARTESIAN_POINT('',(17.785480151515,-8.827698469239,5.));
#844 = CARTESIAN_POINT('',(17.481901263571,-8.940891951624,5.));
#845 = CARTESIAN_POINT('',(17.097977578998,-9.107033653314,5.));
#846 = CARTESIAN_POINT('',(16.625920441928,-9.354684209742,5.));
#847 = CARTESIAN_POINT('',(16.076969911947,-9.718016704651,5.));
#848 = CARTESIAN_POINT('',(15.493947143735,-10.22256353045,5.));
#849 = CARTESIAN_POINT('',(14.948363390302,-10.86062172713,5.));
#850 = CARTESIAN_POINT('',(14.51012863624,-11.57667353719,5.));
#851 = CARTESIAN_POINT('',(14.210440033269,-12.28707468368,5.));
#852 = CARTESIAN_POINT('',(14.03452533924,-12.92143357787,5.));
#853 = CARTESIAN_POINT('',(13.944869341455,-13.44691482475,5.));
#854 = CARTESIAN_POINT('',(13.905498136511,-13.86338855602,5.));
#855 = CARTESIAN_POINT('',(13.891655772995,-14.18708794532,5.));
#856 = CARTESIAN_POINT('',(13.889123310951,-14.43814258991,5.));
#857 = CARTESIAN_POINT('',(13.890629176034,-14.63479429895,5.));
#858 = CARTESIAN_POINT('',(13.892783291178,-14.79176757157,5.));
#859 = CARTESIAN_POINT('',(13.89414845843,-14.92038667668,5.));
#860 = CARTESIAN_POINT('',(13.894175845186,-15.02919725232,5.));
#861 = CARTESIAN_POINT('',(13.892659550474,-15.12461135252,5.));
#862 = CARTESIAN_POINT('',(13.889474290824,-15.21143689588,5.));
#863 = CARTESIAN_POINT('',(13.884460217225,-15.29327752984,5.));
#864 = CARTESIAN_POINT('',(13.877381806421,-15.37282505371,5.));
#865 = CARTESIAN_POINT('',(13.867922832251,-15.45207134889,5.));
#866 = CARTESIAN_POINT('',(13.855697979124,-15.53246250211,5.));
#867 = CARTESIAN_POINT('',(13.840271261598,-15.61501213852,5.));
#868 = CARTESIAN_POINT('',(13.821176344743,-15.70038613284,5.));
#869 = CARTESIAN_POINT('',(13.797936387558,-15.78896722192,5.));
#870 = CARTESIAN_POINT('',(13.770082320347,-15.88090544405,5.));
#871 = CARTESIAN_POINT('',(13.737169114063,-15.97615851951,5.));
#872 = CARTESIAN_POINT('',(13.698789915358,-16.07452503397,5.));
#873 = CARTESIAN_POINT('',(13.654588067532,-16.17567241982,5.));
#874 = CARTESIAN_POINT('',(13.604267099298,-16.27916112838,5.));
#875 = CARTESIAN_POINT('',(13.547598784025,-16.38446596497,5.));
#876 = CARTESIAN_POINT('',(13.484429374251,-16.49099526191,5.));
#877 = CARTESIAN_POINT('',(13.414684111061,-16.5981083542,5.));
#878 = CARTESIAN_POINT('',(13.338370100904,-16.70513167168,5.));
#879 = CARTESIAN_POINT('',(13.255577645972,-16.81137365346,5.));
#880 = CARTESIAN_POINT('',(13.166480109461,-16.91613861195,5.));
#881 = CARTESIAN_POINT('',(13.071332393947,-17.01873961706,5.));
#882 = CARTESIAN_POINT('',(12.970468109616,-17.11851043052,5.));
#883 = CARTESIAN_POINT('',(12.86429550885,-17.2148164905,5.));
#884 = CARTESIAN_POINT('',(12.753292264226,-17.30706492596,5.));
#885 = CARTESIAN_POINT('',(12.637999167979,-17.39471356573,5.));
#886 = CARTESIAN_POINT('',(12.51901283191,-17.47727889698,5.));
#887 = CARTESIAN_POINT('',(12.396977467221,-17.55434292184,5.));
#888 = CARTESIAN_POINT('',(12.27257582335,-17.62555885646,5.));
#889 = CARTESIAN_POINT('',(12.146519363085,-17.69065561443,5.));
#890 = CARTESIAN_POINT('',(12.019537747526,-17.74944101506,5.));
#891 = CARTESIAN_POINT('',(11.89236769814,-17.80180365516,5.));
#892 = CARTESIAN_POINT('',(11.765741293481,-17.84771338104,5.));
#893 = CARTESIAN_POINT('',(11.640373743954,-17.88722029379,5.));
#894 = CARTESIAN_POINT('',(11.516950667948,-17.92045221499,5.));
#895 = CARTESIAN_POINT('',(11.396114864764,-17.94761053063,5.));
#896 = CARTESIAN_POINT('',(11.278452541268,-17.96896431704,5.));
#897 = CARTESIAN_POINT('',(11.164478896272,-17.98484263212,5.));
#898 = CARTESIAN_POINT('',(11.054622893698,-17.99562482636,5.));
#899 = CARTESIAN_POINT('',(10.949210954502,-18.00172868873,5.));
#900 = CARTESIAN_POINT('',(10.848449156305,-18.00359618896,5.));
#901 = CARTESIAN_POINT('',(10.752403330923,-18.00167650801,5.));
#902 = CARTESIAN_POINT('',(10.660976167216,-17.99640595883,5.));
#903 = CARTESIAN_POINT('',(10.573880019776,-17.98818428881,5.));
#904 = CARTESIAN_POINT('',(10.490603532269,-17.9773467285,5.));
#905 = CARTESIAN_POINT('',(10.410369314781,-17.96413102219,5.));
#906 = CARTESIAN_POINT('',(10.332078625582,-17.94863858926,5.));
#907 = CARTESIAN_POINT('',(10.254237085419,-17.93078902124,5.));
#908 = CARTESIAN_POINT('',(10.174852583247,-17.91026754189,5.));
#909 = CARTESIAN_POINT('',(10.091292285085,-17.88646633539,5.));
#910 = CARTESIAN_POINT('',(10.000079522516,-17.85842383889,5.));
#911 = CARTESIAN_POINT('',(9.896602978483,-17.8247734755,5.));
#912 = CARTESIAN_POINT('',(9.774700800325,-17.78372963501,5.));
#913 = CARTESIAN_POINT('',(9.626076004701,-17.73317354086,5.));
#914 = CARTESIAN_POINT('',(9.439514453286,-17.670972658,5.));
#915 = CARTESIAN_POINT('',(9.199964723791,-17.59580102083,5.));
#916 = CARTESIAN_POINT('',(8.887830784709,-17.50893727849,5.));
#917 = CARTESIAN_POINT('',(8.479574357303,-17.41768405883,5.));
#918 = CARTESIAN_POINT('',(7.952106766305,-17.34056934424,5.));
#919 = CARTESIAN_POINT('',(7.294434976294,-17.31184648147,5.));
#920 = CARTESIAN_POINT('',(6.526194465406,-17.3773412531,5.));
#921 = CARTESIAN_POINT('',(5.709766738911,-17.57285509345,5.));
#922 = CARTESIAN_POINT('',(4.934342681517,-17.89456525116,5.));
#923 = CARTESIAN_POINT('',(4.274326191577,-18.29313931039,5.));
#924 = CARTESIAN_POINT('',(3.759141411877,-18.70294637352,5.));
#925 = CARTESIAN_POINT('',(3.377738058751,-19.07537115919,5.));
#926 = CARTESIAN_POINT('',(3.101088967655,-19.38916367187,5.));
#927 = CARTESIAN_POINT('',(2.899624533122,-19.64290564174,5.));
#928 = CARTESIAN_POINT('',(2.750009510679,-19.8445245719,5.));
#929 = CARTESIAN_POINT('',(2.635638806715,-20.00450427176,5.));
#930 = CARTESIAN_POINT('',(2.545114947823,-20.13276447409,5.));
#931 = CARTESIAN_POINT('',(2.470618978181,-20.23762194111,5.));
#932 = CARTESIAN_POINT('',(2.406683882876,-20.3256676435,5.));
#933 = CARTESIAN_POINT('',(2.349374173731,-20.40196801639,5.));
#934 = CARTESIAN_POINT('',(2.295762470631,-20.47033910787,5.));
#935 = CARTESIAN_POINT('',(2.243601282202,-20.53360237305,5.));
#936 = CARTESIAN_POINT('',(2.191117866182,-20.59379708625,5.));
#937 = CARTESIAN_POINT('',(2.136885591718,-20.65234884028,5.));
#938 = CARTESIAN_POINT('',(2.07974274351,-20.71020106105,5.));
#939 = CARTESIAN_POINT('',(2.018740808001,-20.76791752273,5.));
#940 = CARTESIAN_POINT('',(1.953111120965,-20.82576282449,5.));
#941 = CARTESIAN_POINT('',(1.882242942862,-20.88376632684,5.));
#942 = CARTESIAN_POINT('',(1.805668598037,-20.94177370105,5.));
#943 = CARTESIAN_POINT('',(1.723052901821,-20.99948916061,5.));
#944 = CARTESIAN_POINT('',(1.634185091318,-21.05651061549,5.));
#945 = CARTESIAN_POINT('',(1.538972103536,-21.1123593753,5.));
#946 = CARTESIAN_POINT('',(1.437432448392,-21.16650557624,5.));
#947 = CARTESIAN_POINT('',(1.329690188352,-21.21839017864,5.));
#948 = CARTESIAN_POINT('',(1.215968712637,-21.26744414281,5.));
#949 = CARTESIAN_POINT('',(1.096584113464,-21.31310521767,5.));
#950 = CARTESIAN_POINT('',(0.971938054675,-21.35483265059,5.));
#951 = CARTESIAN_POINT('',(0.842510081562,-21.39212003536,5.));
#952 = CARTESIAN_POINT('',(0.708849362813,-21.42450644921,5.));
#953 = CARTESIAN_POINT('',(0.571565886311,-21.45158598202,5.));
#954 = CARTESIAN_POINT('',(0.431321153399,-21.47301572684,5.));
#955 = CARTESIAN_POINT('',(0.288818433282,-21.48852227709,5.));
#956 = CARTESIAN_POINT('',(0.144792652036,-21.49790675894,5.));
#957 = CARTESIAN_POINT('',(6.863723698244E-16,-21.50104841638,5.));
#958 = CARTESIAN_POINT('',(-0.144792652036,-21.49790675894,5.));
#959 = CARTESIAN_POINT('',(-0.288818433282,-21.48852227709,5.));
#960 = CARTESIAN_POINT('',(-0.431321153399,-21.47301572684,5.));
#961 = CARTESIAN_POINT('',(-0.571565886311,-21.45158598202,5.));
#962 = CARTESIAN_POINT('',(-0.708849362813,-21.42450644921,5.));
#963 = CARTESIAN_POINT('',(-0.842510081562,-21.39212003536,5.));
#964 = CARTESIAN_POINT('',(-0.971938054675,-21.35483265059,5.));
#965 = CARTESIAN_POINT('',(-1.096584113464,-21.31310521767,5.));
#966 = CARTESIAN_POINT('',(-1.215968712637,-21.26744414281,5.));
#967 = CARTESIAN_POINT('',(-1.329690188352,-21.21839017864,5.));
#968 = CARTESIAN_POINT('',(-1.437432448392,-21.16650557624,5.));
#969 = CARTESIAN_POINT('',(-1.538972103536,-21.1123593753,5.));
#970 = CARTESIAN_POINT('',(-1.634185091318,-21.05651061549,5.));
#971 = CARTESIAN_POINT('',(-1.723052901821,-20.99948916061,5.));
#972 = CARTESIAN_POINT('',(-1.805668598037,-20.94177370105,5.));
#973 = CARTESIAN_POINT('',(-1.882242942862,-20.88376632684,5.));
#974 = CARTESIAN_POINT('',(-1.953111120965,-20.82576282449,5.));
#975 = CARTESIAN_POINT('',(-2.018740808001,-20.76791752273,5.));
#976 = CARTESIAN_POINT('',(-2.07974274351,-20.71020106105,5.));
#977 = CARTESIAN_POINT('',(-2.136885591718,-20.65234884028,5.));
#978 = CARTESIAN_POINT('',(-2.191117866182,-20.59379708625,5.));
#979 = CARTESIAN_POINT('',(-2.243601282202,-20.53360237305,5.));
#980 = CARTESIAN_POINT('',(-2.295762470631,-20.47033910787,5.));
#981 = CARTESIAN_POINT('',(-2.349374173731,-20.40196801639,5.));
#982 = CARTESIAN_POINT('',(-2.406683882876,-20.3256676435,5.));
#983 = CARTESIAN_POINT('',(-2.470618978181,-20.23762194111,5.));
#984 = CARTESIAN_POINT('',(-2.545114947823,-20.13276447409,5.));
#985 = CARTESIAN_POINT('',(-2.635638806715,-20.00450427176,5.));
#986 = CARTESIAN_POINT('',(-2.750009510679,-19.8445245719,5.));
#987 = CARTESIAN_POINT('',(-2.899624533122,-19.64290564174,5.));
#988 = CARTESIAN_POINT('',(-3.101088967655,-19.38916367187,5.));
#989 = CARTESIAN_POINT('',(-3.377738058751,-19.07537115919,5.));
#990 = CARTESIAN_POINT('',(-3.759141411877,-18.70294637352,5.));
#991 = CARTESIAN_POINT('',(-4.274326191577,-18.29313931039,5.));
#992 = CARTESIAN_POINT('',(-4.934342681517,-17.89456525116,5.));
#993 = CARTESIAN_POINT('',(-5.709766738911,-17.57285509345,5.));
#994 = CARTESIAN_POINT('',(-6.526194465406,-17.3773412531,5.));
#995 = CARTESIAN_POINT('',(-7.294434976294,-17.31184648147,5.));
#996 = CARTESIAN_POINT('',(-7.952106766305,-17.34056934424,5.));
#997 = CARTESIAN_POINT('',(-8.479574357303,-17.41768405883,5.));
#998 = CARTESIAN_POINT('',(-8.887830784709,-17.50893727849,5.));
#999 = CARTESIAN_POINT('',(-9.199964723791,-17.59580102083,5.));
#1000 = CARTESIAN_POINT('',(-9.439514453286,-17.670972658,5.));
#1001 = CARTESIAN_POINT('',(-9.626076004701,-17.73317354086,5.));
#1002 = CARTESIAN_POINT('',(-9.774700800325,-17.78372963501,5.));
#1003 = CARTESIAN_POINT('',(-9.896602978483,-17.8247734755,5.));
#1004 = CARTESIAN_POINT('',(-10.00007952251,-17.85842383889,5.));
#1005 = CARTESIAN_POINT('',(-10.09129228508,-17.88646633539,5.));
#1006 = CARTESIAN_POINT('',(-10.17485258324,-17.91026754189,5.));
#1007 = CARTESIAN_POINT('',(-10.25423708541,-17.93078902124,5.));
#1008 = CARTESIAN_POINT('',(-10.33207862558,-17.94863858926,5.));
#1009 = CARTESIAN_POINT('',(-10.41036931478,-17.96413102219,5.));
#1010 = CARTESIAN_POINT('',(-10.49060353226,-17.9773467285,5.));
#1011 = CARTESIAN_POINT('',(-10.57388001977,-17.98818428881,5.));
#1012 = CARTESIAN_POINT('',(-10.66097616721,-17.99640595883,5.));
#1013 = CARTESIAN_POINT('',(-10.75240333092,-18.00167650801,5.));
#1014 = CARTESIAN_POINT('',(-10.8484491563,-18.00359618896,5.));
#1015 = CARTESIAN_POINT('',(-10.9492109545,-18.00172868873,5.));
#1016 = CARTESIAN_POINT('',(-11.05462289369,-17.99562482636,5.));
#1017 = CARTESIAN_POINT('',(-11.16447889627,-17.98484263212,5.));
#1018 = CARTESIAN_POINT('',(-11.27845254126,-17.96896431704,5.));
#1019 = CARTESIAN_POINT('',(-11.39611486476,-17.94761053063,5.));
#1020 = CARTESIAN_POINT('',(-11.51695066794,-17.92045221499,5.));
#1021 = CARTESIAN_POINT('',(-11.64037374395,-17.88722029379,5.));
#1022 = CARTESIAN_POINT('',(-11.76574129348,-17.84771338104,5.));
#1023 = CARTESIAN_POINT('',(-11.89236769814,-17.80180365516,5.));
#1024 = CARTESIAN_POINT('',(-12.01953774752,-17.74944101506,5.));
#1025 = CARTESIAN_POINT('',(-12.14651936308,-17.69065561443,5.));
#1026 = CARTESIAN_POINT('',(-12.27257582335,-17.62555885646,5.));
#1027 = CARTESIAN_POINT('',(-12.39697746722,-17.55434292184,5.));
#1028 = CARTESIAN_POINT('',(-12.51901283191,-17.47727889698,5.));
#1029 = CARTESIAN_POINT('',(-12.63799916797,-17.39471356573,5.));
#1030 = CARTESIAN_POINT('',(-12.75329226422,-17.30706492596,5.));
#1031 = CARTESIAN_POINT('',(-12.86429550885,-17.2148164905,5.));
#1032 = CARTESIAN_POINT('',(-12.97046810961,-17.11851043052,5.));
#1033 = CARTESIAN_POINT('',(-13.07133239394,-17.01873961706,5.));
#1034 = CARTESIAN_POINT('',(-13.16648010946,-16.91613861195,5.));
#1035 = CARTESIAN_POINT('',(-13.25557764597,-16.81137365346,5.));
#1036 = CARTESIAN_POINT('',(-13.3383701009,-16.70513167168,5.));
#1037 = CARTESIAN_POINT('',(-13.41468411106,-16.5981083542,5.));
#1038 = CARTESIAN_POINT('',(-13.48442937425,-16.49099526191,5.));
#1039 = CARTESIAN_POINT('',(-13.54759878402,-16.38446596497,5.));
#1040 = CARTESIAN_POINT('',(-13.60426709929,-16.27916112838,5.));
#1041 = CARTESIAN_POINT('',(-13.65458806753,-16.17567241982,5.));
#1042 = CARTESIAN_POINT('',(-13.69878991535,-16.07452503397,5.));
#1043 = CARTESIAN_POINT('',(-13.73716911406,-15.97615851951,5.));
#1044 = CARTESIAN_POINT('',(-13.77008232034,-15.88090544405,5.));
#1045 = CARTESIAN_POINT('',(-13.79793638755,-15.78896722192,5.));
#1046 = CARTESIAN_POINT('',(-13.82117634474,-15.70038613284,5.));
#1047 = CARTESIAN_POINT('',(-13.84027126159,-15.61501213852,5.));
#1048 = CARTESIAN_POINT('',(-13.85569797912,-15.53246250211,5.));
#1049 = CARTESIAN_POINT('',(-13.86792283225,-15.45207134889,5.));
#1050 = CARTESIAN_POINT('',(-13.87738180642,-15.37282505371,5.));
#1051 = CARTESIAN_POINT('',(-13.88446021722,-15.29327752984,5.));
#1052 = CARTESIAN_POINT('',(-13.88947429082,-15.21143689588,5.));
#1053 = CARTESIAN_POINT('',(-13.89265955047,-15.12461135252,5.));
#1054 = CARTESIAN_POINT('',(-13.89417584518,-15.02919725232,5.));
#1055 = CARTESIAN_POINT('',(-13.89414845843,-14.92038667668,5.));
#1056 = CARTESIAN_POINT('',(-13.89278329117,-14.79176757157,5.));
#1057 = CARTESIAN_POINT('',(-13.89062917603,-14.63479429895,5.));
#1058 = CARTESIAN_POINT('',(-13.88912331095,-14.43814258991,5.));
#1059 = CARTESIAN_POINT('',(-13.89165577299,-14.18708794532,5.));
#1060 = CARTESIAN_POINT('',(-13.90549813651,-13.86338855602,5.));
#1061 = CARTESIAN_POINT('',(-13.94486934145,-13.44691482475,5.));
#1062 = CARTESIAN_POINT('',(-14.03452533924,-12.92143357787,5.));
#1063 = CARTESIAN_POINT('',(-14.21044003326,-12.28707468368,5.));
#1064 = CARTESIAN_POINT('',(-14.51012863624,-11.57667353719,5.));
#1065 = CARTESIAN_POINT('',(-14.9483633903,-10.86062172713,5.));
#1066 = CARTESIAN_POINT('',(-15.49394714373,-10.22256353045,5.));
#1067 = CARTESIAN_POINT('',(-16.07696991194,-9.718016704651,5.));
#1068 = CARTESIAN_POINT('',(-16.62592044192,-9.354684209742,5.));
#1069 = CARTESIAN_POINT('',(-17.09797757899,-9.107033653314,5.));
#1070 = CARTESIAN_POINT('',(-17.48190126357,-8.940891951624,5.));
#1071 = CARTESIAN_POINT('',(-17.78548015151,-8.827698469239,5.));
#1072 = CARTESIAN_POINT('',(-18.02346473339,-8.747709803014,5.));
#1073 = CARTESIAN_POINT('',(-18.21095696061,-8.688373245749,5.));
#1074 = CARTESIAN_POINT('',(-18.36091307261,-8.641914522091,5.));
#1075 = CARTESIAN_POINT('',(-18.48365897052,-8.603467384021,5.));
#1076 = CARTESIAN_POINT('',(-18.5871524405,-8.569869113332,5.));
#1077 = CARTESIAN_POINT('',(-18.6774280814,-8.538942452903,5.));
#1078 = CARTESIAN_POINT('',(-18.75901978084,-8.509082522511,5.));
#1079 = CARTESIAN_POINT('',(-18.83530541511,-8.47902370842,5.));
#1080 = CARTESIAN_POINT('',(-18.90877225681,-8.447710202964,5.));
#1081 = CARTESIAN_POINT('',(-18.98121697847,-8.414225731987,5.));
#1082 = CARTESIAN_POINT('',(-19.05389582122,-8.377756973219,5.));
#1083 = CARTESIAN_POINT('',(-19.12763807296,-8.337576052461,5.));
#1084 = CARTESIAN_POINT('',(-19.20293291277,-8.293033692233,5.));
#1085 = CARTESIAN_POINT('',(-19.27999699304,-8.243558117609,5.));
#1086 = CARTESIAN_POINT('',(-19.35882805816,-8.188656852412,5.));
#1087 = CARTESIAN_POINT('',(-19.43924837619,-8.127919714019,5.));
#1088 = CARTESIAN_POINT('',(-19.52094066613,-8.061022002354,5.));
#1089 = CARTESIAN_POINT('',(-19.60347842438,-7.987727285785,5.));
#1090 = CARTESIAN_POINT('',(-19.68635200066,-7.907889431369,5.));
#1091 = CARTESIAN_POINT('',(-19.76899137923,-7.821453676766,5.));
#1092 = CARTESIAN_POINT('',(-19.85078634013,-7.728456634813,5.));
#1093 = CARTESIAN_POINT('',(-19.93110447293,-7.629025181939,5.));
#1094 = CARTESIAN_POINT('',(-20.00930737036,-7.5233742214,5.));
#1095 = CARTESIAN_POINT('',(-20.08476522386,-7.41180333975,5.));
#1096 = CARTESIAN_POINT('',(-20.15686996737,-7.294692394478,5.));
#1097 = CARTESIAN_POINT('',(-20.22504706079,-7.172496085408,5.));
#1098 = CARTESIAN_POINT('',(-20.28876596508,-7.045737573631,5.));
#1099 = CARTESIAN_POINT('',(-20.34754933301,-6.915001220627,5.));
#1100 = CARTESIAN_POINT('',(-20.40098091966,-6.780924527233,5.));
#1101 = CARTESIAN_POINT('',(-20.44871220358,-6.644189357542,5.));
#1102 = CARTESIAN_POINT('',(-20.49046769994,-6.505512536772,5.));
#1103 = CARTESIAN_POINT('',(-20.52604894135,-6.365635914628,5.));
#1104 = CARTESIAN_POINT('',(-20.55533709795,-6.225315986519,5.));
#1105 = CARTESIAN_POINT('',(-20.57829420534,-6.085313164071,5.));
#1106 = CARTESIAN_POINT('',(-20.59496296649,-5.946380783328,5.));
#1107 = CARTESIAN_POINT('',(-20.60546509013,-5.809253933521,5.));
#1108 = CARTESIAN_POINT('',(-20.60999812311,-5.674638180733,5.));
#1109 = CARTESIAN_POINT('',(-20.60883072657,-5.543198248388,5.));
#1110 = CARTESIAN_POINT('',(-20.60229633379,-5.415546699285,5.));
#1111 = CARTESIAN_POINT('',(-20.59078511014,-5.292232640194,5.));
#1112 = CARTESIAN_POINT('',(-20.5747341103,-5.173730437814,5.));
#1113 = CARTESIAN_POINT('',(-20.5546154921,-5.060428390855,5.));
#1114 = CARTESIAN_POINT('',(-20.53092259647,-4.952617242495,5.));
#1115 = CARTESIAN_POINT('',(-20.50415363393,-4.850478333623,5.));
#1116 = CARTESIAN_POINT('',(-20.47479262416,-4.754071079548,5.));
#1117 = CARTESIAN_POINT('',(-20.44328710681,-4.663319285491,5.));
#1118 = CARTESIAN_POINT('',(-20.41002196933,-4.577995574949,5.));
#1119 = CARTESIAN_POINT('',(-20.37528850678,-4.497702852141,5.));
#1120 = CARTESIAN_POINT('',(-20.33924752456,-4.421851196354,5.));
#1121 = CARTESIAN_POINT('',(-20.30188490422,-4.349627798826,5.));
#1122 = CARTESIAN_POINT('',(-20.26295757146,-4.279956353758,5.));
#1123 = CARTESIAN_POINT('',(-20.22192726471,-4.211440469607,5.));
#1124 = CARTESIAN_POINT('',(-20.17787901779,-4.142282807392,5.));
#1125 = CARTESIAN_POINT('',(-20.12942117306,-4.070167218617,5.));
#1126 = CARTESIAN_POINT('',(-20.0745648803,-3.992084334389,5.));
#1127 = CARTESIAN_POINT('',(-20.01058547229,-3.904070827057,5.));
#1128 = CARTESIAN_POINT('',(-19.93388061564,-3.800818210396,5.));
#1129 = CARTESIAN_POINT('',(-19.83987132522,-3.675090322296,5.));
#1130 = CARTESIAN_POINT('',(-19.72306408037,-3.516880873003,5.));
#1131 = CARTESIAN_POINT('',(-19.57754666759,-3.312284855169,5.));
#1132 = CARTESIAN_POINT('',(-19.39847964771,-3.042270211026,5.));
#1133 = CARTESIAN_POINT('',(-19.1855345044,-2.682194071087,5.));
#1134 = CARTESIAN_POINT('',(-18.94919760298,-2.20437233886,5.));
#1135 = CARTESIAN_POINT('',(-18.71864877734,-1.58776515011,5.));
#1136 = CARTESIAN_POINT('',(-18.54353863305,-0.836886008673,5.));
#1137 = CARTESIAN_POINT('',(-18.47719330278,-2.858890674484E-14,5.));
#1138 = CARTESIAN_POINT('',(-18.54353863305,0.836886008673,5.));
#1139 = CARTESIAN_POINT('',(-18.71864877734,1.58776515011,5.));
#1140 = CARTESIAN_POINT('',(-18.94919760298,2.20437233886,5.));
#1141 = CARTESIAN_POINT('',(-19.1855345044,2.682194071087,5.));
#1142 = CARTESIAN_POINT('',(-19.39847964771,3.042270211026,5.));
#1143 = CARTESIAN_POINT('',(-19.57754666759,3.312284855169,5.));
#1144 = CARTESIAN_POINT('',(-19.72306408037,3.516880873003,5.));
#1145 = CARTESIAN_POINT('',(-19.83987132522,3.675090322296,5.));
#1146 = CARTESIAN_POINT('',(-19.93388061564,3.800818210396,5.));
#1147 = CARTESIAN_POINT('',(-20.01058547229,3.904070827057,5.));
#1148 = CARTESIAN_POINT('',(-20.0745648803,3.992084334389,5.));
#1149 = CARTESIAN_POINT('',(-20.12942117306,4.070167218617,5.));
#1150 = CARTESIAN_POINT('',(-20.17787901779,4.142282807392,5.));
#1151 = CARTESIAN_POINT('',(-20.22192726471,4.211440469607,5.));
#1152 = CARTESIAN_POINT('',(-20.26295757146,4.279956353758,5.));
#1153 = CARTESIAN_POINT('',(-20.30188490422,4.349627798826,5.));
#1154 = CARTESIAN_POINT('',(-20.33924752456,4.421851196354,5.));
#1155 = CARTESIAN_POINT('',(-20.37528850678,4.497702852141,5.));
#1156 = CARTESIAN_POINT('',(-20.41002196933,4.577995574949,5.));
#1157 = CARTESIAN_POINT('',(-20.44328710681,4.663319285491,5.));
#1158 = CARTESIAN_POINT('',(-20.47479262416,4.754071079548,5.));
#1159 = CARTESIAN_POINT('',(-20.50415363393,4.850478333623,5.));
#1160 = CARTESIAN_POINT('',(-20.53092259647,4.952617242494,5.));
#1161 = CARTESIAN_POINT('',(-20.5546154921,5.060428390855,5.));
#1162 = CARTESIAN_POINT('',(-20.5747341103,5.173730437814,5.));
#1163 = CARTESIAN_POINT('',(-20.59078511014,5.292232640194,5.));
#1164 = CARTESIAN_POINT('',(-20.60229633379,5.415546699285,5.));
#1165 = CARTESIAN_POINT('',(-20.60883072657,5.543198248388,5.));
#1166 = CARTESIAN_POINT('',(-20.60999812311,5.674638180733,5.));
#1167 = CARTESIAN_POINT('',(-20.60546509013,5.809253933521,5.));
#1168 = CARTESIAN_POINT('',(-20.59496296649,5.946380783328,5.));
#1169 = CARTESIAN_POINT('',(-20.57829420534,6.085313164071,5.));
#1170 = CARTESIAN_POINT('',(-20.55533709795,6.225315986519,5.));
#1171 = CARTESIAN_POINT('',(-20.52604894135,6.365635914628,5.));
#1172 = CARTESIAN_POINT('',(-20.49046769994,6.505512536772,5.));
#1173 = CARTESIAN_POINT('',(-20.44871220358,6.644189357542,5.));
#1174 = CARTESIAN_POINT('',(-20.40098091966,6.780924527233,5.));
#1175 = CARTESIAN_POINT('',(-20.34754933301,6.915001220627,5.));
#1176 = CARTESIAN_POINT('',(-20.28876596508,7.045737573631,5.));
#1177 = CARTESIAN_POINT('',(-20.22504706079,7.172496085408,5.));
#1178 = CARTESIAN_POINT('',(-20.15686996737,7.294692394478,5.));
#1179 = CARTESIAN_POINT('',(-20.08476522386,7.41180333975,5.));
#1180 = CARTESIAN_POINT('',(-20.00930737036,7.5233742214,5.));
#1181 = CARTESIAN_POINT('',(-19.93110447293,7.629025181939,5.));
#1182 = CARTESIAN_POINT('',(-19.85078634013,7.728456634813,5.));
#1183 = CARTESIAN_POINT('',(-19.76899137923,7.821453676766,5.));
#1184 = CARTESIAN_POINT('',(-19.68635200066,7.907889431369,5.));
#1185 = CARTESIAN_POINT('',(-19.60347842438,7.987727285785,5.));
#1186 = CARTESIAN_POINT('',(-19.52094066613,8.061022002354,5.));
#1187 = CARTESIAN_POINT('',(-19.43924837619,8.127919714019,5.));
#1188 = CARTESIAN_POINT('',(-19.35882805816,8.188656852412,5.));
#1189 = CARTESIAN_POINT('',(-19.27999699304,8.243558117609,5.));
#1190 = CARTESIAN_POINT('',(-19.20293291277,8.293033692233,5.));
#1191 = CARTESIAN_POINT('',(-19.12763807296,8.337576052461,5.));
#1192 = CARTESIAN_POINT('',(-19.05389582122,8.377756973219,5.));
#1193 = CARTESIAN_POINT('',(-18.98121697847,8.414225731987,5.));
#1194 = CARTESIAN_POINT('',(-18.90877225681,8.447710202964,5.));
#1195 = CARTESIAN_POINT('',(-18.83530541511,8.47902370842,5.));
#1196 = CARTESIAN_POINT('',(-18.75901978084,8.509082522511,5.));
#1197 = CARTESIAN_POINT('',(-18.6774280814,8.538942452903,5.));
#1198 = CARTESIAN_POINT('',(-18.5871524405,8.569869113332,5.));
#1199 = CARTESIAN_POINT('',(-18.48365897052,8.603467384021,5.));
#1200 = CARTESIAN_POINT('',(-18.36091307261,8.641914522091,5.));
#1201 = CARTESIAN_POINT('',(-18.21095696061,8.688373245749,5.));
#1202 = CARTESIAN_POINT('',(-18.02346473339,8.747709803014,5.));
#1203 = CARTESIAN_POINT('',(-17.78548015151,8.827698469239,5.));
#1204 = CARTESIAN_POINT('',(-17.48190126357,8.940891951624,5.));
#1205 = CARTESIAN_POINT('',(-17.09797757899,9.107033653314,5.));
#1206 = CARTESIAN_POINT('',(-16.62592044192,9.354684209742,5.));
#1207 = CARTESIAN_POINT('',(-16.07696991194,9.718016704651,5.));
#1208 = CARTESIAN_POINT('',(-15.49394714373,10.222563530453,5.));
#1209 = CARTESIAN_POINT('',(-14.9483633903,10.860621727133,5.));
#1210 = CARTESIAN_POINT('',(-14.51012863624,11.576673537194,5.));
#1211 = CARTESIAN_POINT('',(-14.21044003326,12.287074683682,5.));
#1212 = CARTESIAN_POINT('',(-14.03452533924,12.921433577879,5.));
#1213 = CARTESIAN_POINT('',(-13.94486934145,13.446914824756,5.));
#1214 = CARTESIAN_POINT('',(-13.90549813651,13.863388556026,5.));
#1215 = CARTESIAN_POINT('',(-13.89165577299,14.187087945324,5.));
#1216 = CARTESIAN_POINT('',(-13.88912331095,14.438142589917,5.));
#1217 = CARTESIAN_POINT('',(-13.89062917603,14.63479429895,5.));
#1218 = CARTESIAN_POINT('',(-13.89278329117,14.791767571572,5.));
#1219 = CARTESIAN_POINT('',(-13.89414845843,14.920386676686,5.));
#1220 = CARTESIAN_POINT('',(-13.89417584518,15.029197252329,5.));
#1221 = CARTESIAN_POINT('',(-13.89265955047,15.124611352521,5.));
#1222 = CARTESIAN_POINT('',(-13.88947429082,15.211436895886,5.));
#1223 = CARTESIAN_POINT('',(-13.88446021722,15.29327752984,5.));
#1224 = CARTESIAN_POINT('',(-13.87738180642,15.37282505371,5.));
#1225 = CARTESIAN_POINT('',(-13.86792283225,15.452071348898,5.));
#1226 = CARTESIAN_POINT('',(-13.85569797912,15.532462502114,5.));
#1227 = CARTESIAN_POINT('',(-13.84027126159,15.615012138522,5.));
#1228 = CARTESIAN_POINT('',(-13.82117634474,15.700386132847,5.));
#1229 = CARTESIAN_POINT('',(-13.79793638755,15.788967221926,5.));
#1230 = CARTESIAN_POINT('',(-13.77008232034,15.880905444054,5.));
#1231 = CARTESIAN_POINT('',(-13.73716911406,15.976158519516,5.));
#1232 = CARTESIAN_POINT('',(-13.69878991535,16.074525033979,5.));
#1233 = CARTESIAN_POINT('',(-13.65458806753,16.175672419823,5.));
#1234 = CARTESIAN_POINT('',(-13.60426709929,16.279161128382,5.));
#1235 = CARTESIAN_POINT('',(-13.54759878402,16.38446596497,5.));
#1236 = CARTESIAN_POINT('',(-13.48442937425,16.490995261919,5.));
#1237 = CARTESIAN_POINT('',(-13.41468411106,16.598108354209,5.));
#1238 = CARTESIAN_POINT('',(-13.3383701009,16.705131671683,5.));
#1239 = CARTESIAN_POINT('',(-13.25557764597,16.811373653466,5.));
#1240 = CARTESIAN_POINT('',(-13.16648010946,16.916138611952,5.));
#1241 = CARTESIAN_POINT('',(-13.07133239394,17.018739617063,5.));
#1242 = CARTESIAN_POINT('',(-12.97046810961,17.118510430527,5.));
#1243 = CARTESIAN_POINT('',(-12.86429550885,17.214816490502,5.));
#1244 = CARTESIAN_POINT('',(-12.75329226422,17.307064925969,5.));
#1245 = CARTESIAN_POINT('',(-12.63799916797,17.394713565736,5.));
#1246 = CARTESIAN_POINT('',(-12.51901283191,17.477278896983,5.));
#1247 = CARTESIAN_POINT('',(-12.39697746722,17.554342921849,5.));
#1248 = CARTESIAN_POINT('',(-12.27257582335,17.625558856466,5.));
#1249 = CARTESIAN_POINT('',(-12.14651936308,17.690655614438,5.));
#1250 = CARTESIAN_POINT('',(-12.01953774752,17.749441015068,5.));
#1251 = CARTESIAN_POINT('',(-11.89236769814,17.801803655166,5.));
#1252 = CARTESIAN_POINT('',(-11.76574129348,17.847713381043,5.));
#1253 = CARTESIAN_POINT('',(-11.64037374395,17.887220293793,5.));
#1254 = CARTESIAN_POINT('',(-11.51695066794,17.920452214993,5.));
#1255 = CARTESIAN_POINT('',(-11.39611486476,17.947610530633,5.));
#1256 = CARTESIAN_POINT('',(-11.27845254126,17.968964317045,5.));
#1257 = CARTESIAN_POINT('',(-11.16447889627,17.98484263212,5.));
#1258 = CARTESIAN_POINT('',(-11.05462289369,17.995624826365,5.));
#1259 = CARTESIAN_POINT('',(-10.9492109545,18.001728688736,5.));
#1260 = CARTESIAN_POINT('',(-10.8484491563,18.003596188961,5.));
#1261 = CARTESIAN_POINT('',(-10.75240333092,18.001676508017,5.));
#1262 = CARTESIAN_POINT('',(-10.66097616721,17.99640595883,5.));
#1263 = CARTESIAN_POINT('',(-10.57388001977,17.98818428881,5.));
#1264 = CARTESIAN_POINT('',(-10.49060353226,17.977346728509,5.));
#1265 = CARTESIAN_POINT('',(-10.41036931478,17.964131022195,5.));
#1266 = CARTESIAN_POINT('',(-10.33207862558,17.948638589262,5.));
#1267 = CARTESIAN_POINT('',(-10.25423708541,17.930789021246,5.));
#1268 = CARTESIAN_POINT('',(-10.17485258324,17.910267541893,5.));
#1269 = CARTESIAN_POINT('',(-10.09129228508,17.886466335393,5.));
#1270 = CARTESIAN_POINT('',(-10.00007952251,17.858423838898,5.));
#1271 = CARTESIAN_POINT('',(-9.896602978483,17.824773475504,5.));
#1272 = CARTESIAN_POINT('',(-9.774700800325,17.783729635011,5.));
#1273 = CARTESIAN_POINT('',(-9.626076004701,17.733173540864,5.));
#1274 = CARTESIAN_POINT('',(-9.439514453286,17.670972658,5.));
#1275 = CARTESIAN_POINT('',(-9.199964723791,17.595801020833,5.));
#1276 = CARTESIAN_POINT('',(-8.887830784709,17.508937278494,5.));
#1277 = CARTESIAN_POINT('',(-8.479574357303,17.417684058838,5.));
#1278 = CARTESIAN_POINT('',(-7.952106766306,17.340569344246,5.));
#1279 = CARTESIAN_POINT('',(-7.294434976294,17.311846481474,5.));
#1280 = CARTESIAN_POINT('',(-6.526194465406,17.3773412531,5.));
#1281 = CARTESIAN_POINT('',(-5.709766738911,17.572855093457,5.));
#1282 = CARTESIAN_POINT('',(-4.934342681517,17.894565251169,5.));
#1283 = CARTESIAN_POINT('',(-4.274326191577,18.293139310395,5.));
#1284 = CARTESIAN_POINT('',(-3.759141411877,18.702946373522,5.));
#1285 = CARTESIAN_POINT('',(-3.377738058751,19.075371159193,5.));
#1286 = CARTESIAN_POINT('',(-3.101088967655,19.38916367187,5.));
#1287 = CARTESIAN_POINT('',(-2.899624533122,19.642905641749,5.));
#1288 = CARTESIAN_POINT('',(-2.750009510679,19.844524571901,5.));
#1289 = CARTESIAN_POINT('',(-2.635638806715,20.004504271769,5.));
#1290 = CARTESIAN_POINT('',(-2.545114947823,20.132764474096,5.));
#1291 = CARTESIAN_POINT('',(-2.470618978181,20.237621941112,5.));
#1292 = CARTESIAN_POINT('',(-2.406683882876,20.325667643506,5.));
#1293 = CARTESIAN_POINT('',(-2.349374173731,20.401968016394,5.));
#1294 = CARTESIAN_POINT('',(-2.295762470631,20.470339107876,5.));
#1295 = CARTESIAN_POINT('',(-2.243601282202,20.533602373059,5.));
#1296 = CARTESIAN_POINT('',(-2.191117866182,20.593797086251,5.));
#1297 = CARTESIAN_POINT('',(-2.136885591718,20.65234884028,5.));
#1298 = CARTESIAN_POINT('',(-2.07974274351,20.71020106105,5.));
#1299 = CARTESIAN_POINT('',(-2.018740808001,20.76791752273,5.));
#1300 = CARTESIAN_POINT('',(-1.953111120965,20.825762824496,5.));
#1301 = CARTESIAN_POINT('',(-1.882242942862,20.883766326843,5.));
#1302 = CARTESIAN_POINT('',(-1.805668598037,20.941773701054,5.));
#1303 = CARTESIAN_POINT('',(-1.723052901821,20.99948916061,5.));
#1304 = CARTESIAN_POINT('',(-1.634185091318,21.056510615495,5.));
#1305 = CARTESIAN_POINT('',(-1.538972103536,21.112359375303,5.));
#1306 = CARTESIAN_POINT('',(-1.437432448392,21.166505576244,5.));
#1307 = CARTESIAN_POINT('',(-1.329690188352,21.218390178644,5.));
#1308 = CARTESIAN_POINT('',(-1.215968712637,21.267444142813,5.));
#1309 = CARTESIAN_POINT('',(-1.096584113464,21.313105217676,5.));
#1310 = CARTESIAN_POINT('',(-0.971938054675,21.354832650593,5.));
#1311 = CARTESIAN_POINT('',(-0.842510081562,21.392120035361,5.));
#1312 = CARTESIAN_POINT('',(-0.708849362813,21.424506449214,5.));
#1313 = CARTESIAN_POINT('',(-0.571565886311,21.451585982021,5.));
#1314 = CARTESIAN_POINT('',(-0.431321153399,21.473015726843,5.));
#1315 = CARTESIAN_POINT('',(-0.288818433282,21.488522277096,5.));
#1316 = CARTESIAN_POINT('',(-0.144792652036,21.497906758947,5.));
#1317 = CARTESIAN_POINT('',(2.254426320399E-15,21.501048416387,5.));
#1318 = CARTESIAN_POINT('',(0.144792652036,21.497906758947,5.));
#1319 = CARTESIAN_POINT('',(0.288818433282,21.488522277096,5.));
#1320 = CARTESIAN_POINT('',(0.431321153399,21.473015726843,5.));
#1321 = CARTESIAN_POINT('',(0.571565886311,21.451585982021,5.));
#1322 = CARTESIAN_POINT('',(0.708849362813,21.424506449214,5.));
#1323 = CARTESIAN_POINT('',(0.842510081562,21.392120035361,5.));
#1324 = CARTESIAN_POINT('',(0.971938054675,21.354832650593,5.));
#1325 = CARTESIAN_POINT('',(1.096584113464,21.313105217676,5.));
#1326 = CARTESIAN_POINT('',(1.215968712637,21.267444142813,5.));
#1327 = CARTESIAN_POINT('',(1.329690188352,21.218390178644,5.));
#1328 = CARTESIAN_POINT('',(1.437432448392,21.166505576244,5.));
#1329 = CARTESIAN_POINT('',(1.538972103536,21.112359375303,5.));
#1330 = CARTESIAN_POINT('',(1.634185091318,21.056510615495,5.));
#1331 = CARTESIAN_POINT('',(1.723052901821,20.99948916061,5.));
#1332 = CARTESIAN_POINT('',(1.805668598037,20.941773701054,5.));
#1333 = CARTESIAN_POINT('',(1.882242942862,20.883766326843,5.));
#1334 = CARTESIAN_POINT('',(1.953111120965,20.825762824496,5.));
#1335 = CARTESIAN_POINT('',(2.018740808001,20.76791752273,5.));
#1336 = CARTESIAN_POINT('',(2.07974274351,20.71020106105,5.));
#1337 = CARTESIAN_POINT('',(2.136885591718,20.65234884028,5.));
#1338 = CARTESIAN_POINT('',(2.191117866182,20.593797086251,5.));
#1339 = CARTESIAN_POINT('',(2.243601282202,20.533602373059,5.));
#1340 = CARTESIAN_POINT('',(2.295762470631,20.470339107876,5.));
#1341 = CARTESIAN_POINT('',(2.349374173731,20.401968016394,5.));
#1342 = CARTESIAN_POINT('',(2.406683882876,20.325667643506,5.));
#1343 = CARTESIAN_POINT('',(2.470618978181,20.237621941112,5.));
#1344 = CARTESIAN_POINT('',(2.545114947823,20.132764474096,5.));
#1345 = CARTESIAN_POINT('',(2.635638806715,20.004504271769,5.));
#1346 = CARTESIAN_POINT('',(2.750009510679,19.844524571901,5.));
#1347 = CARTESIAN_POINT('',(2.899624533122,19.642905641749,5.));
#1348 = CARTESIAN_POINT('',(3.101088967655,19.38916367187,5.));
#1349 = CARTESIAN_POINT('',(3.377738058751,19.075371159193,5.));
#1350 = CARTESIAN_POINT('',(3.759141411877,18.702946373522,5.));
#1351 = CARTESIAN_POINT('',(4.274326191577,18.293139310395,5.));
#1352 = CARTESIAN_POINT('',(4.934342681517,17.894565251169,5.));
#1353 = CARTESIAN_POINT('',(5.709766738911,17.572855093457,5.));
#1354 = CARTESIAN_POINT('',(6.526194465406,17.3773412531,5.));
#1355 = CARTESIAN_POINT('',(7.294434976294,17.311846481474,5.));
#1356 = CARTESIAN_POINT('',(7.952106766305,17.340569344246,5.));
#1357 = CARTESIAN_POINT('',(8.479574357303,17.417684058838,5.));
#1358 = CARTESIAN_POINT('',(8.887830784709,17.508937278494,5.));
#1359 = CARTESIAN_POINT('',(9.199964723791,17.595801020833,5.));
#1360 = CARTESIAN_POINT('',(9.439514453286,17.670972658,5.));
#1361 = CARTESIAN_POINT('',(9.626076004701,17.733173540864,5.));
#1362 = CARTESIAN_POINT('',(9.774700800325,17.783729635011,5.));
#1363 = CARTESIAN_POINT('',(9.896602978483,17.824773475504,5.));
#1364 = CARTESIAN_POINT('',(10.000079522516,17.858423838898,5.));
#1365 = CARTESIAN_POINT('',(10.091292285085,17.886466335393,5.));
#1366 = CARTESIAN_POINT('',(10.174852583247,17.910267541893,5.));
#1367 = CARTESIAN_POINT('',(10.254237085419,17.930789021246,5.));
#1368 = CARTESIAN_POINT('',(10.332078625582,17.948638589262,5.));
#1369 = CARTESIAN_POINT('',(10.410369314781,17.964131022195,5.));
#1370 = CARTESIAN_POINT('',(10.490603532269,17.977346728509,5.));
#1371 = CARTESIAN_POINT('',(10.573880019776,17.98818428881,5.));
#1372 = CARTESIAN_POINT('',(10.660976167216,17.99640595883,5.));
#1373 = CARTESIAN_POINT('',(10.752403330923,18.001676508017,5.));
#1374 = CARTESIAN_POINT('',(10.848449156305,18.003596188961,5.));
#1375 = CARTESIAN_POINT('',(10.949210954502,18.001728688736,5.));
#1376 = CARTESIAN_POINT('',(11.054622893698,17.995624826365,5.));
#1377 = CARTESIAN_POINT('',(11.164478896272,17.98484263212,5.));
#1378 = CARTESIAN_POINT('',(11.278452541268,17.968964317045,5.));
#1379 = CARTESIAN_POINT('',(11.396114864764,17.947610530633,5.));
#1380 = CARTESIAN_POINT('',(11.516950667948,17.920452214993,5.));
#1381 = CARTESIAN_POINT('',(11.640373743954,17.887220293793,5.));
#1382 = CARTESIAN_POINT('',(11.765741293481,17.847713381043,5.));
#1383 = CARTESIAN_POINT('',(11.89236769814,17.801803655166,5.));
#1384 = CARTESIAN_POINT('',(12.019537747526,17.749441015068,5.));
#1385 = CARTESIAN_POINT('',(12.146519363085,17.690655614438,5.));
#1386 = CARTESIAN_POINT('',(12.27257582335,17.625558856466,5.));
#1387 = CARTESIAN_POINT('',(12.396977467221,17.554342921849,5.));
#1388 = CARTESIAN_POINT('',(12.51901283191,17.477278896983,5.));
#1389 = CARTESIAN_POINT('',(12.637999167979,17.394713565736,5.));
#1390 = CARTESIAN_POINT('',(12.753292264225,17.307064925969,5.));
#1391 = CARTESIAN_POINT('',(12.86429550885,17.214816490502,5.));
#1392 = CARTESIAN_POINT('',(12.970468109616,17.118510430527,5.));
#1393 = CARTESIAN_POINT('',(13.071332393947,17.018739617063,5.));
#1394 = CARTESIAN_POINT('',(13.166480109461,16.916138611952,5.));
#1395 = CARTESIAN_POINT('',(13.255577645972,16.811373653466,5.));
#1396 = CARTESIAN_POINT('',(13.338370100904,16.705131671683,5.));
#1397 = CARTESIAN_POINT('',(13.414684111061,16.598108354209,5.));
#1398 = CARTESIAN_POINT('',(13.484429374251,16.490995261919,5.));
#1399 = CARTESIAN_POINT('',(13.547598784025,16.38446596497,5.));
#1400 = CARTESIAN_POINT('',(13.604267099298,16.279161128382,5.));
#1401 = CARTESIAN_POINT('',(13.654588067532,16.175672419823,5.));
#1402 = CARTESIAN_POINT('',(13.698789915358,16.074525033979,5.));
#1403 = CARTESIAN_POINT('',(13.737169114063,15.976158519516,5.));
#1404 = CARTESIAN_POINT('',(13.770082320347,15.880905444054,5.));
#1405 = CARTESIAN_POINT('',(13.797936387558,15.788967221926,5.));
#1406 = CARTESIAN_POINT('',(13.821176344743,15.700386132847,5.));
#1407 = CARTESIAN_POINT('',(13.840271261598,15.615012138522,5.));
#1408 = CARTESIAN_POINT('',(13.855697979124,15.532462502114,5.));
#1409 = CARTESIAN_POINT('',(13.867922832251,15.452071348898,5.));
#1410 = CARTESIAN_POINT('',(13.877381806421,15.37282505371,5.));
#1411 = CARTESIAN_POINT('',(13.884460217225,15.29327752984,5.));
#1412 = CARTESIAN_POINT('',(13.889474290824,15.211436895886,5.));
#1413 = CARTESIAN_POINT('',(13.892659550474,15.124611352521,5.));
#1414 = CARTESIAN_POINT('',(13.894175845186,15.029197252329,5.));
#1415 = CARTESIAN_POINT('',(13.89414845843,14.920386676686,5.));
#1416 = CARTESIAN_POINT('',(13.892783291178,14.791767571572,5.));
#1417 = CARTESIAN_POINT('',(13.890629176034,14.63479429895,5.));
#1418 = CARTESIAN_POINT('',(13.889123310951,14.438142589918,5.));
#1419 = CARTESIAN_POINT('',(13.891655772995,14.187087945324,5.));
#1420 = CARTESIAN_POINT('',(13.905498136511,13.863388556026,5.));
#1421 = CARTESIAN_POINT('',(13.944869341455,13.446914824757,5.));
#1422 = CARTESIAN_POINT('',(14.03452533924,12.921433577879,5.));
#1423 = CARTESIAN_POINT('',(14.210440033269,12.287074683682,5.));
#1424 = CARTESIAN_POINT('',(14.51012863624,11.576673537194,5.));
#1425 = CARTESIAN_POINT('',(14.948363390302,10.860621727133,5.));
#1426 = CARTESIAN_POINT('',(15.493947143735,10.222563530453,5.));
#1427 = CARTESIAN_POINT('',(16.076969911947,9.718016704651,5.));
#1428 = CARTESIAN_POINT('',(16.625920441928,9.354684209742,5.));
#1429 = CARTESIAN_POINT('',(17.097977578999,9.107033653314,5.));
#1430 = CARTESIAN_POINT('',(17.481901263571,8.940891951624,5.));
#1431 = CARTESIAN_POINT('',(17.785480151515,8.827698469239,5.));
#1432 = CARTESIAN_POINT('',(18.023464733393,8.747709803014,5.));
#1433 = CARTESIAN_POINT('',(18.210956960611,8.688373245749,5.));
#1434 = CARTESIAN_POINT('',(18.36091307261,8.641914522091,5.));
#1435 = CARTESIAN_POINT('',(18.483658970529,8.603467384021,5.));
#1436 = CARTESIAN_POINT('',(18.587152440509,8.569869113332,5.));
#1437 = CARTESIAN_POINT('',(18.677428081409,8.538942452903,5.));
#1438 = CARTESIAN_POINT('',(18.759019780844,8.509082522511,5.));
#1439 = CARTESIAN_POINT('',(18.83530541511,8.47902370842,5.));
#1440 = CARTESIAN_POINT('',(18.90877225681,8.447710202964,5.));
#1441 = CARTESIAN_POINT('',(18.981216978473,8.414225731987,5.));
#1442 = CARTESIAN_POINT('',(19.053895821221,8.377756973219,5.));
#1443 = CARTESIAN_POINT('',(19.127638072962,8.337576052461,5.));
#1444 = CARTESIAN_POINT('',(19.202932912773,8.293033692233,5.));
#1445 = CARTESIAN_POINT('',(19.279996993043,8.243558117609,5.));
#1446 = CARTESIAN_POINT('',(19.358828058163,8.188656852412,5.));
#1447 = CARTESIAN_POINT('',(19.439248376198,8.127919714019,5.));
#1448 = CARTESIAN_POINT('',(19.520940666133,8.061022002354,5.));
#1449 = CARTESIAN_POINT('',(19.603478424386,7.987727285785,5.));
#1450 = CARTESIAN_POINT('',(19.686352000666,7.907889431369,5.));
#1451 = CARTESIAN_POINT('',(19.768991379238,7.821453676766,5.));
#1452 = CARTESIAN_POINT('',(19.850786340133,7.728456634813,5.));
#1453 = CARTESIAN_POINT('',(19.931104472933,7.629025181939,5.));
#1454 = CARTESIAN_POINT('',(20.009307370365,7.5233742214,5.));
#1455 = CARTESIAN_POINT('',(20.084765223863,7.41180333975,5.));
#1456 = CARTESIAN_POINT('',(20.156869967372,7.294692394478,5.));
#1457 = CARTESIAN_POINT('',(20.225047060791,7.172496085408,5.));
#1458 = CARTESIAN_POINT('',(20.288765965089,7.045737573631,5.));
#1459 = CARTESIAN_POINT('',(20.347549333013,6.915001220627,5.));
#1460 = CARTESIAN_POINT('',(20.400980919663,6.780924527233,5.));
#1461 = CARTESIAN_POINT('',(20.448712203583,6.644189357542,5.));
#1462 = CARTESIAN_POINT('',(20.490467699942,6.505512536772,5.));
#1463 = CARTESIAN_POINT('',(20.526048941359,6.365635914628,5.));
#1464 = CARTESIAN_POINT('',(20.555337097956,6.225315986519,5.));
#1465 = CARTESIAN_POINT('',(20.578294205342,6.085313164071,5.));
#1466 = CARTESIAN_POINT('',(20.594962966494,5.946380783328,5.));
#1467 = CARTESIAN_POINT('',(20.605465090133,5.809253933521,5.));
#1468 = CARTESIAN_POINT('',(20.609998123114,5.674638180733,5.));
#1469 = CARTESIAN_POINT('',(20.608830726577,5.543198248388,5.));
#1470 = CARTESIAN_POINT('',(20.602296333798,5.415546699285,5.));
#1471 = CARTESIAN_POINT('',(20.590785110147,5.292232640194,5.));
#1472 = CARTESIAN_POINT('',(20.574734110304,5.173730437814,5.));
#1473 = CARTESIAN_POINT('',(20.554615492109,5.060428390855,5.));
#1474 = CARTESIAN_POINT('',(20.530922596476,4.952617242494,5.));
#1475 = CARTESIAN_POINT('',(20.504153633938,4.850478333623,5.));
#1476 = CARTESIAN_POINT('',(20.474792624168,4.754071079548,5.));
#1477 = CARTESIAN_POINT('',(20.443287106816,4.663319285491,5.));
#1478 = CARTESIAN_POINT('',(20.410021969335,4.577995574949,5.));
#1479 = CARTESIAN_POINT('',(20.375288506783,4.497702852141,5.));
#1480 = CARTESIAN_POINT('',(20.339247524567,4.421851196354,5.));
#1481 = CARTESIAN_POINT('',(20.301884904225,4.349627798826,5.));
#1482 = CARTESIAN_POINT('',(20.262957571468,4.279956353758,5.));
#1483 = CARTESIAN_POINT('',(20.221927264714,4.211440469607,5.));
#1484 = CARTESIAN_POINT('',(20.177879017791,4.142282807392,5.));
#1485 = CARTESIAN_POINT('',(20.129421173063,4.070167218618,5.));
#1486 = CARTESIAN_POINT('',(20.074564880316,3.992084334383,5.));
#1487 = CARTESIAN_POINT('',(20.010585472236,3.904070827082,5.));
#1488 = CARTESIAN_POINT('',(19.933880615929,3.800818210277,5.));
#1489 = CARTESIAN_POINT('',(19.839871323747,3.67509032291,5.));
#1490 = CARTESIAN_POINT('',(19.723064088263,3.516880869738,5.));
#1491 = CARTESIAN_POINT('',(19.577546624487,3.312284873023,5.));
#1492 = CARTESIAN_POINT('',(19.39847988692,3.042270111963,5.));
#1493 = CARTESIAN_POINT('',(19.185533179089,2.682194619954,5.));
#1494 = CARTESIAN_POINT('',(18.949204773602,2.204369369209,5.));
#1495 = CARTESIAN_POINT('',(18.718612036039,1.587780366218,5.));
#1496 = CARTESIAN_POINT('',(18.543710406362,0.836814870179,5.));
#1497 = CARTESIAN_POINT('',(18.499594350249,0.287853742081,5.));
#1498 = CARTESIAN_POINT('',(18.5,1.24035722155E-14,5.));
#1499 = PCURVE('',#32,#1500);
#1500 = DEFINITIONAL_REPRESENTATION('',(#1501),#1505);
#1501 = LINE('',#1502,#1503);
#1502 = CARTESIAN_POINT('',(0.,-5.));
#1503 = VECTOR('',#1504,1.);
#1504 = DIRECTION('',(1.,0.));
#1505 = ( GEOMETRIC_REPRESENTATION_CONTEXT(2) 
PARAMETRIC_REPRESENTATION_CONTEXT() REPRESENTATION_CONTEXT('2D SPACE',''
  ) );
#1506 = PCURVE('',#1507,#1512);
#1507 = PLANE('',#1508);
#1508 = AXIS2_PLACEMENT_3D('',#1509,#1510,#1511);
#1509 = CARTESIAN_POINT('',(2.756501527489E-06,3.074842174121E-15,5.));
#1510 = DIRECTION('',(-0.,-0.,-1.));
#1511 = DIRECTION('',(-1.,0.,0.));
#1512 = DEFINITIONAL_REPRESENTATION('',(#1513),#2237);
#1513 = B_SPLINE_CURVE_WITH_KNOTS('',3,(#1514,#1515,#1516,#1517,#1518,
    #1519,#1520,#1521,#1522,#1523,#1524,#1525,#1526,#1527,#1528,#1529,
    #1530,#1531,#1532,#1533,#1534,#1535,#1536,#1537,#1538,#1539,#1540,
    #1541,#1542,#1543,#1544,#1545,#1546,#1547,#1548,#1549,#1550,#1551,
    #1552,#1553,#1554,#1555,#1556,#1557,#1558,#1559,#1560,#1561,#1562,
    #1563,#1564,#1565,#1566,#1567,#1568,#1569,#1570,#1571,#1572,#1573,
    #1574,#1575,#1576,#1577,#1578,#1579,#1580,#1581,#1582,#1583,#1584,
    #1585,#1586,#1587,#1588,#1589,#1590,#1591,#1592,#1593,#1594,#1595,
    #1596,#1597,#1598,#1599,#1600,#1601,#1602,#1603,#1604,#1605,#1606,
    #1607,#1608,#1609,#1610,#1611,#1612,#1613,#1614,#1615,#1616,#1617,
    #1618,#1619,#1620,#1621,#1622,#1623,#1624,#1625,#1626,#1627,#1628,
    #1629,#1630,#1631,#1632,#1633,#1634,#1635,#1636,#1637,#1638,#1639,
    #1640,#1641,#1642,#1643,#1644,#1645,#1646,#1647,#1648,#1649,#1650,
    #1651,#1652,#1653,#1654,#1655,#1656,#1657,#1658,#1659,#1660,#1661,
    #1662,#1663,#1664,#1665,#1666,#1667,#1668,#1669,#1670,#1671,#1672,
    #1673,#1674,#1675,#1676,#1677,#1678,#1679,#1680,#1681,#1682,#1683,
    #1684,#1685,#1686,#1687,#1688,#1689,#1690,#1691,#1692,#1693,#1694,
    #1695,#1696,#1697,#1698,#1699,#1700,#1701,#1702,#1703,#1704,#1705,
    #1706,#1707,#1708,#1709,#1710,#1711,#1712,#1713,#1714,#1715,#1716,
    #1717,#1718,#1719,#1720,#1721,#1722,#1723,#1724,#1725,#1726,#1727,
    #1728,#1729,#1730,#1731,#1732,#1733,#1734,#1735,#1736,#1737,#1738,
    #1739,#1740,#1741,#1742,#1743,#1744,#1745,#1746,#1747,#1748,#1749,
    #1750,#1751,#1752,#1753,#1754,#1755,#1756,#1757,#1758,#1759,#1760,
    #1761,#1762,#1763,#1764,#1765,#1766,#1767,#1768,#1769,#1770,#1771,
    #1772,#1773,#1774,#1775,#1776,#1777,#1778,#1779,#1780,#1781,#1782,
    #1783,#1784,#1785,#1786,#1787,#1788,#1789,#1790,#1791,#1792,#1793,
    #1794,#1795,#1796,#1797,#1798,#1799,#1800,#1801,#1802,#1803,#1804,
    #1805,#1806,#1807,#1808,#1809,#1810,#1811,#1812,#1813,#1814,#1815,
    #1816,#1817,#1818,#1819,#1820,#1821,#1822,#1823,#1824,#1825,#1826,
    #1827,#1828,#1829,#1830,#1831,#1832,#1833,#1834,#1835,#1836,#1837,
    #1838,#1839,#1840,#1841,#1842,#1843,#1844,#1845,#1846,#1847,#1848,
    #1849,#1850,#1851,#1852,#1853,#1854,#1855,#1856,#1857,#1858,#1859,
    #1860,#1861,#1862,#1863,#1864,#1865,#1866,#1867,#1868,#1869,#1870,
    #1871,#1872,#1873,#1874,#1875,#1876,#1877,#1878,#1879,#1880,#1881,
    #1882,#1883,#1884,#1885,#1886,#1887,#1888,#1889,#1890,#1891,#1892,
    #1893,#1894,#1895,#1896,#1897,#1898,#1899,#1900,#1901,#1902,#1903,
    #1904,#1905,#1906,#1907,#1908,#1909,#1910,#1911,#1912,#1913,#1914,
    #1915,#1916,#1917,#1918,#1919,#1920,#1921,#1922,#1923,#1924,#1925,
    #1926,#1927,#1928,#1929,#1930,#1931,#1932,#1933,#1934,#1935,#1936,
    #1937,#1938,#1939,#1940,#1941,#1942,#1943,#1944,#1945,#1946,#1947,
    #1948,#1949,#1950,#1951,#1952,#1953,#1954,#1955,#1956,#1957,#1958,
    #1959,#1960,#1961,#1962,#1963,#1964,#1965,#1966,#1967,#1968,#1969,
    #1970,#1971,#1972,#1973,#1974,#1975,#1976,#1977,#1978,#1979,#1980,
    #1981,#1982,#1983,#1984,#1985,#1986,#1987,#1988,#1989,#1990,#1991,
    #1992,#1993,#1994,#1995,#1996,#1997,#1998,#1999,#2000,#2001,#2002,
    #2003,#2004,#2005,#2006,#2007,#2008,#2009,#2010,#2011,#2012,#2013,
    #2014,#2015,#2016,#2017,#2018,#2019,#2020,#2021,#2022,#2023,#2024,
    #2025,#2026,#2027,#2028,#2029,#2030,#2031,#2032,#2033,#2034,#2035,
    #2036,#2037,#2038,#2039,#2040,#2041,#2042,#2043,#2044,#2045,#2046,
    #2047,#2048,#2049,#2050,#2051,#2052,#2053,#2054,#2055,#2056,#2057,
    #2058,#2059,#2060,#2061,#2062,#2063,#2064,#2065,#2066,#2067,#2068,
    #2069,#2070,#2071,#2072,#2073,#2074,#2075,#2076,#2077,#2078,#2079,
    #2080,#2081,#2082,#2083,#2084,#2085,#2086,#2087,#2088,#2089,#2090,
    #2091,#2092,#2093,#2094,#2095,#2096,#2097,#2098,#2099,#2100,#2101,
    #2102,#2103,#2104,#2105,#2106,#2107,#2108,#2109,#2110,#2111,#2112,
    #2113,#2114,#2115,#2116,#2117,#2118,#2119,#2120,#2121,#2122,#2123,
    #2124,#2125,#2126,#2127,#2128,#2129,#2130,#2131,#2132,#2133,#2134,
    #2135,#2136,#2137,#2138,#2139,#2140,#2141,#2142,#2143,#2144,#2145,
    #2146,#2147,#2148,#2149,#2150,#2151,#2152,#2153,#2154,#2155,#2156,
    #2157,#2158,#2159,#2160,#2161,#2162,#2163,#2164,#2165,#2166,#2167,
    #2168,#2169,#2170,#2171,#2172,#2173,#2174,#2175,#2176,#2177,#2178,
    #2179,#2180,#2181,#2182,#2183,#2184,#2185,#2186,#2187,#2188,#2189,
    #2190,#2191,#2192,#2193,#2194,#2195,#2196,#2197,#2198,#2199,#2200,
    #2201,#2202,#2203,#2204,#2205,#2206,#2207,#2208,#2209,#2210,#2211,
    #2212,#2213,#2214,#2215,#2216,#2217,#2218,#2219,#2220,#2221,#2222,
    #2223,#2224,#2225,#2226,#2227,#2228,#2229,#2230,#2231,#2232,#2233,
    #2234,#2235,#2236),.UNSPECIFIED.,.F.,.F.,(4,1,1,1,1,1,1,1,1,1,1,1,1,
    1,1,1,1,1,1,1,1,1,1,1,1,1,1,1,1,1,1,1,1,1,1,1,1,1,1,1,1,1,1,1,1,1,1,
    1,1,1,1,1,1,1,1,1,1,1,1,1,1,1,1,1,1,1,1,1,1,1,1,1,1,1,1,1,1,1,1,1,1,
    1,1,1,1,1,1,1,1,1,1,1,1,1,1,1,1,1,1,1,1,1,1,1,1,1,1,1,1,1,1,1,1,1,1,
    1,1,1,1,1,1,1,1,1,1,1,1,1,1,1,1,1,1,1,1,1,1,1,1,1,1,1,1,1,1,1,1,1,1,
    1,1,1,1,1,1,1,1,1,1,1,1,1,1,1,1,1,1,1,1,1,1,1,1,1,1,1,1,1,1,1,1,1,1,
    1,1,1,1,1,1,1,1,1,1,1,1,1,1,1,1,1,1,1,1,1,1,1,1,1,1,1,1,1,1,1,1,1,1,
    1,1,1,1,1,1,1,1,1,1,1,1,1,1,1,1,1,1,1,1,1,1,1,1,1,1,1,1,1,1,1,1,1,1,
    1,1,1,1,1,1,1,1,1,1,1,1,1,1,1,1,1,1,1,1,1,1,1,1,1,1,1,1,1,1,1,1,1,1,
    1,1,1,1,1,1,1,1,1,1,1,1,1,1,1,1,1,1,1,1,1,1,1,1,1,1,1,1,1,1,1,1,1,1,
    1,1,1,1,1,1,1,1,1,1,1,1,1,1,1,1,1,1,1,1,1,1,1,1,1,1,1,1,1,1,1,1,1,1,
    1,1,1,1,1,1,1,1,1,1,1,1,1,1,1,1,1,1,1,1,1,1,1,1,1,1,1,1,1,1,1,1,1,1,
    1,1,1,1,1,1,1,1,1,1,1,1,1,1,1,1,1,1,1,1,1,1,1,1,1,1,1,1,1,1,1,1,1,1,
    1,1,1,1,1,1,1,1,1,1,1,1,1,1,1,1,1,1,1,1,1,1,1,1,1,1,1,1,1,1,1,1,1,1,
    1,1,1,1,1,1,1,1,1,1,1,1,1,1,1,1,1,1,1,1,1,1,1,1,1,1,1,1,1,1,1,1,1,1,
    1,1,1,1,1,1,1,1,1,1,1,1,1,1,1,1,1,1,1,1,1,1,1,1,1,1,1,1,1,1,1,1,1,1,
    1,1,1,1,1,1,1,1,1,1,1,1,1,1,1,1,1,1,1,1,1,1,1,1,1,1,1,1,1,1,1,1,1,1,
    1,1,1,1,1,1,1,1,1,1,1,1,1,1,1,1,1,1,1,1,1,1,1,1,1,1,1,1,1,1,1,1,1,1,
    1,1,1,1,1,1,1,1,1,1,1,1,1,1,1,1,1,1,1,1,1,1,1,1,1,1,1,1,1,1,1,1,1,1,
    1,1,1,1,1,1,1,1,1,1,1,1,1,1,1,1,1,1,1,1,1,1,1,1,1,1,1,1,1,1,1,1,1,1,
    1,1,1,1,1,1,1,1,1,1,1,1,1,1,1,1,1,1,1,1,1,1,1,1,1,1,1,1,1,1,1,1,1,1,
    1,1,1,1,1,1,1,1,1,1,1,1,1,1,1,1,1,1,1,1,1,1,1,1,1,1,1,4),(0.,
    0.86213979732,1.645849371225,2.305329874721,2.832656798366,
    3.243055188608,3.559528873786,3.80437650162,3.996186641957,
    4.149490719337,4.275341611475,4.38206309832,4.475912987067,
    4.561603837922,4.642692719992,4.721867519123,4.801156279213,
    4.882080687573,4.965769373279,5.053042299577,5.144474276276,
    5.24044328863,5.341167697335,5.446735212304,5.557125733724,
    5.672229582956,5.791862240474,5.915776418106,6.043672083905,
    6.175204906274,6.309993472997,6.447625559209,6.587663657946,
    6.729649942206,6.873110794347,7.01756101433,7.162507800862,
    7.307454587394,7.451904807377,7.595365659518,7.737351943778,
    7.877390042515,8.015022128727,8.14981069545,8.281343517818,
    8.409239183618,8.53315336125,8.652786018768,8.767889868,
    8.878280389419,8.983847904388,9.084572313094,9.180541325448,
    9.271973302146,9.359246228444,9.442934914151,9.52385932251,
    9.6031480826,9.682322881732,9.763411763801,9.849102614656,
    9.942952503403,10.049673990248,10.175524882387,10.328828959767,
    10.520639100103,10.765486727937,11.081960413116,11.492358803358,
    12.019685727003,12.679166230499,13.462875804403,14.325015601724,
    15.187155399044,15.970864972948,16.630345476445,17.15767240009,
    17.568070790332,17.88454447551,18.129392103344,18.32120224368,
    18.47450632106,18.600357213199,18.707078700044,18.800928588791,
    18.886619439646,18.967708321715,19.046883120847,19.126171880937,
    19.207096289297,19.290784975003,19.378057901301,19.469489877999,
    19.565458890354,19.666183299059,19.771750814028,19.882141335447,
    19.997245184679,20.116877842198,20.24079201983,20.368687685629,
    20.500220507997,20.635009074721,20.772641160933,20.912679259669,
    21.05466554393,21.198126396071,21.342576616054,21.487523402585,
    21.632470189117,21.7769204091,21.920381261241,22.062367545502,
    22.202405644238,22.34003773045,22.474826297173,22.606359119542,
    22.734254785341,22.858168962973,22.977801620492,23.092905469723,
    23.203295991143,23.308863506112,23.409587914817,23.505556927171,
    23.59698890387,23.684261830168,23.767950515874,23.848874924234,
    23.928163684324,24.007338483456,24.088427365525,24.17411821638,
    24.267968105127,24.374689591972,24.50054048411,24.65384456149,
    24.845654701827,25.090502329661,25.406976014839,25.817374405081,
    26.344701328726,27.004181832223,27.787891406127,28.650031203447,
    29.512171000767,30.295880574672,30.955361078168,31.482688001813,
    31.893086392055,32.209560077233,32.454407705068,32.646217845404,
    32.799521922784,32.925372814923,33.032094301768,33.125944190515,
    33.21163504137,33.292723923439,33.37189872257,33.45118748266,
    33.53211189102,33.615800576726,33.703073503024,33.794505479723,
    33.890474492077,33.991198900783,34.096766415752,34.207156937171,
    34.322260786403,34.441893443921,34.565807621553,34.693703287353,
    34.825236109721,34.960024676444,35.097656762656,35.237694861393,
    35.379681145653,35.523141997794,35.667592217777,35.812539004309,
    35.957485790841,36.101936010824,36.245396862965,36.387383147225,
    36.527421245962,36.665053332174,36.799841898897,36.931374721266,
    37.059270387065,37.183184564697,37.302817222215,37.417921071447,
    37.528311592866,37.633879107836,37.734603516541,37.830572528895,
    37.922004505594,38.009277431892,38.092966117598,38.173890525958,
    38.253179286048,38.332354085179,38.413442967248,38.499133818104,
    38.592983706851,38.699705193695,38.825556085834,38.978860163214,
    39.17067030355,39.415517931385,39.731991616563,40.142390006805,
    40.66971693045,41.329197433946,42.112907007851,42.975046805171,
    43.837186602491,44.620896176395,45.280376679892,45.807703603537,
    46.218101993779,46.534575678957,46.779423306791,46.971233447128,
    47.124537524508,47.250388416646,47.357109903491,47.450959792238,
    47.536650643093,47.617739525162,47.696914324294,47.776203084384,
    47.857127492744,47.94081617845,48.028089104748,48.119521081447,
    48.215490093801,48.316214502506,48.421782017475,48.532172538895,
    48.647276388126,48.766909045645,48.890823223277,49.018718889076,
    49.150251711445,49.285040278168,49.42267236438,49.562710463116,
    49.704696747377,49.848157599518,49.992607819501,50.137554606033,
    50.282501392564,50.426951612547,50.570412464688,50.712398748949,
    50.852436847685,50.990068933897,51.124857500621,51.256390322989,
    51.384285988788,51.508200166421,51.627832823939,51.742936673171,
    51.85332719459,51.958894709559,52.059619118264,52.155588130619,
    52.247020107317,52.334293033615,52.417981719321,52.498906127681,
    52.578194887771,52.657369686903,52.738458568972,52.824149419827,
    52.917999308574,53.024720795419,53.150571687558,53.303875764938,
    53.495685905274,53.740533533108,54.057007218286,54.467405608529,
    54.994732532173,55.65421303567,56.437922609574,57.300062406894,
    58.162202204215,58.945911778119,59.605392281615,60.13271920526,
    60.543117595503,60.859591280681,61.104438908515,61.296249048851,
    61.449553126231,61.57540401837,61.682125505215,61.775975393962,
    61.861666244817,61.942755126886,62.021929926018,62.101218686108,
    62.182143094468,62.265831780174,62.353104706472,62.44453668317,
    62.540505695524,62.64123010423,62.746797619199,62.857188140618,
    62.97229198985,63.091924647368,63.215838825,63.3437344908,
    63.475267313168,63.610055879891,63.747687966103,63.88772606484,
    64.029712349101,64.173173201242,64.317623421225,64.462570207756,
    64.607516994288,64.751967214271,64.895428066412,65.037414350673,
    65.177452449409,65.315084535621,65.449873102344,65.581405924713,
    65.709301590512,65.833215768144,65.952848425663,66.067952274894,
    66.178342796314,66.283910311283,66.384634719988,66.480603732342,
    66.572035709041,66.659308635339,66.742997321045,66.823921729405,
    66.903210489495,66.982385288626,67.063474170696,67.149165021551,
    67.243014910298,67.349736397143,67.475587289281,67.628891366661,
    67.820701506998,68.065549134832,68.38202282001,68.792421210252,
    69.319748133897,69.979228637393,70.762938211298,71.625078008618,
    72.487217805938,73.270927379843,73.930407883339,74.457734806984,
    74.868133197226,75.184606882404,75.429454510238,75.621264650575,
    75.774568727955,75.900419620094,76.007141106938,76.100990995685,
    76.18668184654,76.26777072861,76.346945527741,76.426234287831,
    76.507158696191,76.590847381897,76.678120308195,76.769552284894,
    76.865521297248,76.966245705953,77.071813220922,77.182203742342,
    77.297307591574,77.416940249092,77.540854426724,77.668750092523,
    77.800282914892,77.935071481615,78.072703567827,78.212741666564,
    78.354727950824,78.498188802965,78.642639022948,78.78758580948,
    78.932532596012,79.076982815995,79.220443668136,79.362429952396,
    79.502468051133,79.640100137345,79.774888704068,79.906421526436,
    80.034317192236,80.158231369868,80.277864027386,80.392967876618,
    80.503358398037,80.608925913006,80.709650321712,80.805619334066,
    80.897051310764,80.984324237062,81.068012922769,81.148937331128,
    81.228226091218,81.30740089035,81.388489772419,81.474180623274,
    81.568030512021,81.674751998866,81.800602891005,81.953906968385,
    82.145717108721,82.390564736555,82.707038421734,83.117436811976,
    83.644763735621,84.304244239117,85.087953813021,85.950093610342,
    86.812233407662,87.595942981566,88.255423485063,88.782750408708,
    89.19314879895,89.509622484128,89.754470111962,89.946280252298,
    90.099584329679,90.225435221817,90.332156708662,90.426006597409,
    90.511697448264,90.592786330333,90.671961129465,90.751249889555,
    90.832174297915,90.915862983621,91.003135909919,91.094567886617,
    91.190536898972,91.291261307677,91.396828822646,91.507219344065,
    91.622323193297,91.741955850816,91.865870028448,91.993765694247,
    92.125298516616,92.260087083339,92.397719169551,92.537757268287,
    92.679743552548,92.823204404689,92.967654624672,93.112601411203,
    93.257548197735,93.401998417718,93.545459269859,93.68744555412,
    93.827483652856,93.965115739068,94.099904305791,94.23143712816,
    94.359332793959,94.483246971591,94.60287962911,94.717983478341,
    94.828373999761,94.93394151473,95.034665923435,95.130634935789,
    95.222066912488,95.309339838786,95.393028524492,95.473952932852,
    95.553241692942,95.632416492074,95.713505374143,95.799196224998,
    95.893046113745,95.99976760059,96.125618492728,96.278922570109,
    96.470732710445,96.715580338279,97.032054023457,97.442452413699,
    97.969779337344,98.629259840841,99.412969414745,100.27510921206,
    101.13724900938,101.92095858329,102.58043908678,103.10776601043,
    103.51816440067,103.83463808585,104.07948571368,104.27129585402,
    104.4245999314,104.55045082354,104.65717231038,104.75102219913,
    104.83671304998,104.91780193205,104.99697673118,105.07626549127,
    105.15718989963,105.24087858534,105.32815151164,105.41958348834,
    105.51555250069,105.6162769094,105.72184442437,105.83223494578,
    105.94733879502,106.06697145253,106.19088563017,106.31878129597,
    106.45031411833,106.58510268506,106.72273477127,106.86277287001,
    107.00475915427,107.14822000641,107.29267022639,107.43761701292,
    107.58256379945,107.72701401944,107.87047487158,108.01246115584,
    108.15249925458,108.29013134079,108.42491990751,108.55645272988,
    108.68434839568,108.80826257331,108.92789523083,109.04299908006,
    109.15338960148,109.25895711645,109.35968152515,109.45565053751,
    109.54708251421,109.63435544051,109.71804412621,109.79896853457,
    109.87825729466,109.95743209379,110.03852097586,110.12421182672,
    110.21806171546,110.32478320231,110.45063409445,110.60393817183,
    110.79574831216,111.04059594,111.35706962518,111.76746801542,
    112.29479493906,112.95427544256,113.73798501646,114.60012481378,
    115.4622646111,116.24597418501,116.90545468851,117.43278161215,
    117.84318000239,118.15965368757,118.4045013154,118.59631145574,
    118.74961553312,118.87546642526,118.9821879121,119.07603780085,
    119.16172865171,119.24281753378,119.32199233291,119.401281093,
    119.48220550136,119.56589418706,119.65316711336,119.74459909006,
    119.84056810241,119.94129251112,120.04686002609,120.15725054751,
    120.27235439674,120.39198705426,120.51590123189,120.64379689769,
    120.77532972006,120.91011828678,121.04775037299,121.18778847173,
    121.32977475599,121.47323560813,121.61768582811,121.76263261465,
    121.90757940118,122.05202962116,122.1954904733,122.33747675756,
    122.4775148563,122.61514694251,122.74993550923,122.8814683316,
    123.0093639974,123.13327817503,123.25291083255,123.36801468178,
    123.4784052032,123.58397271817,123.68469712688,123.78066613923,
    123.87209811593,123.95937104223,124.04305972793,124.12398413629,
    124.20327289638,124.28244769552,124.36353657759,124.44922742844,
    124.54307731719,124.64979880403,124.77564969617,124.92895377355,
    125.12076391389,125.36561154172,125.6820852269,126.09248361714,
    126.61981054079,127.27929104428,128.06300061819,128.92514041551,
    129.78728021283,130.57098978673,131.23047029023,131.75779721387,
    132.16819560412,132.48466928929,132.72951691713,132.92132705746,
    133.07463113484,133.20048202698,133.30720351383,133.40105340258,
    133.48674425343,133.5678331355,133.64700793463,133.72629669472,
    133.80722110308,133.89090978879,133.97818271509,134.06961469178,
    134.16558370414,134.26630811284,134.37187562781,134.48226614923,
    134.59736999846,134.71700265598,134.84091683361,134.96881249941,
    135.10034532178,135.2351338885,135.37276597472,135.51280407345,
    135.65479035771,135.79825120986,135.94270142984,136.08764821637,
    136.2325950029,136.37704522288,136.52050607503,136.66249235929,
    136.80253045802,136.94016254423,137.07495111096,137.20648393333,
    137.33437959913,137.45829377676,137.57792643428,137.69303028351,
    137.80342080493,137.9089883199,138.0097127286,138.10568174096,
    138.19711371765,138.28438664395,138.36807532966,138.44899973802,
    138.52828849811,138.60746329724,138.68855217931,138.77424303016,
    138.86809291891,138.97481440576,139.10066529789,139.25396937527,
    139.44577951561,139.69062714345,140.00710082862,140.41749921887,
    140.94482614251,141.60430664601,142.38801621991,143.25015601723),
  .UNSPECIFIED.);
#1514 = CARTESIAN_POINT('',(-18.49999724349,-3.074842174121E-15));
#1515 = CARTESIAN_POINT('',(-18.49959159374,-0.287853742081));
#1516 = CARTESIAN_POINT('',(-18.54370764986,-0.836814870179));
#1517 = CARTESIAN_POINT('',(-18.71860927953,-1.587780366218));
#1518 = CARTESIAN_POINT('',(-18.9492020171,-2.204369369209));
#1519 = CARTESIAN_POINT('',(-19.18553042258,-2.682194619954));
#1520 = CARTESIAN_POINT('',(-19.39847713041,-3.042270111963));
#1521 = CARTESIAN_POINT('',(-19.57754386798,-3.312284873023));
#1522 = CARTESIAN_POINT('',(-19.72306133176,-3.516880869738));
#1523 = CARTESIAN_POINT('',(-19.83986856724,-3.67509032291));
#1524 = CARTESIAN_POINT('',(-19.93387785942,-3.800818210277));
#1525 = CARTESIAN_POINT('',(-20.01058271573,-3.904070827082));
#1526 = CARTESIAN_POINT('',(-20.07456212381,-3.992084334383));
#1527 = CARTESIAN_POINT('',(-20.12941841656,-4.070167218618));
#1528 = CARTESIAN_POINT('',(-20.17787626128,-4.142282807392));
#1529 = CARTESIAN_POINT('',(-20.22192450821,-4.211440469607));
#1530 = CARTESIAN_POINT('',(-20.26295481496,-4.279956353758));
#1531 = CARTESIAN_POINT('',(-20.30188214772,-4.349627798826));
#1532 = CARTESIAN_POINT('',(-20.33924476806,-4.421851196354));
#1533 = CARTESIAN_POINT('',(-20.37528575028,-4.497702852141));
#1534 = CARTESIAN_POINT('',(-20.41001921283,-4.577995574949));
#1535 = CARTESIAN_POINT('',(-20.44328435031,-4.663319285491));
#1536 = CARTESIAN_POINT('',(-20.47478986766,-4.754071079548));
#1537 = CARTESIAN_POINT('',(-20.50415087743,-4.850478333623));
#1538 = CARTESIAN_POINT('',(-20.53091983997,-4.952617242494));
#1539 = CARTESIAN_POINT('',(-20.5546127356,-5.060428390855));
#1540 = CARTESIAN_POINT('',(-20.5747313538,-5.173730437814));
#1541 = CARTESIAN_POINT('',(-20.59078235364,-5.292232640194));
#1542 = CARTESIAN_POINT('',(-20.60229357729,-5.415546699285));
#1543 = CARTESIAN_POINT('',(-20.60882797007,-5.543198248388));
#1544 = CARTESIAN_POINT('',(-20.60999536661,-5.674638180733));
#1545 = CARTESIAN_POINT('',(-20.60546233363,-5.809253933521));
#1546 = CARTESIAN_POINT('',(-20.59496020999,-5.946380783328));
#1547 = CARTESIAN_POINT('',(-20.57829144884,-6.085313164071));
#1548 = CARTESIAN_POINT('',(-20.55533434145,-6.225315986519));
#1549 = CARTESIAN_POINT('',(-20.52604618485,-6.365635914628));
#1550 = CARTESIAN_POINT('',(-20.49046494344,-6.505512536772));
#1551 = CARTESIAN_POINT('',(-20.44870944708,-6.644189357542));
#1552 = CARTESIAN_POINT('',(-20.40097816316,-6.780924527233));
#1553 = CARTESIAN_POINT('',(-20.34754657651,-6.915001220627));
#1554 = CARTESIAN_POINT('',(-20.28876320858,-7.045737573631));
#1555 = CARTESIAN_POINT('',(-20.22504430429,-7.172496085408));
#1556 = CARTESIAN_POINT('',(-20.15686721087,-7.294692394478));
#1557 = CARTESIAN_POINT('',(-20.08476246736,-7.41180333975));
#1558 = CARTESIAN_POINT('',(-20.00930461386,-7.5233742214));
#1559 = CARTESIAN_POINT('',(-19.93110171643,-7.629025181939));
#1560 = CARTESIAN_POINT('',(-19.85078358363,-7.728456634813));
#1561 = CARTESIAN_POINT('',(-19.76898862273,-7.821453676766));
#1562 = CARTESIAN_POINT('',(-19.68634924416,-7.907889431369));
#1563 = CARTESIAN_POINT('',(-19.60347566788,-7.987727285785));
#1564 = CARTESIAN_POINT('',(-19.52093790963,-8.061022002354));
#1565 = CARTESIAN_POINT('',(-19.43924561969,-8.127919714019));
#1566 = CARTESIAN_POINT('',(-19.35882530166,-8.188656852412));
#1567 = CARTESIAN_POINT('',(-19.27999423654,-8.243558117609));
#1568 = CARTESIAN_POINT('',(-19.20293015627,-8.293033692233));
#1569 = CARTESIAN_POINT('',(-19.12763531646,-8.337576052461));
#1570 = CARTESIAN_POINT('',(-19.05389306472,-8.377756973219));
#1571 = CARTESIAN_POINT('',(-18.98121422197,-8.414225731987));
#1572 = CARTESIAN_POINT('',(-18.9087695003,-8.447710202964));
#1573 = CARTESIAN_POINT('',(-18.8353026586,-8.47902370842));
#1574 = CARTESIAN_POINT('',(-18.75901702434,-8.509082522511));
#1575 = CARTESIAN_POINT('',(-18.6774253249,-8.538942452903));
#1576 = CARTESIAN_POINT('',(-18.587149684,-8.569869113332));
#1577 = CARTESIAN_POINT('',(-18.48365621402,-8.603467384021));
#1578 = CARTESIAN_POINT('',(-18.3609103161,-8.641914522091));
#1579 = CARTESIAN_POINT('',(-18.2109542041,-8.688373245749));
#1580 = CARTESIAN_POINT('',(-18.02346197689,-8.747709803014));
#1581 = CARTESIAN_POINT('',(-17.78547739501,-8.827698469239));
#1582 = CARTESIAN_POINT('',(-17.48189850706,-8.940891951624));
#1583 = CARTESIAN_POINT('',(-17.09797482249,-9.107033653314));
#1584 = CARTESIAN_POINT('',(-16.62591768542,-9.354684209742));
#1585 = CARTESIAN_POINT('',(-16.07696715544,-9.718016704651));
#1586 = CARTESIAN_POINT('',(-15.49394438723,-10.22256353045));
#1587 = CARTESIAN_POINT('',(-14.9483606338,-10.86062172713));
#1588 = CARTESIAN_POINT('',(-14.51012587973,-11.57667353719));
#1589 = CARTESIAN_POINT('',(-14.21043727676,-12.28707468368));
#1590 = CARTESIAN_POINT('',(-14.03452258273,-12.92143357787));
#1591 = CARTESIAN_POINT('',(-13.94486658495,-13.44691482475));
#1592 = CARTESIAN_POINT('',(-13.90549538001,-13.86338855602));
#1593 = CARTESIAN_POINT('',(-13.89165301649,-14.18708794532));
#1594 = CARTESIAN_POINT('',(-13.88912055445,-14.43814258991));
#1595 = CARTESIAN_POINT('',(-13.89062641953,-14.63479429895));
#1596 = CARTESIAN_POINT('',(-13.89278053467,-14.79176757157));
#1597 = CARTESIAN_POINT('',(-13.89414570192,-14.92038667668));
#1598 = CARTESIAN_POINT('',(-13.89417308868,-15.02919725232));
#1599 = CARTESIAN_POINT('',(-13.89265679397,-15.12461135252));
#1600 = CARTESIAN_POINT('',(-13.88947153432,-15.21143689588));
#1601 = CARTESIAN_POINT('',(-13.88445746072,-15.29327752984));
#1602 = CARTESIAN_POINT('',(-13.87737904992,-15.37282505371));
#1603 = CARTESIAN_POINT('',(-13.86792007575,-15.45207134889));
#1604 = CARTESIAN_POINT('',(-13.85569522262,-15.53246250211));
#1605 = CARTESIAN_POINT('',(-13.84026850509,-15.61501213852));
#1606 = CARTESIAN_POINT('',(-13.82117358824,-15.70038613284));
#1607 = CARTESIAN_POINT('',(-13.79793363105,-15.78896722192));
#1608 = CARTESIAN_POINT('',(-13.77007956384,-15.88090544405));
#1609 = CARTESIAN_POINT('',(-13.73716635756,-15.97615851951));
#1610 = CARTESIAN_POINT('',(-13.69878715885,-16.07452503397));
#1611 = CARTESIAN_POINT('',(-13.65458531103,-16.17567241982));
#1612 = CARTESIAN_POINT('',(-13.60426434279,-16.27916112838));
#1613 = CARTESIAN_POINT('',(-13.54759602752,-16.38446596497));
#1614 = CARTESIAN_POINT('',(-13.48442661774,-16.49099526191));
#1615 = CARTESIAN_POINT('',(-13.41468135456,-16.5981083542));
#1616 = CARTESIAN_POINT('',(-13.3383673444,-16.70513167168));
#1617 = CARTESIAN_POINT('',(-13.25557488947,-16.81137365346));
#1618 = CARTESIAN_POINT('',(-13.16647735295,-16.91613861195));
#1619 = CARTESIAN_POINT('',(-13.07132963744,-17.01873961706));
#1620 = CARTESIAN_POINT('',(-12.97046535311,-17.11851043052));
#1621 = CARTESIAN_POINT('',(-12.86429275234,-17.2148164905));
#1622 = CARTESIAN_POINT('',(-12.75328950772,-17.30706492596));
#1623 = CARTESIAN_POINT('',(-12.63799641147,-17.39471356573));
#1624 = CARTESIAN_POINT('',(-12.5190100754,-17.47727889698));
#1625 = CARTESIAN_POINT('',(-12.39697471072,-17.55434292184));
#1626 = CARTESIAN_POINT('',(-12.27257306684,-17.62555885646));
#1627 = CARTESIAN_POINT('',(-12.14651660658,-17.69065561443));
#1628 = CARTESIAN_POINT('',(-12.01953499102,-17.74944101506));
#1629 = CARTESIAN_POINT('',(-11.89236494163,-17.80180365516));
#1630 = CARTESIAN_POINT('',(-11.76573853697,-17.84771338104));
#1631 = CARTESIAN_POINT('',(-11.64037098745,-17.88722029379));
#1632 = CARTESIAN_POINT('',(-11.51694791144,-17.92045221499));
#1633 = CARTESIAN_POINT('',(-11.39611210826,-17.94761053063));
#1634 = CARTESIAN_POINT('',(-11.27844978476,-17.96896431704));
#1635 = CARTESIAN_POINT('',(-11.16447613977,-17.98484263212));
#1636 = CARTESIAN_POINT('',(-11.05462013719,-17.99562482636));
#1637 = CARTESIAN_POINT('',(-10.949208198,-18.00172868873));
#1638 = CARTESIAN_POINT('',(-10.8484463998,-18.00359618896));
#1639 = CARTESIAN_POINT('',(-10.75240057442,-18.00167650801));
#1640 = CARTESIAN_POINT('',(-10.66097341071,-17.99640595883));
#1641 = CARTESIAN_POINT('',(-10.57387726327,-17.98818428881));
#1642 = CARTESIAN_POINT('',(-10.49060077576,-17.9773467285));
#1643 = CARTESIAN_POINT('',(-10.41036655828,-17.96413102219));
#1644 = CARTESIAN_POINT('',(-10.33207586908,-17.94863858926));
#1645 = CARTESIAN_POINT('',(-10.25423432891,-17.93078902124));
#1646 = CARTESIAN_POINT('',(-10.17484982674,-17.91026754189));
#1647 = CARTESIAN_POINT('',(-10.09128952858,-17.88646633539));
#1648 = CARTESIAN_POINT('',(-10.00007676601,-17.85842383889));
#1649 = CARTESIAN_POINT('',(-9.896600221981,-17.8247734755));
#1650 = CARTESIAN_POINT('',(-9.774698043823,-17.78372963501));
#1651 = CARTESIAN_POINT('',(-9.626073248199,-17.73317354086));
#1652 = CARTESIAN_POINT('',(-9.439511696785,-17.670972658));
#1653 = CARTESIAN_POINT('',(-9.199961967289,-17.59580102083));
#1654 = CARTESIAN_POINT('',(-8.887828028207,-17.50893727849));
#1655 = CARTESIAN_POINT('',(-8.479571600801,-17.41768405883));
#1656 = CARTESIAN_POINT('',(-7.952104009804,-17.34056934424));
#1657 = CARTESIAN_POINT('',(-7.294432219793,-17.31184648147));
#1658 = CARTESIAN_POINT('',(-6.526191708904,-17.3773412531));
#1659 = CARTESIAN_POINT('',(-5.709763982409,-17.57285509345));
#1660 = CARTESIAN_POINT('',(-4.934339925015,-17.89456525116));
#1661 = CARTESIAN_POINT('',(-4.274323435075,-18.29313931039));
#1662 = CARTESIAN_POINT('',(-3.759138655376,-18.70294637352));
#1663 = CARTESIAN_POINT('',(-3.377735302249,-19.07537115919));
#1664 = CARTESIAN_POINT('',(-3.101086211153,-19.38916367187));
#1665 = CARTESIAN_POINT('',(-2.89962177662,-19.64290564174));
#1666 = CARTESIAN_POINT('',(-2.750006754178,-19.8445245719));
#1667 = CARTESIAN_POINT('',(-2.635636050213,-20.00450427176));
#1668 = CARTESIAN_POINT('',(-2.545112191322,-20.13276447409));
#1669 = CARTESIAN_POINT('',(-2.47061622168,-20.23762194111));
#1670 = CARTESIAN_POINT('',(-2.406681126374,-20.3256676435));
#1671 = CARTESIAN_POINT('',(-2.34937141723,-20.40196801639));
#1672 = CARTESIAN_POINT('',(-2.295759714129,-20.47033910787));
#1673 = CARTESIAN_POINT('',(-2.243598525701,-20.53360237305));
#1674 = CARTESIAN_POINT('',(-2.19111510968,-20.59379708625));
#1675 = CARTESIAN_POINT('',(-2.136882835217,-20.65234884028));
#1676 = CARTESIAN_POINT('',(-2.079739987008,-20.71020106105));
#1677 = CARTESIAN_POINT('',(-2.018738051499,-20.76791752273));
#1678 = CARTESIAN_POINT('',(-1.953108364463,-20.82576282449));
#1679 = CARTESIAN_POINT('',(-1.88224018636,-20.88376632684));
#1680 = CARTESIAN_POINT('',(-1.805665841535,-20.94177370105));
#1681 = CARTESIAN_POINT('',(-1.723050145319,-20.99948916061));
#1682 = CARTESIAN_POINT('',(-1.634182334816,-21.05651061549));
#1683 = CARTESIAN_POINT('',(-1.538969347035,-21.1123593753));
#1684 = CARTESIAN_POINT('',(-1.43742969189,-21.16650557624));
#1685 = CARTESIAN_POINT('',(-1.329687431851,-21.21839017864));
#1686 = CARTESIAN_POINT('',(-1.215965956135,-21.26744414281));
#1687 = CARTESIAN_POINT('',(-1.096581356962,-21.31310521767));
#1688 = CARTESIAN_POINT('',(-0.971935298173,-21.35483265059));
#1689 = CARTESIAN_POINT('',(-0.842507325061,-21.39212003536));
#1690 = CARTESIAN_POINT('',(-0.708846606311,-21.42450644921));
#1691 = CARTESIAN_POINT('',(-0.57156312981,-21.45158598202));
#1692 = CARTESIAN_POINT('',(-0.431318396897,-21.47301572684));
#1693 = CARTESIAN_POINT('',(-0.288815676781,-21.48852227709));
#1694 = CARTESIAN_POINT('',(-0.144789895534,-21.49790675894));
#1695 = CARTESIAN_POINT('',(2.756501526803E-06,-21.50104841638));
#1696 = CARTESIAN_POINT('',(0.144795408537,-21.49790675894));
#1697 = CARTESIAN_POINT('',(0.288821189784,-21.48852227709));
#1698 = CARTESIAN_POINT('',(0.4313239099,-21.47301572684));
#1699 = CARTESIAN_POINT('',(0.571568642813,-21.45158598202));
#1700 = CARTESIAN_POINT('',(0.708852119314,-21.42450644921));
#1701 = CARTESIAN_POINT('',(0.842512838064,-21.39212003536));
#1702 = CARTESIAN_POINT('',(0.971940811176,-21.35483265059));
#1703 = CARTESIAN_POINT('',(1.096586869965,-21.31310521767));
#1704 = CARTESIAN_POINT('',(1.215971469138,-21.26744414281));
#1705 = CARTESIAN_POINT('',(1.329692944854,-21.21839017864));
#1706 = CARTESIAN_POINT('',(1.437435204893,-21.16650557624));
#1707 = CARTESIAN_POINT('',(1.538974860038,-21.1123593753));
#1708 = CARTESIAN_POINT('',(1.634187847819,-21.05651061549));
#1709 = CARTESIAN_POINT('',(1.723055658322,-20.99948916061));
#1710 = CARTESIAN_POINT('',(1.805671354538,-20.94177370105));
#1711 = CARTESIAN_POINT('',(1.882245699363,-20.88376632684));
#1712 = CARTESIAN_POINT('',(1.953113877466,-20.82576282449));
#1713 = CARTESIAN_POINT('',(2.018743564502,-20.76791752273));
#1714 = CARTESIAN_POINT('',(2.079745500012,-20.71020106105));
#1715 = CARTESIAN_POINT('',(2.13688834822,-20.65234884028));
#1716 = CARTESIAN_POINT('',(2.191120622683,-20.59379708625));
#1717 = CARTESIAN_POINT('',(2.243604038704,-20.53360237305));
#1718 = CARTESIAN_POINT('',(2.295765227133,-20.47033910787));
#1719 = CARTESIAN_POINT('',(2.349376930233,-20.40196801639));
#1720 = CARTESIAN_POINT('',(2.406686639377,-20.3256676435));
#1721 = CARTESIAN_POINT('',(2.470621734683,-20.23762194111));
#1722 = CARTESIAN_POINT('',(2.545117704325,-20.13276447409));
#1723 = CARTESIAN_POINT('',(2.635641563216,-20.00450427176));
#1724 = CARTESIAN_POINT('',(2.750012267181,-19.8445245719));
#1725 = CARTESIAN_POINT('',(2.899627289623,-19.64290564174));
#1726 = CARTESIAN_POINT('',(3.101091724156,-19.38916367187));
#1727 = CARTESIAN_POINT('',(3.377740815252,-19.07537115919));
#1728 = CARTESIAN_POINT('',(3.759144168379,-18.70294637352));
#1729 = CARTESIAN_POINT('',(4.274328948078,-18.29313931039));
#1730 = CARTESIAN_POINT('',(4.934345438018,-17.89456525116));
#1731 = CARTESIAN_POINT('',(5.709769495412,-17.57285509345));
#1732 = CARTESIAN_POINT('',(6.526197221907,-17.3773412531));
#1733 = CARTESIAN_POINT('',(7.294437732796,-17.31184648147));
#1734 = CARTESIAN_POINT('',(7.952109522807,-17.34056934424));
#1735 = CARTESIAN_POINT('',(8.479577113804,-17.41768405883));
#1736 = CARTESIAN_POINT('',(8.88783354121,-17.50893727849));
#1737 = CARTESIAN_POINT('',(9.199967480292,-17.59580102083));
#1738 = CARTESIAN_POINT('',(9.439517209788,-17.670972658));
#1739 = CARTESIAN_POINT('',(9.626078761203,-17.73317354086));
#1740 = CARTESIAN_POINT('',(9.774703556826,-17.78372963501));
#1741 = CARTESIAN_POINT('',(9.896605734984,-17.8247734755));
#1742 = CARTESIAN_POINT('',(10.000082279018,-17.85842383889));
#1743 = CARTESIAN_POINT('',(10.091295041587,-17.88646633539));
#1744 = CARTESIAN_POINT('',(10.174855339748,-17.91026754189));
#1745 = CARTESIAN_POINT('',(10.254239841921,-17.93078902124));
#1746 = CARTESIAN_POINT('',(10.332081382084,-17.94863858926));
#1747 = CARTESIAN_POINT('',(10.410372071283,-17.96413102219));
#1748 = CARTESIAN_POINT('',(10.490606288771,-17.9773467285));
#1749 = CARTESIAN_POINT('',(10.573882776278,-17.98818428881));
#1750 = CARTESIAN_POINT('',(10.660978923718,-17.99640595883));
#1751 = CARTESIAN_POINT('',(10.752406087425,-18.00167650801));
#1752 = CARTESIAN_POINT('',(10.848451912807,-18.00359618896));
#1753 = CARTESIAN_POINT('',(10.949213711004,-18.00172868873));
#1754 = CARTESIAN_POINT('',(11.054625650199,-17.99562482636));
#1755 = CARTESIAN_POINT('',(11.164481652774,-17.98484263212));
#1756 = CARTESIAN_POINT('',(11.278455297769,-17.96896431704));
#1757 = CARTESIAN_POINT('',(11.396117621266,-17.94761053063));
#1758 = CARTESIAN_POINT('',(11.51695342445,-17.92045221499));
#1759 = CARTESIAN_POINT('',(11.640376500455,-17.88722029379));
#1760 = CARTESIAN_POINT('',(11.765744049982,-17.84771338104));
#1761 = CARTESIAN_POINT('',(11.892370454641,-17.80180365516));
#1762 = CARTESIAN_POINT('',(12.019540504027,-17.74944101506));
#1763 = CARTESIAN_POINT('',(12.146522119586,-17.69065561443));
#1764 = CARTESIAN_POINT('',(12.272578579851,-17.62555885646));
#1765 = CARTESIAN_POINT('',(12.396980223723,-17.55434292184));
#1766 = CARTESIAN_POINT('',(12.519015588412,-17.47727889698));
#1767 = CARTESIAN_POINT('',(12.63800192448,-17.39471356573));
#1768 = CARTESIAN_POINT('',(12.753295020727,-17.30706492596));
#1769 = CARTESIAN_POINT('',(12.864298265351,-17.2148164905));
#1770 = CARTESIAN_POINT('',(12.970470866117,-17.11851043052));
#1771 = CARTESIAN_POINT('',(13.071335150448,-17.01873961706));
#1772 = CARTESIAN_POINT('',(13.166482865962,-16.91613861195));
#1773 = CARTESIAN_POINT('',(13.255580402473,-16.81137365346));
#1774 = CARTESIAN_POINT('',(13.338372857406,-16.70513167168));
#1775 = CARTESIAN_POINT('',(13.414686867563,-16.5981083542));
#1776 = CARTESIAN_POINT('',(13.484432130752,-16.49099526191));
#1777 = CARTESIAN_POINT('',(13.547601540527,-16.38446596497));
#1778 = CARTESIAN_POINT('',(13.604269855799,-16.27916112838));
#1779 = CARTESIAN_POINT('',(13.654590824033,-16.17567241982));
#1780 = CARTESIAN_POINT('',(13.69879267186,-16.07452503397));
#1781 = CARTESIAN_POINT('',(13.737171870564,-15.97615851951));
#1782 = CARTESIAN_POINT('',(13.770085076848,-15.88090544405));
#1783 = CARTESIAN_POINT('',(13.797939144059,-15.78896722192));
#1784 = CARTESIAN_POINT('',(13.821179101244,-15.70038613284));
#1785 = CARTESIAN_POINT('',(13.840274018099,-15.61501213852));
#1786 = CARTESIAN_POINT('',(13.855700735626,-15.53246250211));
#1787 = CARTESIAN_POINT('',(13.867925588753,-15.45207134889));
#1788 = CARTESIAN_POINT('',(13.877384562923,-15.37282505371));
#1789 = CARTESIAN_POINT('',(13.884462973727,-15.29327752984));
#1790 = CARTESIAN_POINT('',(13.889477047326,-15.21143689588));
#1791 = CARTESIAN_POINT('',(13.892662306975,-15.12461135252));
#1792 = CARTESIAN_POINT('',(13.894178601688,-15.02919725232));
#1793 = CARTESIAN_POINT('',(13.894151214932,-14.92038667668));
#1794 = CARTESIAN_POINT('',(13.89278604768,-14.79176757157));
#1795 = CARTESIAN_POINT('',(13.890631932535,-14.63479429895));
#1796 = CARTESIAN_POINT('',(13.889126067453,-14.43814258991));
#1797 = CARTESIAN_POINT('',(13.891658529496,-14.18708794532));
#1798 = CARTESIAN_POINT('',(13.905500893013,-13.86338855602));
#1799 = CARTESIAN_POINT('',(13.944872097957,-13.44691482475));
#1800 = CARTESIAN_POINT('',(14.034528095742,-12.92143357787));
#1801 = CARTESIAN_POINT('',(14.210442789771,-12.28707468368));
#1802 = CARTESIAN_POINT('',(14.510131392741,-11.57667353719));
#1803 = CARTESIAN_POINT('',(14.948366146804,-10.86062172713));
#1804 = CARTESIAN_POINT('',(15.493949900237,-10.22256353045));
#1805 = CARTESIAN_POINT('',(16.076972668449,-9.718016704651));
#1806 = CARTESIAN_POINT('',(16.625923198429,-9.354684209742));
#1807 = CARTESIAN_POINT('',(17.0979803355,-9.107033653314));
#1808 = CARTESIAN_POINT('',(17.481904020072,-8.940891951624));
#1809 = CARTESIAN_POINT('',(17.785482908017,-8.827698469239));
#1810 = CARTESIAN_POINT('',(18.023467489894,-8.747709803014));
#1811 = CARTESIAN_POINT('',(18.210959717112,-8.688373245749));
#1812 = CARTESIAN_POINT('',(18.360915829111,-8.641914522091));
#1813 = CARTESIAN_POINT('',(18.483661727031,-8.603467384021));
#1814 = CARTESIAN_POINT('',(18.587155197011,-8.569869113332));
#1815 = CARTESIAN_POINT('',(18.67743083791,-8.538942452903));
#1816 = CARTESIAN_POINT('',(18.759022537345,-8.509082522511));
#1817 = CARTESIAN_POINT('',(18.835308171611,-8.47902370842));
#1818 = CARTESIAN_POINT('',(18.908775013312,-8.447710202964));
#1819 = CARTESIAN_POINT('',(18.981219734975,-8.414225731987));
#1820 = CARTESIAN_POINT('',(19.053898577723,-8.377756973219));
#1821 = CARTESIAN_POINT('',(19.127640829464,-8.337576052461));
#1822 = CARTESIAN_POINT('',(19.202935669275,-8.293033692233));
#1823 = CARTESIAN_POINT('',(19.279999749544,-8.243558117609));
#1824 = CARTESIAN_POINT('',(19.358830814665,-8.188656852412));
#1825 = CARTESIAN_POINT('',(19.4392511327,-8.127919714019));
#1826 = CARTESIAN_POINT('',(19.520943422635,-8.061022002354));
#1827 = CARTESIAN_POINT('',(19.603481180887,-7.987727285785));
#1828 = CARTESIAN_POINT('',(19.686354757167,-7.907889431369));
#1829 = CARTESIAN_POINT('',(19.76899413574,-7.821453676766));
#1830 = CARTESIAN_POINT('',(19.850789096634,-7.728456634813));
#1831 = CARTESIAN_POINT('',(19.931107229434,-7.629025181939));
#1832 = CARTESIAN_POINT('',(20.009310126867,-7.5233742214));
#1833 = CARTESIAN_POINT('',(20.084767980365,-7.41180333975));
#1834 = CARTESIAN_POINT('',(20.156872723873,-7.294692394478));
#1835 = CARTESIAN_POINT('',(20.225049817293,-7.172496085408));
#1836 = CARTESIAN_POINT('',(20.28876872159,-7.045737573631));
#1837 = CARTESIAN_POINT('',(20.347552089514,-6.915001220627));
#1838 = CARTESIAN_POINT('',(20.400983676164,-6.780924527233));
#1839 = CARTESIAN_POINT('',(20.448714960084,-6.644189357542));
#1840 = CARTESIAN_POINT('',(20.490470456444,-6.505512536772));
#1841 = CARTESIAN_POINT('',(20.52605169786,-6.365635914628));
#1842 = CARTESIAN_POINT('',(20.555339854458,-6.225315986519));
#1843 = CARTESIAN_POINT('',(20.578296961843,-6.085313164071));
#1844 = CARTESIAN_POINT('',(20.594965722995,-5.946380783328));
#1845 = CARTESIAN_POINT('',(20.605467846635,-5.809253933521));
#1846 = CARTESIAN_POINT('',(20.610000879615,-5.674638180733));
#1847 = CARTESIAN_POINT('',(20.608833483078,-5.543198248388));
#1848 = CARTESIAN_POINT('',(20.6022990903,-5.415546699285));
#1849 = CARTESIAN_POINT('',(20.590787866649,-5.292232640194));
#1850 = CARTESIAN_POINT('',(20.574736866805,-5.173730437814));
#1851 = CARTESIAN_POINT('',(20.554618248611,-5.060428390855));
#1852 = CARTESIAN_POINT('',(20.530925352977,-4.952617242495));
#1853 = CARTESIAN_POINT('',(20.504156390439,-4.850478333623));
#1854 = CARTESIAN_POINT('',(20.47479538067,-4.754071079548));
#1855 = CARTESIAN_POINT('',(20.443289863317,-4.663319285491));
#1856 = CARTESIAN_POINT('',(20.410024725836,-4.577995574949));
#1857 = CARTESIAN_POINT('',(20.375291263284,-4.497702852141));
#1858 = CARTESIAN_POINT('',(20.339250281068,-4.421851196354));
#1859 = CARTESIAN_POINT('',(20.301887660726,-4.349627798826));
#1860 = CARTESIAN_POINT('',(20.262960327969,-4.279956353758));
#1861 = CARTESIAN_POINT('',(20.221930021215,-4.211440469607));
#1862 = CARTESIAN_POINT('',(20.177881774292,-4.142282807392));
#1863 = CARTESIAN_POINT('',(20.129423929567,-4.070167218617));
#1864 = CARTESIAN_POINT('',(20.074567636805,-3.992084334389));
#1865 = CARTESIAN_POINT('',(20.010588228797,-3.904070827057));
#1866 = CARTESIAN_POINT('',(19.933883372141,-3.800818210396));
#1867 = CARTESIAN_POINT('',(19.83987408173,-3.675090322296));
#1868 = CARTESIAN_POINT('',(19.72306683688,-3.516880873003));
#1869 = CARTESIAN_POINT('',(19.577549424099,-3.312284855169));
#1870 = CARTESIAN_POINT('',(19.39848240422,-3.042270211026));
#1871 = CARTESIAN_POINT('',(19.185537260902,-2.682194071087));
#1872 = CARTESIAN_POINT('',(18.949200359487,-2.20437233886));
#1873 = CARTESIAN_POINT('',(18.718651533847,-1.58776515011));
#1874 = CARTESIAN_POINT('',(18.543541389553,-0.836886008673));
#1875 = CARTESIAN_POINT('',(18.477196059284,-3.166374891896E-14));
#1876 = CARTESIAN_POINT('',(18.543541389553,0.836886008673));
#1877 = CARTESIAN_POINT('',(18.718651533847,1.58776515011));
#1878 = CARTESIAN_POINT('',(18.949200359487,2.20437233886));
#1879 = CARTESIAN_POINT('',(19.185537260902,2.682194071087));
#1880 = CARTESIAN_POINT('',(19.39848240422,3.042270211026));
#1881 = CARTESIAN_POINT('',(19.577549424099,3.312284855169));
#1882 = CARTESIAN_POINT('',(19.72306683688,3.516880873003));
#1883 = CARTESIAN_POINT('',(19.83987408173,3.675090322296));
#1884 = CARTESIAN_POINT('',(19.933883372141,3.800818210396));
#1885 = CARTESIAN_POINT('',(20.010588228797,3.904070827057));
#1886 = CARTESIAN_POINT('',(20.074567636805,3.992084334389));
#1887 = CARTESIAN_POINT('',(20.129423929567,4.070167218617));
#1888 = CARTESIAN_POINT('',(20.177881774292,4.142282807392));
#1889 = CARTESIAN_POINT('',(20.221930021215,4.211440469607));
#1890 = CARTESIAN_POINT('',(20.262960327969,4.279956353758));
#1891 = CARTESIAN_POINT('',(20.301887660726,4.349627798826));
#1892 = CARTESIAN_POINT('',(20.339250281068,4.421851196354));
#1893 = CARTESIAN_POINT('',(20.375291263284,4.497702852141));
#1894 = CARTESIAN_POINT('',(20.410024725836,4.577995574949));
#1895 = CARTESIAN_POINT('',(20.443289863317,4.663319285491));
#1896 = CARTESIAN_POINT('',(20.47479538067,4.754071079548));
#1897 = CARTESIAN_POINT('',(20.504156390439,4.850478333623));
#1898 = CARTESIAN_POINT('',(20.530925352977,4.952617242494));
#1899 = CARTESIAN_POINT('',(20.554618248611,5.060428390855));
#1900 = CARTESIAN_POINT('',(20.574736866805,5.173730437814));
#1901 = CARTESIAN_POINT('',(20.590787866649,5.292232640194));
#1902 = CARTESIAN_POINT('',(20.6022990903,5.415546699285));
#1903 = CARTESIAN_POINT('',(20.608833483078,5.543198248388));
#1904 = CARTESIAN_POINT('',(20.610000879615,5.674638180733));
#1905 = CARTESIAN_POINT('',(20.605467846635,5.809253933521));
#1906 = CARTESIAN_POINT('',(20.594965722995,5.946380783328));
#1907 = CARTESIAN_POINT('',(20.578296961843,6.085313164071));
#1908 = CARTESIAN_POINT('',(20.555339854458,6.225315986519));
#1909 = CARTESIAN_POINT('',(20.52605169786,6.365635914628));
#1910 = CARTESIAN_POINT('',(20.490470456444,6.505512536772));
#1911 = CARTESIAN_POINT('',(20.448714960084,6.644189357542));
#1912 = CARTESIAN_POINT('',(20.400983676164,6.780924527233));
#1913 = CARTESIAN_POINT('',(20.347552089514,6.915001220627));
#1914 = CARTESIAN_POINT('',(20.28876872159,7.045737573631));
#1915 = CARTESIAN_POINT('',(20.225049817293,7.172496085408));
#1916 = CARTESIAN_POINT('',(20.156872723873,7.294692394478));
#1917 = CARTESIAN_POINT('',(20.084767980365,7.41180333975));
#1918 = CARTESIAN_POINT('',(20.009310126867,7.5233742214));
#1919 = CARTESIAN_POINT('',(19.931107229434,7.629025181939));
#1920 = CARTESIAN_POINT('',(19.850789096634,7.728456634813));
#1921 = CARTESIAN_POINT('',(19.76899413574,7.821453676766));
#1922 = CARTESIAN_POINT('',(19.686354757167,7.907889431369));
#1923 = CARTESIAN_POINT('',(19.603481180887,7.987727285785));
#1924 = CARTESIAN_POINT('',(19.520943422635,8.061022002354));
#1925 = CARTESIAN_POINT('',(19.4392511327,8.127919714019));
#1926 = CARTESIAN_POINT('',(19.358830814665,8.188656852412));
#1927 = CARTESIAN_POINT('',(19.279999749544,8.243558117609));
#1928 = CARTESIAN_POINT('',(19.202935669275,8.293033692233));
#1929 = CARTESIAN_POINT('',(19.127640829464,8.337576052461));
#1930 = CARTESIAN_POINT('',(19.053898577723,8.377756973219));
#1931 = CARTESIAN_POINT('',(18.981219734975,8.414225731987));
#1932 = CARTESIAN_POINT('',(18.908775013312,8.447710202964));
#1933 = CARTESIAN_POINT('',(18.835308171611,8.47902370842));
#1934 = CARTESIAN_POINT('',(18.759022537345,8.509082522511));
#1935 = CARTESIAN_POINT('',(18.67743083791,8.538942452903));
#1936 = CARTESIAN_POINT('',(18.587155197011,8.569869113332));
#1937 = CARTESIAN_POINT('',(18.483661727031,8.603467384021));
#1938 = CARTESIAN_POINT('',(18.360915829111,8.641914522091));
#1939 = CARTESIAN_POINT('',(18.210959717112,8.688373245749));
#1940 = CARTESIAN_POINT('',(18.023467489894,8.747709803014));
#1941 = CARTESIAN_POINT('',(17.785482908017,8.827698469239));
#1942 = CARTESIAN_POINT('',(17.481904020072,8.940891951624));
#1943 = CARTESIAN_POINT('',(17.0979803355,9.107033653314));
#1944 = CARTESIAN_POINT('',(16.625923198429,9.354684209742));
#1945 = CARTESIAN_POINT('',(16.076972668449,9.718016704651));
#1946 = CARTESIAN_POINT('',(15.493949900237,10.222563530453));
#1947 = CARTESIAN_POINT('',(14.948366146804,10.860621727133));
#1948 = CARTESIAN_POINT('',(14.510131392741,11.576673537194));
#1949 = CARTESIAN_POINT('',(14.210442789771,12.287074683682));
#1950 = CARTESIAN_POINT('',(14.034528095742,12.921433577879));
#1951 = CARTESIAN_POINT('',(13.944872097957,13.446914824756));
#1952 = CARTESIAN_POINT('',(13.905500893013,13.863388556026));
#1953 = CARTESIAN_POINT('',(13.891658529496,14.187087945324));
#1954 = CARTESIAN_POINT('',(13.889126067453,14.438142589917));
#1955 = CARTESIAN_POINT('',(13.890631932535,14.63479429895));
#1956 = CARTESIAN_POINT('',(13.89278604768,14.791767571572));
#1957 = CARTESIAN_POINT('',(13.894151214932,14.920386676686));
#1958 = CARTESIAN_POINT('',(13.894178601688,15.029197252329));
#1959 = CARTESIAN_POINT('',(13.892662306975,15.124611352521));
#1960 = CARTESIAN_POINT('',(13.889477047326,15.211436895886));
#1961 = CARTESIAN_POINT('',(13.884462973727,15.29327752984));
#1962 = CARTESIAN_POINT('',(13.877384562923,15.37282505371));
#1963 = CARTESIAN_POINT('',(13.867925588753,15.452071348898));
#1964 = CARTESIAN_POINT('',(13.855700735626,15.532462502114));
#1965 = CARTESIAN_POINT('',(13.840274018099,15.615012138522));
#1966 = CARTESIAN_POINT('',(13.821179101244,15.700386132847));
#1967 = CARTESIAN_POINT('',(13.797939144059,15.788967221926));
#1968 = CARTESIAN_POINT('',(13.770085076848,15.880905444054));
#1969 = CARTESIAN_POINT('',(13.737171870564,15.976158519516));
#1970 = CARTESIAN_POINT('',(13.698792671859,16.074525033979));
#1971 = CARTESIAN_POINT('',(13.654590824033,16.175672419823));
#1972 = CARTESIAN_POINT('',(13.604269855799,16.279161128382));
#1973 = CARTESIAN_POINT('',(13.547601540527,16.38446596497));
#1974 = CARTESIAN_POINT('',(13.484432130752,16.490995261919));
#1975 = CARTESIAN_POINT('',(13.414686867563,16.598108354209));
#1976 = CARTESIAN_POINT('',(13.338372857406,16.705131671683));
#1977 = CARTESIAN_POINT('',(13.255580402473,16.811373653466));
#1978 = CARTESIAN_POINT('',(13.166482865962,16.916138611952));
#1979 = CARTESIAN_POINT('',(13.071335150448,17.018739617063));
#1980 = CARTESIAN_POINT('',(12.970470866117,17.118510430527));
#1981 = CARTESIAN_POINT('',(12.864298265351,17.214816490502));
#1982 = CARTESIAN_POINT('',(12.753295020727,17.307064925969));
#1983 = CARTESIAN_POINT('',(12.63800192448,17.394713565736));
#1984 = CARTESIAN_POINT('',(12.519015588412,17.477278896983));
#1985 = CARTESIAN_POINT('',(12.396980223723,17.554342921849));
#1986 = CARTESIAN_POINT('',(12.272578579851,17.625558856466));
#1987 = CARTESIAN_POINT('',(12.146522119586,17.690655614438));
#1988 = CARTESIAN_POINT('',(12.019540504027,17.749441015068));
#1989 = CARTESIAN_POINT('',(11.892370454641,17.801803655166));
#1990 = CARTESIAN_POINT('',(11.765744049982,17.847713381043));
#1991 = CARTESIAN_POINT('',(11.640376500455,17.887220293793));
#1992 = CARTESIAN_POINT('',(11.51695342445,17.920452214993));
#1993 = CARTESIAN_POINT('',(11.396117621266,17.947610530633));
#1994 = CARTESIAN_POINT('',(11.278455297769,17.968964317045));
#1995 = CARTESIAN_POINT('',(11.164481652774,17.98484263212));
#1996 = CARTESIAN_POINT('',(11.054625650199,17.995624826365));
#1997 = CARTESIAN_POINT('',(10.949213711004,18.001728688736));
#1998 = CARTESIAN_POINT('',(10.848451912807,18.003596188961));
#1999 = CARTESIAN_POINT('',(10.752406087425,18.001676508017));
#2000 = CARTESIAN_POINT('',(10.660978923718,17.99640595883));
#2001 = CARTESIAN_POINT('',(10.573882776278,17.98818428881));
#2002 = CARTESIAN_POINT('',(10.490606288771,17.977346728509));
#2003 = CARTESIAN_POINT('',(10.410372071283,17.964131022195));
#2004 = CARTESIAN_POINT('',(10.332081382084,17.948638589262));
#2005 = CARTESIAN_POINT('',(10.254239841921,17.930789021246));
#2006 = CARTESIAN_POINT('',(10.174855339748,17.910267541893));
#2007 = CARTESIAN_POINT('',(10.091295041587,17.886466335393));
#2008 = CARTESIAN_POINT('',(10.000082279018,17.858423838898));
#2009 = CARTESIAN_POINT('',(9.896605734984,17.824773475504));
#2010 = CARTESIAN_POINT('',(9.774703556826,17.783729635011));
#2011 = CARTESIAN_POINT('',(9.626078761203,17.733173540864));
#2012 = CARTESIAN_POINT('',(9.439517209788,17.670972658));
#2013 = CARTESIAN_POINT('',(9.199967480292,17.595801020833));
#2014 = CARTESIAN_POINT('',(8.88783354121,17.508937278494));
#2015 = CARTESIAN_POINT('',(8.479577113804,17.417684058838));
#2016 = CARTESIAN_POINT('',(7.952109522807,17.340569344246));
#2017 = CARTESIAN_POINT('',(7.294437732796,17.311846481474));
#2018 = CARTESIAN_POINT('',(6.526197221907,17.3773412531));
#2019 = CARTESIAN_POINT('',(5.709769495412,17.572855093457));
#2020 = CARTESIAN_POINT('',(4.934345438019,17.894565251169));
#2021 = CARTESIAN_POINT('',(4.274328948078,18.293139310395));
#2022 = CARTESIAN_POINT('',(3.759144168379,18.702946373522));
#2023 = CARTESIAN_POINT('',(3.377740815252,19.075371159193));
#2024 = CARTESIAN_POINT('',(3.101091724156,19.38916367187));
#2025 = CARTESIAN_POINT('',(2.899627289623,19.642905641749));
#2026 = CARTESIAN_POINT('',(2.750012267181,19.844524571901));
#2027 = CARTESIAN_POINT('',(2.635641563216,20.004504271769));
#2028 = CARTESIAN_POINT('',(2.545117704325,20.132764474096));
#2029 = CARTESIAN_POINT('',(2.470621734683,20.237621941112));
#2030 = CARTESIAN_POINT('',(2.406686639377,20.325667643506));
#2031 = CARTESIAN_POINT('',(2.349376930233,20.401968016394));
#2032 = CARTESIAN_POINT('',(2.295765227133,20.470339107876));
#2033 = CARTESIAN_POINT('',(2.243604038704,20.533602373059));
#2034 = CARTESIAN_POINT('',(2.191120622683,20.593797086251));
#2035 = CARTESIAN_POINT('',(2.13688834822,20.65234884028));
#2036 = CARTESIAN_POINT('',(2.079745500012,20.71020106105));
#2037 = CARTESIAN_POINT('',(2.018743564502,20.76791752273));
#2038 = CARTESIAN_POINT('',(1.953113877466,20.825762824496));
#2039 = CARTESIAN_POINT('',(1.882245699363,20.883766326843));
#2040 = CARTESIAN_POINT('',(1.805671354538,20.941773701054));
#2041 = CARTESIAN_POINT('',(1.723055658322,20.99948916061));
#2042 = CARTESIAN_POINT('',(1.634187847819,21.056510615495));
#2043 = CARTESIAN_POINT('',(1.538974860038,21.112359375303));
#2044 = CARTESIAN_POINT('',(1.437435204893,21.166505576244));
#2045 = CARTESIAN_POINT('',(1.329692944854,21.218390178644));
#2046 = CARTESIAN_POINT('',(1.215971469138,21.267444142813));
#2047 = CARTESIAN_POINT('',(1.096586869965,21.313105217676));
#2048 = CARTESIAN_POINT('',(0.971940811176,21.354832650593));
#2049 = CARTESIAN_POINT('',(0.842512838064,21.392120035361));
#2050 = CARTESIAN_POINT('',(0.708852119314,21.424506449214));
#2051 = CARTESIAN_POINT('',(0.571568642813,21.451585982021));
#2052 = CARTESIAN_POINT('',(0.4313239099,21.473015726843));
#2053 = CARTESIAN_POINT('',(0.288821189784,21.488522277096));
#2054 = CARTESIAN_POINT('',(0.144795408537,21.497906758947));
#2055 = CARTESIAN_POINT('',(2.756501525235E-06,21.501048416387));
#2056 = CARTESIAN_POINT('',(-0.144789895534,21.497906758947));
#2057 = CARTESIAN_POINT('',(-0.288815676781,21.488522277096));
#2058 = CARTESIAN_POINT('',(-0.431318396897,21.473015726843));
#2059 = CARTESIAN_POINT('',(-0.57156312981,21.451585982021));
#2060 = CARTESIAN_POINT('',(-0.708846606311,21.424506449214));
#2061 = CARTESIAN_POINT('',(-0.842507325061,21.392120035361));
#2062 = CARTESIAN_POINT('',(-0.971935298173,21.354832650593));
#2063 = CARTESIAN_POINT('',(-1.096581356962,21.313105217676));
#2064 = CARTESIAN_POINT('',(-1.215965956135,21.267444142813));
#2065 = CARTESIAN_POINT('',(-1.329687431851,21.218390178644));
#2066 = CARTESIAN_POINT('',(-1.43742969189,21.166505576244));
#2067 = CARTESIAN_POINT('',(-1.538969347035,21.112359375303));
#2068 = CARTESIAN_POINT('',(-1.634182334816,21.056510615495));
#2069 = CARTESIAN_POINT('',(-1.723050145319,20.99948916061));
#2070 = CARTESIAN_POINT('',(-1.805665841535,20.941773701054));
#2071 = CARTESIAN_POINT('',(-1.88224018636,20.883766326843));
#2072 = CARTESIAN_POINT('',(-1.953108364463,20.825762824496));
#2073 = CARTESIAN_POINT('',(-2.018738051499,20.76791752273));
#2074 = CARTESIAN_POINT('',(-2.079739987008,20.71020106105));
#2075 = CARTESIAN_POINT('',(-2.136882835217,20.65234884028));
#2076 = CARTESIAN_POINT('',(-2.19111510968,20.593797086251));
#2077 = CARTESIAN_POINT('',(-2.243598525701,20.533602373059));
#2078 = CARTESIAN_POINT('',(-2.295759714129,20.470339107876));
#2079 = CARTESIAN_POINT('',(-2.34937141723,20.401968016394));
#2080 = CARTESIAN_POINT('',(-2.406681126374,20.325667643506));
#2081 = CARTESIAN_POINT('',(-2.47061622168,20.237621941112));
#2082 = CARTESIAN_POINT('',(-2.545112191322,20.132764474096));
#2083 = CARTESIAN_POINT('',(-2.635636050213,20.004504271769));
#2084 = CARTESIAN_POINT('',(-2.750006754178,19.844524571901));
#2085 = CARTESIAN_POINT('',(-2.89962177662,19.642905641749));
#2086 = CARTESIAN_POINT('',(-3.101086211153,19.38916367187));
#2087 = CARTESIAN_POINT('',(-3.377735302249,19.075371159193));
#2088 = CARTESIAN_POINT('',(-3.759138655376,18.702946373522));
#2089 = CARTESIAN_POINT('',(-4.274323435075,18.293139310395));
#2090 = CARTESIAN_POINT('',(-4.934339925015,17.894565251169));
#2091 = CARTESIAN_POINT('',(-5.709763982409,17.572855093457));
#2092 = CARTESIAN_POINT('',(-6.526191708904,17.3773412531));
#2093 = CARTESIAN_POINT('',(-7.294432219793,17.311846481474));
#2094 = CARTESIAN_POINT('',(-7.952104009804,17.340569344246));
#2095 = CARTESIAN_POINT('',(-8.479571600801,17.417684058838));
#2096 = CARTESIAN_POINT('',(-8.887828028207,17.508937278494));
#2097 = CARTESIAN_POINT('',(-9.199961967289,17.595801020833));
#2098 = CARTESIAN_POINT('',(-9.439511696785,17.670972658));
#2099 = CARTESIAN_POINT('',(-9.626073248199,17.733173540864));
#2100 = CARTESIAN_POINT('',(-9.774698043823,17.783729635011));
#2101 = CARTESIAN_POINT('',(-9.896600221981,17.824773475504));
#2102 = CARTESIAN_POINT('',(-10.00007676601,17.858423838898));
#2103 = CARTESIAN_POINT('',(-10.09128952858,17.886466335393));
#2104 = CARTESIAN_POINT('',(-10.17484982674,17.910267541893));
#2105 = CARTESIAN_POINT('',(-10.25423432891,17.930789021246));
#2106 = CARTESIAN_POINT('',(-10.33207586908,17.948638589262));
#2107 = CARTESIAN_POINT('',(-10.41036655828,17.964131022195));
#2108 = CARTESIAN_POINT('',(-10.49060077576,17.977346728509));
#2109 = CARTESIAN_POINT('',(-10.57387726327,17.98818428881));
#2110 = CARTESIAN_POINT('',(-10.66097341071,17.99640595883));
#2111 = CARTESIAN_POINT('',(-10.75240057442,18.001676508017));
#2112 = CARTESIAN_POINT('',(-10.8484463998,18.003596188961));
#2113 = CARTESIAN_POINT('',(-10.949208198,18.001728688736));
#2114 = CARTESIAN_POINT('',(-11.05462013719,17.995624826365));
#2115 = CARTESIAN_POINT('',(-11.16447613977,17.98484263212));
#2116 = CARTESIAN_POINT('',(-11.27844978476,17.968964317045));
#2117 = CARTESIAN_POINT('',(-11.39611210826,17.947610530633));
#2118 = CARTESIAN_POINT('',(-11.51694791144,17.920452214993));
#2119 = CARTESIAN_POINT('',(-11.64037098745,17.887220293793));
#2120 = CARTESIAN_POINT('',(-11.76573853697,17.847713381043));
#2121 = CARTESIAN_POINT('',(-11.89236494163,17.801803655166));
#2122 = CARTESIAN_POINT('',(-12.01953499102,17.749441015068));
#2123 = CARTESIAN_POINT('',(-12.14651660658,17.690655614437));
#2124 = CARTESIAN_POINT('',(-12.27257306684,17.625558856466));
#2125 = CARTESIAN_POINT('',(-12.39697471072,17.554342921849));
#2126 = CARTESIAN_POINT('',(-12.5190100754,17.477278896983));
#2127 = CARTESIAN_POINT('',(-12.63799641147,17.394713565736));
#2128 = CARTESIAN_POINT('',(-12.75328950772,17.307064925969));
#2129 = CARTESIAN_POINT('',(-12.86429275234,17.214816490502));
#2130 = CARTESIAN_POINT('',(-12.97046535311,17.118510430527));
#2131 = CARTESIAN_POINT('',(-13.07132963744,17.018739617063));
#2132 = CARTESIAN_POINT('',(-13.16647735295,16.916138611952));
#2133 = CARTESIAN_POINT('',(-13.25557488947,16.811373653466));
#2134 = CARTESIAN_POINT('',(-13.3383673444,16.705131671683));
#2135 = CARTESIAN_POINT('',(-13.41468135456,16.598108354209));
#2136 = CARTESIAN_POINT('',(-13.48442661774,16.490995261919));
#2137 = CARTESIAN_POINT('',(-13.54759602752,16.38446596497));
#2138 = CARTESIAN_POINT('',(-13.60426434279,16.279161128382));
#2139 = CARTESIAN_POINT('',(-13.65458531103,16.175672419823));
#2140 = CARTESIAN_POINT('',(-13.69878715885,16.074525033979));
#2141 = CARTESIAN_POINT('',(-13.73716635756,15.976158519516));
#2142 = CARTESIAN_POINT('',(-13.77007956384,15.880905444054));
#2143 = CARTESIAN_POINT('',(-13.79793363105,15.788967221926));
#2144 = CARTESIAN_POINT('',(-13.82117358824,15.700386132847));
#2145 = CARTESIAN_POINT('',(-13.84026850509,15.615012138522));
#2146 = CARTESIAN_POINT('',(-13.85569522262,15.532462502114));
#2147 = CARTESIAN_POINT('',(-13.86792007575,15.452071348898));
#2148 = CARTESIAN_POINT('',(-13.87737904992,15.37282505371));
#2149 = CARTESIAN_POINT('',(-13.88445746072,15.29327752984));
#2150 = CARTESIAN_POINT('',(-13.88947153432,15.211436895886));
#2151 = CARTESIAN_POINT('',(-13.89265679397,15.124611352521));
#2152 = CARTESIAN_POINT('',(-13.89417308868,15.029197252329));
#2153 = CARTESIAN_POINT('',(-13.89414570192,14.920386676686));
#2154 = CARTESIAN_POINT('',(-13.89278053467,14.791767571572));
#2155 = CARTESIAN_POINT('',(-13.89062641953,14.63479429895));
#2156 = CARTESIAN_POINT('',(-13.88912055445,14.438142589918));
#2157 = CARTESIAN_POINT('',(-13.89165301649,14.187087945324));
#2158 = CARTESIAN_POINT('',(-13.90549538001,13.863388556026));
#2159 = CARTESIAN_POINT('',(-13.94486658495,13.446914824757));
#2160 = CARTESIAN_POINT('',(-14.03452258273,12.921433577879));
#2161 = CARTESIAN_POINT('',(-14.21043727676,12.287074683682));
#2162 = CARTESIAN_POINT('',(-14.51012587973,11.576673537194));
#2163 = CARTESIAN_POINT('',(-14.9483606338,10.860621727133));
#2164 = CARTESIAN_POINT('',(-15.49394438723,10.222563530453));
#2165 = CARTESIAN_POINT('',(-16.07696715544,9.718016704651));
#2166 = CARTESIAN_POINT('',(-16.62591768542,9.354684209742));
#2167 = CARTESIAN_POINT('',(-17.09797482249,9.107033653314));
#2168 = CARTESIAN_POINT('',(-17.48189850706,8.940891951624));
#2169 = CARTESIAN_POINT('',(-17.78547739501,8.827698469239));
#2170 = CARTESIAN_POINT('',(-18.02346197689,8.747709803014));
#2171 = CARTESIAN_POINT('',(-18.2109542041,8.688373245749));
#2172 = CARTESIAN_POINT('',(-18.3609103161,8.641914522091));
#2173 = CARTESIAN_POINT('',(-18.48365621402,8.603467384021));
#2174 = CARTESIAN_POINT('',(-18.587149684,8.569869113332));
#2175 = CARTESIAN_POINT('',(-18.6774253249,8.538942452903));
#2176 = CARTESIAN_POINT('',(-18.75901702434,8.509082522511));
#2177 = CARTESIAN_POINT('',(-18.8353026586,8.47902370842));
#2178 = CARTESIAN_POINT('',(-18.9087695003,8.447710202964));
#2179 = CARTESIAN_POINT('',(-18.98121422197,8.414225731987));
#2180 = CARTESIAN_POINT('',(-19.05389306472,8.377756973219));
#2181 = CARTESIAN_POINT('',(-19.12763531646,8.337576052461));
#2182 = CARTESIAN_POINT('',(-19.20293015627,8.293033692233));
#2183 = CARTESIAN_POINT('',(-19.27999423654,8.243558117609));
#2184 = CARTESIAN_POINT('',(-19.35882530166,8.188656852412));
#2185 = CARTESIAN_POINT('',(-19.43924561969,8.127919714019));
#2186 = CARTESIAN_POINT('',(-19.52093790963,8.061022002354));
#2187 = CARTESIAN_POINT('',(-19.60347566788,7.987727285785));
#2188 = CARTESIAN_POINT('',(-19.68634924416,7.907889431369));
#2189 = CARTESIAN_POINT('',(-19.76898862273,7.821453676766));
#2190 = CARTESIAN_POINT('',(-19.85078358363,7.728456634813));
#2191 = CARTESIAN_POINT('',(-19.93110171643,7.629025181939));
#2192 = CARTESIAN_POINT('',(-20.00930461386,7.5233742214));
#2193 = CARTESIAN_POINT('',(-20.08476246736,7.41180333975));
#2194 = CARTESIAN_POINT('',(-20.15686721087,7.294692394478));
#2195 = CARTESIAN_POINT('',(-20.22504430429,7.172496085408));
#2196 = CARTESIAN_POINT('',(-20.28876320858,7.045737573631));
#2197 = CARTESIAN_POINT('',(-20.34754657651,6.915001220627));
#2198 = CARTESIAN_POINT('',(-20.40097816316,6.780924527233));
#2199 = CARTESIAN_POINT('',(-20.44870944708,6.644189357542));
#2200 = CARTESIAN_POINT('',(-20.49046494344,6.505512536772));
#2201 = CARTESIAN_POINT('',(-20.52604618485,6.365635914628));
#2202 = CARTESIAN_POINT('',(-20.55533434145,6.225315986519));
#2203 = CARTESIAN_POINT('',(-20.57829144884,6.085313164071));
#2204 = CARTESIAN_POINT('',(-20.59496020999,5.946380783328));
#2205 = CARTESIAN_POINT('',(-20.60546233363,5.809253933521));
#2206 = CARTESIAN_POINT('',(-20.60999536661,5.674638180733));
#2207 = CARTESIAN_POINT('',(-20.60882797007,5.543198248388));
#2208 = CARTESIAN_POINT('',(-20.60229357729,5.415546699285));
#2209 = CARTESIAN_POINT('',(-20.59078235364,5.292232640194));
#2210 = CARTESIAN_POINT('',(-20.5747313538,5.173730437814));
#2211 = CARTESIAN_POINT('',(-20.5546127356,5.060428390855));
#2212 = CARTESIAN_POINT('',(-20.53091983997,4.952617242494));
#2213 = CARTESIAN_POINT('',(-20.50415087743,4.850478333623));
#2214 = CARTESIAN_POINT('',(-20.47478986766,4.754071079548));
#2215 = CARTESIAN_POINT('',(-20.44328435031,4.663319285491));
#2216 = CARTESIAN_POINT('',(-20.41001921283,4.577995574949));
#2217 = CARTESIAN_POINT('',(-20.37528575028,4.497702852141));
#2218 = CARTESIAN_POINT('',(-20.33924476806,4.421851196354));
#2219 = CARTESIAN_POINT('',(-20.30188214772,4.349627798826));
#2220 = CARTESIAN_POINT('',(-20.26295481496,4.279956353758));
#2221 = CARTESIAN_POINT('',(-20.22192450821,4.211440469607));
#2222 = CARTESIAN_POINT('',(-20.17787626128,4.142282807392));
#2223 = CARTESIAN_POINT('',(-20.12941841656,4.070167218618));
#2224 = CARTESIAN_POINT('',(-20.07456212381,3.992084334383));
#2225 = CARTESIAN_POINT('',(-20.01058271573,3.904070827082));
#2226 = CARTESIAN_POINT('',(-19.93387785942,3.800818210277));
#2227 = CARTESIAN_POINT('',(-19.83986856724,3.67509032291));
#2228 = CARTESIAN_POINT('',(-19.72306133176,3.516880869738));
#2229 = CARTESIAN_POINT('',(-19.57754386798,3.312284873023));
#2230 = CARTESIAN_POINT('',(-19.39847713041,3.042270111963));
#2231 = CARTESIAN_POINT('',(-19.18553042258,2.682194619954));
#2232 = CARTESIAN_POINT('',(-18.9492020171,2.204369369209));
#2233 = CARTESIAN_POINT('',(-18.71860927953,1.587780366218));
#2234 = CARTESIAN_POINT('',(-18.54370764986,0.836814870179));
#2235 = CARTESIAN_POINT('',(-18.49959159374,0.287853742081));
#2236 = CARTESIAN_POINT('',(-18.49999724349,9.328730041384E-15));
#2237 = ( GEOMETRIC_REPRESENTATION_CONTEXT(2) 
PARAMETRIC_REPRESENTATION_CONTEXT() REPRESENTATION_CONTEXT('2D SPACE',''
  ) );
#2238 = ORIENTED_EDGE('',*,*,#21,.F.);
#2239 = ORIENTED_EDGE('',*,*,#2240,.F.);
#2240 = EDGE_CURVE('',#22,#22,#2241,.T.);
#2241 = SURFACE_CURVE('',#2242,(#2966,#2973),.PCURVE_S1.);
#2242 = B_SPLINE_CURVE_WITH_KNOTS('',3,(#2243,#2244,#2245,#2246,#2247,
    #2248,#2249,#2250,#2251,#2252,#2253,#2254,#2255,#2256,#2257,#2258,
    #2259,#2260,#2261,#2262,#2263,#2264,#2265,#2266,#2267,#2268,#2269,
    #2270,#2271,#2272,#2273,#2274,#2275,#2276,#2277,#2278,#2279,#2280,
    #2281,#2282,#2283,#2284,#2285,#2286,#2287,#2288,#2289,#2290,#2291,
    #2292,#2293,#2294,#2295,#2296,#2297,#2298,#2299,#2300,#2301,#2302,
    #2303,#2304,#2305,#2306,#2307,#2308,#2309,#2310,#2311,#2312,#2313,
    #2314,#2315,#2316,#2317,#2318,#2319,#2320,#2321,#2322,#2323,#2324,
    #2325,#2326,#2327,#2328,#2329,#2330,#2331,#2332,#2333,#2334,#2335,
    #2336,#2337,#2338,#2339,#2340,#2341,#2342,#2343,#2344,#2345,#2346,
    #2347,#2348,#2349,#2350,#2351,#2352,#2353,#2354,#2355,#2356,#2357,
    #2358,#2359,#2360,#2361,#2362,#2363,#2364,#2365,#2366,#2367,#2368,
    #2369,#2370,#2371,#2372,#2373,#2374,#2375,#2376,#2377,#2378,#2379,
    #2380,#2381,#2382,#2383,#2384,#2385,#2386,#2387,#2388,#2389,#2390,
    #2391,#2392,#2393,#2394,#2395,#2396,#2397,#2398,#2399,#2400,#2401,
    #2402,#2403,#2404,#2405,#2406,#2407,#2408,#2409,#2410,#2411,#2412,
    #2413,#2414,#2415,#2416,#2417,#2418,#2419,#2420,#2421,#2422,#2423,
    #2424,#2425,#2426,#2427,#2428,#2429,#2430,#2431,#2432,#2433,#2434,
    #2435,#2436,#2437,#2438,#2439,#2440,#2441,#2442,#2443,#2444,#2445,
    #2446,#2447,#2448,#2449,#2450,#2451,#2452,#2453,#2454,#2455,#2456,
    #2457,#2458,#2459,#2460,#2461,#2462,#2463,#2464,#2465,#2466,#2467,
    #2468,#2469,#2470,#2471,#2472,#2473,#2474,#2475,#2476,#2477,#2478,
    #2479,#2480,#2481,#2482,#2483,#2484,#2485,#2486,#2487,#2488,#2489,
    #2490,#2491,#2492,#2493,#2494,#2495,#2496,#2497,#2498,#2499,#2500,
    #2501,#2502,#2503,#2504,#2505,#2506,#2507,#2508,#2509,#2510,#2511,
    #2512,#2513,#2514,#2515,#2516,#2517,#2518,#2519,#2520,#2521,#2522,
    #2523,#2524,#2525,#2526,#2527,#2528,#2529,#2530,#2531,#2532,#2533,
    #2534,#2535,#2536,#2537,#2538,#2539,#2540,#2541,#2542,#2543,#2544,
    #2545,#2546,#2547,#2548,#2549,#2550,#2551,#2552,#2553,#2554,#2555,
    #2556,#2557,#2558,#2559,#2560,#2561,#2562,#2563,#2564,#2565,#2566,
    #2567,#2568,#2569,#2570,#2571,#2572,#2573,#2574,#2575,#2576,#2577,
    #2578,#2579,#2580,#2581,#2582,#2583,#2584,#2585,#2586,#2587,#2588,
    #2589,#2590,#2591,#2592,#2593,#2594,#2595,#2596,#2597,#2598,#2599,
    #2600,#2601,#2602,#2603,#2604,#2605,#2606,#2607,#2608,#2609,#2610,
    #2611,#2612,#2613,#2614,#2615,#2616,#2617,#2618,#2619,#2620,#2621,
    #2622,#2623,#2624,#2625,#2626,#2627,#2628,#2629,#2630,#2631,#2632,
    #2633,#2634,#2635,#2636,#2637,#2638,#2639,#2640,#2641,#2642,#2643,
    #2644,#2645,#2646,#2647,#2648,#2649,#2650,#2651,#2652,#2653,#2654,
    #2655,#2656,#2657,#2658,#2659,#2660,#2661,#2662,#2663,#2664,#2665,
    #2666,#2667,#2668,#2669,#2670,#2671,#2672,#2673,#2674,#2675,#2676,
    #2677,#2678,#2679,#2680,#2681,#2682,#2683,#2684,#2685,#2686,#2687,
    #2688,#2689,#2690,#2691,#2692,#2693,#2694,#2695,#2696,#2697,#2698,
    #2699,#2700,#2701,#2702,#2703,#2704,#2705,#2706,#2707,#2708,#2709,
    #2710,#2711,#2712,#2713,#2714,#2715,#2716,#2717,#2718,#2719,#2720,
    #2721,#2722,#2723,#2724,#2725,#2726,#2727,#2728,#2729,#2730,#2731,
    #2732,#2733,#2734,#2735,#2736,#2737,#2738,#2739,#2740,#2741,#2742,
    #2743,#2744,#2745,#2746,#2747,#2748,#2749,#2750,#2751,#2752,#2753,
    #2754,#2755,#2756,#2757,#2758,#2759,#2760,#2761,#2762,#2763,#2764,
    #2765,#2766,#2767,#2768,#2769,#2770,#2771,#2772,#2773,#2774,#2775,
    #2776,#2777,#2778,#2779,#2780,#2781,#2782,#2783,#2784,#2785,#2786,
    #2787,#2788,#2789,#2790,#2791,#2792,#2793,#2794,#2795,#2796,#2797,
    #2798,#2799,#2800,#2801,#2802,#2803,#2804,#2805,#2806,#2807,#2808,
    #2809,#2810,#2811,#2812,#2813,#2814,#2815,#2816,#2817,#2818,#2819,
    #2820,#2821,#2822,#2823,#2824,#2825,#2826,#2827,#2828,#2829,#2830,
    #2831,#2832,#2833,#2834,#2835,#2836,#2837,#2838,#2839,#2840,#2841,
    #2842,#2843,#2844,#2845,#2846,#2847,#2848,#2849,#2850,#2851,#2852,
    #2853,#2854,#2855,#2856,#2857,#2858,#2859,#2860,#2861,#2862,#2863,
    #2864,#2865,#2866,#2867,#2868,#2869,#2870,#2871,#2872,#2873,#2874,
    #2875,#2876,#2877,#2878,#2879,#2880,#2881,#2882,#2883,#2884,#2885,
    #2886,#2887,#2888,#2889,#2890,#2891,#2892,#2893,#2894,#2895,#2896,
    #2897,#2898,#2899,#2900,#2901,#2902,#2903,#2904,#2905,#2906,#2907,
    #2908,#2909,#2910,#2911,#2912,#2913,#2914,#2915,#2916,#2917,#2918,
    #2919,#2920,#2921,#2922,#2923,#2924,#2925,#2926,#2927,#2928,#2929,
    #2930,#2931,#2932,#2933,#2934,#2935,#2936,#2937,#2938,#2939,#2940,
    #2941,#2942,#2943,#2944,#2945,#2946,#2947,#2948,#2949,#2950,#2951,
    #2952,#2953,#2954,#2955,#2956,#2957,#2958,#2959,#2960,#2961,#2962,
    #2963,#2964,#2965),.UNSPECIFIED.,.T.,.F.,(4,1,1,1,1,1,1,1,1,1,1,1,1,
    1,1,1,1,1,1,1,1,1,1,1,1,1,1,1,1,1,1,1,1,1,1,1,1,1,1,1,1,1,1,1,1,1,1,
    1,1,1,1,1,1,1,1,1,1,1,1,1,1,1,1,1,1,1,1,1,1,1,1,1,1,1,1,1,1,1,1,1,1,
    1,1,1,1,1,1,1,1,1,1,1,1,1,1,1,1,1,1,1,1,1,1,1,1,1,1,1,1,1,1,1,1,1,1,
    1,1,1,1,1,1,1,1,1,1,1,1,1,1,1,1,1,1,1,1,1,1,1,1,1,1,1,1,1,1,1,1,1,1,
    1,1,1,1,1,1,1,1,1,1,1,1,1,1,1,1,1,1,1,1,1,1,1,1,1,1,1,1,1,1,1,1,1,1,
    1,1,1,1,1,1,1,1,1,1,1,1,1,1,1,1,1,1,1,1,1,1,1,1,1,1,1,1,1,1,1,1,1,1,
    1,1,1,1,1,1,1,1,1,1,1,1,1,1,1,1,1,1,1,1,1,1,1,1,1,1,1,1,1,1,1,1,1,1,
    1,1,1,1,1,1,1,1,1,1,1,1,1,1,1,1,1,1,1,1,1,1,1,1,1,1,1,1,1,1,1,1,1,1,
    1,1,1,1,1,1,1,1,1,1,1,1,1,1,1,1,1,1,1,1,1,1,1,1,1,1,1,1,1,1,1,1,1,1,
    1,1,1,1,1,1,1,1,1,1,1,1,1,1,1,1,1,1,1,1,1,1,1,1,1,1,1,1,1,1,1,1,1,1,
    1,1,1,1,1,1,1,1,1,1,1,1,1,1,1,1,1,1,1,1,1,1,1,1,1,1,1,1,1,1,1,1,1,1,
    1,1,1,1,1,1,1,1,1,1,1,1,1,1,1,1,1,1,1,1,1,1,1,1,1,1,1,1,1,1,1,1,1,1,
    1,1,1,1,1,1,1,1,1,1,1,1,1,1,1,1,1,1,1,1,1,1,1,1,1,1,1,1,1,1,1,1,1,1,
    1,1,1,1,1,1,1,1,1,1,1,1,1,1,1,1,1,1,1,1,1,1,1,1,1,1,1,1,1,1,1,1,1,1,
    1,1,1,1,1,1,1,1,1,1,1,1,1,1,1,1,1,1,1,1,1,1,1,1,1,1,1,1,1,1,1,1,1,1,
    1,1,1,1,1,1,1,1,1,1,1,1,1,1,1,1,1,1,1,1,1,1,1,1,1,1,1,1,1,1,1,1,1,1,
    1,1,1,1,1,1,1,1,1,1,1,1,1,1,1,1,1,1,1,1,1,1,1,1,1,1,1,1,1,1,1,1,1,1,
    1,1,1,1,1,1,1,1,1,1,1,1,1,1,1,1,1,1,1,1,1,1,1,1,1,1,1,1,1,1,1,1,1,1,
    1,1,1,1,1,1,1,1,1,1,1,1,1,1,1,1,1,1,1,1,1,1,1,1,1,1,1,1,1,1,1,1,1,1,
    1,1,1,1,1,1,1,1,1,1,1,1,1,1,1,1,1,1,1,1,1,1,1,1,1,1,1,1,1,1,1,1,1,1,
    1,1,1,1,1,1,1,1,1,1,1,1,1,1,1,1,1,1,1,1,1,1,1,1,1,1,1,4),(0.,
    0.86213979732,1.645849371225,2.305329874721,2.832656798366,
    3.243055188608,3.559528873786,3.80437650162,3.996186641957,
    4.149490719337,4.275341611475,4.38206309832,4.475912987067,
    4.561603837922,4.642692719992,4.721867519123,4.801156279213,
    4.882080687573,4.965769373279,5.053042299577,5.144474276276,
    5.24044328863,5.341167697335,5.446735212304,5.557125733724,
    5.672229582956,5.791862240474,5.915776418106,6.043672083905,
    6.175204906274,6.309993472997,6.447625559209,6.587663657946,
    6.729649942206,6.873110794347,7.01756101433,7.162507800862,
    7.307454587394,7.451904807377,7.595365659518,7.737351943778,
    7.877390042515,8.015022128727,8.14981069545,8.281343517818,
    8.409239183618,8.53315336125,8.652786018768,8.767889868,
    8.878280389419,8.983847904388,9.084572313094,9.180541325448,
    9.271973302146,9.359246228444,9.442934914151,9.52385932251,
    9.6031480826,9.682322881732,9.763411763801,9.849102614656,
    9.942952503403,10.049673990248,10.175524882387,10.328828959767,
    10.520639100103,10.765486727937,11.081960413116,11.492358803358,
    12.019685727003,12.679166230499,13.462875804403,14.325015601724,
    15.187155399044,15.970864972948,16.630345476445,17.15767240009,
    17.568070790332,17.88454447551,18.129392103344,18.32120224368,
    18.47450632106,18.600357213199,18.707078700044,18.800928588791,
    18.886619439646,18.967708321715,19.046883120847,19.126171880937,
    19.207096289297,19.290784975003,19.378057901301,19.469489877999,
    19.565458890354,19.666183299059,19.771750814028,19.882141335447,
    19.997245184679,20.116877842198,20.24079201983,20.368687685629,
    20.500220507997,20.635009074721,20.772641160933,20.912679259669,
    21.05466554393,21.198126396071,21.342576616054,21.487523402585,
    21.632470189117,21.7769204091,21.920381261241,22.062367545502,
    22.202405644238,22.34003773045,22.474826297173,22.606359119542,
    22.734254785341,22.858168962973,22.977801620492,23.092905469723,
    23.203295991143,23.308863506112,23.409587914817,23.505556927171,
    23.59698890387,23.684261830168,23.767950515874,23.848874924234,
    23.928163684324,24.007338483456,24.088427365525,24.17411821638,
    24.267968105127,24.374689591972,24.50054048411,24.65384456149,
    24.845654701827,25.090502329661,25.406976014839,25.817374405081,
    26.344701328726,27.004181832223,27.787891406127,28.650031203447,
    29.512171000767,30.295880574672,30.955361078168,31.482688001813,
    31.893086392055,32.209560077233,32.454407705068,32.646217845404,
    32.799521922784,32.925372814923,33.032094301768,33.125944190515,
    33.21163504137,33.292723923439,33.37189872257,33.45118748266,
    33.53211189102,33.615800576726,33.703073503024,33.794505479723,
    33.890474492077,33.991198900783,34.096766415752,34.207156937171,
    34.322260786403,34.441893443921,34.565807621553,34.693703287353,
    34.825236109721,34.960024676444,35.097656762656,35.237694861393,
    35.379681145653,35.523141997794,35.667592217777,35.812539004309,
    35.957485790841,36.101936010824,36.245396862965,36.387383147225,
    36.527421245962,36.665053332174,36.799841898897,36.931374721266,
    37.059270387065,37.183184564697,37.302817222215,37.417921071447,
    37.528311592866,37.633879107836,37.734603516541,37.830572528895,
    37.922004505594,38.009277431892,38.092966117598,38.173890525958,
    38.253179286048,38.332354085179,38.413442967248,38.499133818104,
    38.592983706851,38.699705193695,38.825556085834,38.978860163214,
    39.17067030355,39.415517931385,39.731991616563,40.142390006805,
    40.66971693045,41.329197433946,42.112907007851,42.975046805171,
    43.837186602491,44.620896176395,45.280376679892,45.807703603537,
    46.218101993779,46.534575678957,46.779423306791,46.971233447128,
    47.124537524508,47.250388416646,47.357109903491,47.450959792238,
    47.536650643093,47.617739525162,47.696914324294,47.776203084384,
    47.857127492744,47.94081617845,48.028089104748,48.119521081447,
    48.215490093801,48.316214502506,48.421782017475,48.532172538895,
    48.647276388126,48.766909045645,48.890823223277,49.018718889076,
    49.150251711445,49.285040278168,49.42267236438,49.562710463116,
    49.704696747377,49.848157599518,49.992607819501,50.137554606033,
    50.282501392564,50.426951612547,50.570412464688,50.712398748949,
    50.852436847685,50.990068933897,51.124857500621,51.256390322989,
    51.384285988788,51.508200166421,51.627832823939,51.742936673171,
    51.85332719459,51.958894709559,52.059619118264,52.155588130619,
    52.247020107317,52.334293033615,52.417981719321,52.498906127681,
    52.578194887771,52.657369686903,52.738458568972,52.824149419827,
    52.917999308574,53.024720795419,53.150571687558,53.303875764938,
    53.495685905274,53.740533533108,54.057007218286,54.467405608529,
    54.994732532173,55.65421303567,56.437922609574,57.300062406894,
    58.162202204215,58.945911778119,59.605392281615,60.13271920526,
    60.543117595503,60.859591280681,61.104438908515,61.296249048851,
    61.449553126231,61.57540401837,61.682125505215,61.775975393962,
    61.861666244817,61.942755126886,62.021929926018,62.101218686108,
    62.182143094468,62.265831780174,62.353104706472,62.44453668317,
    62.540505695524,62.64123010423,62.746797619199,62.857188140618,
    62.97229198985,63.091924647368,63.215838825,63.3437344908,
    63.475267313168,63.610055879891,63.747687966103,63.88772606484,
    64.029712349101,64.173173201242,64.317623421225,64.462570207756,
    64.607516994288,64.751967214271,64.895428066412,65.037414350673,
    65.177452449409,65.315084535621,65.449873102344,65.581405924713,
    65.709301590512,65.833215768144,65.952848425663,66.067952274894,
    66.178342796314,66.283910311283,66.384634719988,66.480603732342,
    66.572035709041,66.659308635339,66.742997321045,66.823921729405,
    66.903210489495,66.982385288626,67.063474170696,67.149165021551,
    67.243014910298,67.349736397143,67.475587289281,67.628891366661,
    67.820701506998,68.065549134832,68.38202282001,68.792421210252,
    69.319748133897,69.979228637393,70.762938211298,71.625078008618,
    72.487217805938,73.270927379843,73.930407883339,74.457734806984,
    74.868133197226,75.184606882404,75.429454510238,75.621264650575,
    75.774568727955,75.900419620094,76.007141106938,76.100990995685,
    76.18668184654,76.26777072861,76.346945527741,76.426234287831,
    76.507158696191,76.590847381897,76.678120308195,76.769552284894,
    76.865521297248,76.966245705953,77.071813220922,77.182203742342,
    77.297307591574,77.416940249092,77.540854426724,77.668750092523,
    77.800282914892,77.935071481615,78.072703567827,78.212741666564,
    78.354727950824,78.498188802965,78.642639022948,78.78758580948,
    78.932532596012,79.076982815995,79.220443668136,79.362429952396,
    79.502468051133,79.640100137345,79.774888704068,79.906421526436,
    80.034317192236,80.158231369868,80.277864027386,80.392967876618,
    80.503358398037,80.608925913006,80.709650321712,80.805619334066,
    80.897051310764,80.984324237062,81.068012922769,81.148937331128,
    81.228226091218,81.30740089035,81.388489772419,81.474180623274,
    81.568030512021,81.674751998866,81.800602891005,81.953906968385,
    82.145717108721,82.390564736555,82.707038421734,83.117436811976,
    83.644763735621,84.304244239117,85.087953813021,85.950093610342,
    86.812233407662,87.595942981566,88.255423485063,88.782750408708,
    89.19314879895,89.509622484128,89.754470111962,89.946280252298,
    90.099584329679,90.225435221817,90.332156708662,90.426006597409,
    90.511697448264,90.592786330333,90.671961129465,90.751249889555,
    90.832174297915,90.915862983621,91.003135909919,91.094567886617,
    91.190536898972,91.291261307677,91.396828822646,91.507219344065,
    91.622323193297,91.741955850816,91.865870028448,91.993765694247,
    92.125298516616,92.260087083339,92.397719169551,92.537757268287,
    92.679743552548,92.823204404689,92.967654624672,93.112601411203,
    93.257548197735,93.401998417718,93.545459269859,93.68744555412,
    93.827483652856,93.965115739068,94.099904305791,94.23143712816,
    94.359332793959,94.483246971591,94.60287962911,94.717983478341,
    94.828373999761,94.93394151473,95.034665923435,95.130634935789,
    95.222066912488,95.309339838786,95.393028524492,95.473952932852,
    95.553241692942,95.632416492074,95.713505374143,95.799196224998,
    95.893046113745,95.99976760059,96.125618492728,96.278922570109,
    96.470732710445,96.715580338279,97.032054023457,97.442452413699,
    97.969779337344,98.629259840841,99.412969414745,100.27510921206,
    101.13724900938,101.92095858329,102.58043908678,103.10776601043,
    103.51816440067,103.83463808585,104.07948571368,104.27129585402,
    104.4245999314,104.55045082354,104.65717231038,104.75102219913,
    104.83671304998,104.91780193205,104.99697673118,105.07626549127,
    105.15718989963,105.24087858534,105.32815151164,105.41958348834,
    105.51555250069,105.6162769094,105.72184442437,105.83223494578,
    105.94733879502,106.06697145253,106.19088563017,106.31878129597,
    106.45031411833,106.58510268506,106.72273477127,106.86277287001,
    107.00475915427,107.14822000641,107.29267022639,107.43761701292,
    107.58256379945,107.72701401944,107.87047487158,108.01246115584,
    108.15249925458,108.29013134079,108.42491990751,108.55645272988,
    108.68434839568,108.80826257331,108.92789523083,109.04299908006,
    109.15338960148,109.25895711645,109.35968152515,109.45565053751,
    109.54708251421,109.63435544051,109.71804412621,109.79896853457,
    109.87825729466,109.95743209379,110.03852097586,110.12421182672,
    110.21806171546,110.32478320231,110.45063409445,110.60393817183,
    110.79574831216,111.04059594,111.35706962518,111.76746801542,
    112.29479493906,112.95427544256,113.73798501646,114.60012481378,
    115.4622646111,116.24597418501,116.90545468851,117.43278161215,
    117.84318000239,118.15965368757,118.4045013154,118.59631145574,
    118.74961553312,118.87546642526,118.9821879121,119.07603780085,
    119.16172865171,119.24281753378,119.32199233291,119.401281093,
    119.48220550136,119.56589418706,119.65316711336,119.74459909006,
    119.84056810241,119.94129251112,120.04686002609,120.15725054751,
    120.27235439674,120.39198705426,120.51590123189,120.64379689769,
    120.77532972006,120.91011828678,121.04775037299,121.18778847173,
    121.32977475599,121.47323560813,121.61768582811,121.76263261465,
    121.90757940118,122.05202962116,122.1954904733,122.33747675756,
    122.4775148563,122.61514694251,122.74993550923,122.8814683316,
    123.0093639974,123.13327817503,123.25291083255,123.36801468178,
    123.4784052032,123.58397271817,123.68469712688,123.78066613923,
    123.87209811593,123.95937104223,124.04305972793,124.12398413629,
    124.20327289638,124.28244769552,124.36353657759,124.44922742844,
    124.54307731719,124.64979880403,124.77564969617,124.92895377355,
    125.12076391389,125.36561154172,125.6820852269,126.09248361714,
    126.61981054079,127.27929104428,128.06300061819,128.92514041551,
    129.78728021283,130.57098978673,131.23047029023,131.75779721387,
    132.16819560412,132.48466928929,132.72951691713,132.92132705746,
    133.07463113484,133.20048202698,133.30720351383,133.40105340258,
    133.48674425343,133.5678331355,133.64700793463,133.72629669472,
    133.80722110308,133.89090978879,133.97818271509,134.06961469178,
    134.16558370414,134.26630811284,134.37187562781,134.48226614923,
    134.59736999846,134.71700265598,134.84091683361,134.96881249941,
    135.10034532178,135.2351338885,135.37276597472,135.51280407345,
    135.65479035771,135.79825120986,135.94270142984,136.08764821637,
    136.2325950029,136.37704522288,136.52050607503,136.66249235929,
    136.80253045802,136.94016254423,137.07495111096,137.20648393333,
    137.33437959913,137.45829377676,137.57792643428,137.69303028351,
    137.80342080493,137.9089883199,138.0097127286,138.10568174096,
    138.19711371765,138.28438664395,138.36807532966,138.44899973802,
    138.52828849811,138.60746329724,138.68855217931,138.77424303016,
    138.86809291891,138.97481440576,139.10066529789,139.25396937527,
    139.44577951561,139.69062714345,140.00710082862,140.41749921887,
    140.94482614251,141.60430664601,142.38801621991,143.25015601723),
  .UNSPECIFIED.);
#2243 = CARTESIAN_POINT('',(18.5,0.,0.));
#2244 = CARTESIAN_POINT('',(18.499594350249,-0.287853742081,0.));
#2245 = CARTESIAN_POINT('',(18.543710406362,-0.836814870179,0.));
#2246 = CARTESIAN_POINT('',(18.718612036039,-1.587780366218,0.));
#2247 = CARTESIAN_POINT('',(18.949204773602,-2.204369369209,0.));
#2248 = CARTESIAN_POINT('',(19.185533179089,-2.682194619954,0.));
#2249 = CARTESIAN_POINT('',(19.39847988692,-3.042270111963,0.));
#2250 = CARTESIAN_POINT('',(19.577546624487,-3.312284873023,0.));
#2251 = CARTESIAN_POINT('',(19.723064088263,-3.516880869738,0.));
#2252 = CARTESIAN_POINT('',(19.839871323747,-3.67509032291,0.));
#2253 = CARTESIAN_POINT('',(19.933880615929,-3.800818210277,0.));
#2254 = CARTESIAN_POINT('',(20.010585472236,-3.904070827082,0.));
#2255 = CARTESIAN_POINT('',(20.074564880316,-3.992084334383,0.));
#2256 = CARTESIAN_POINT('',(20.129421173063,-4.070167218618,0.));
#2257 = CARTESIAN_POINT('',(20.177879017791,-4.142282807392,0.));
#2258 = CARTESIAN_POINT('',(20.221927264714,-4.211440469607,0.));
#2259 = CARTESIAN_POINT('',(20.262957571468,-4.279956353758,0.));
#2260 = CARTESIAN_POINT('',(20.301884904225,-4.349627798826,0.));
#2261 = CARTESIAN_POINT('',(20.339247524567,-4.421851196354,0.));
#2262 = CARTESIAN_POINT('',(20.375288506783,-4.497702852141,0.));
#2263 = CARTESIAN_POINT('',(20.410021969335,-4.577995574949,0.));
#2264 = CARTESIAN_POINT('',(20.443287106816,-4.663319285491,0.));
#2265 = CARTESIAN_POINT('',(20.474792624168,-4.754071079548,0.));
#2266 = CARTESIAN_POINT('',(20.504153633938,-4.850478333623,0.));
#2267 = CARTESIAN_POINT('',(20.530922596476,-4.952617242494,0.));
#2268 = CARTESIAN_POINT('',(20.554615492109,-5.060428390855,0.));
#2269 = CARTESIAN_POINT('',(20.574734110304,-5.173730437814,0.));
#2270 = CARTESIAN_POINT('',(20.590785110147,-5.292232640194,0.));
#2271 = CARTESIAN_POINT('',(20.602296333798,-5.415546699285,0.));
#2272 = CARTESIAN_POINT('',(20.608830726577,-5.543198248388,0.));
#2273 = CARTESIAN_POINT('',(20.609998123114,-5.674638180733,0.));
#2274 = CARTESIAN_POINT('',(20.605465090133,-5.809253933521,0.));
#2275 = CARTESIAN_POINT('',(20.594962966494,-5.946380783328,0.));
#2276 = CARTESIAN_POINT('',(20.578294205342,-6.085313164071,0.));
#2277 = CARTESIAN_POINT('',(20.555337097956,-6.225315986519,0.));
#2278 = CARTESIAN_POINT('',(20.526048941359,-6.365635914628,0.));
#2279 = CARTESIAN_POINT('',(20.490467699942,-6.505512536772,0.));
#2280 = CARTESIAN_POINT('',(20.448712203583,-6.644189357542,0.));
#2281 = CARTESIAN_POINT('',(20.400980919663,-6.780924527233,0.));
#2282 = CARTESIAN_POINT('',(20.347549333013,-6.915001220627,0.));
#2283 = CARTESIAN_POINT('',(20.288765965089,-7.045737573631,0.));
#2284 = CARTESIAN_POINT('',(20.225047060792,-7.172496085408,0.));
#2285 = CARTESIAN_POINT('',(20.156869967372,-7.294692394478,0.));
#2286 = CARTESIAN_POINT('',(20.084765223863,-7.41180333975,0.));
#2287 = CARTESIAN_POINT('',(20.009307370365,-7.5233742214,0.));
#2288 = CARTESIAN_POINT('',(19.931104472933,-7.629025181939,0.));
#2289 = CARTESIAN_POINT('',(19.850786340133,-7.728456634813,0.));
#2290 = CARTESIAN_POINT('',(19.768991379238,-7.821453676766,0.));
#2291 = CARTESIAN_POINT('',(19.686352000666,-7.907889431369,0.));
#2292 = CARTESIAN_POINT('',(19.603478424386,-7.987727285785,0.));
#2293 = CARTESIAN_POINT('',(19.520940666133,-8.061022002354,0.));
#2294 = CARTESIAN_POINT('',(19.439248376198,-8.127919714019,0.));
#2295 = CARTESIAN_POINT('',(19.358828058163,-8.188656852412,0.));
#2296 = CARTESIAN_POINT('',(19.279996993043,-8.243558117609,0.));
#2297 = CARTESIAN_POINT('',(19.202932912773,-8.293033692233,0.));
#2298 = CARTESIAN_POINT('',(19.127638072962,-8.337576052461,0.));
#2299 = CARTESIAN_POINT('',(19.053895821221,-8.377756973219,0.));
#2300 = CARTESIAN_POINT('',(18.981216978473,-8.414225731987,0.));
#2301 = CARTESIAN_POINT('',(18.90877225681,-8.447710202964,0.));
#2302 = CARTESIAN_POINT('',(18.83530541511,-8.47902370842,0.));
#2303 = CARTESIAN_POINT('',(18.759019780844,-8.509082522511,0.));
#2304 = CARTESIAN_POINT('',(18.677428081409,-8.538942452903,0.));
#2305 = CARTESIAN_POINT('',(18.587152440509,-8.569869113332,0.));
#2306 = CARTESIAN_POINT('',(18.483658970529,-8.603467384021,0.));
#2307 = CARTESIAN_POINT('',(18.36091307261,-8.641914522091,0.));
#2308 = CARTESIAN_POINT('',(18.210956960611,-8.688373245749,0.));
#2309 = CARTESIAN_POINT('',(18.023464733393,-8.747709803014,0.));
#2310 = CARTESIAN_POINT('',(17.785480151515,-8.827698469239,0.));
#2311 = CARTESIAN_POINT('',(17.481901263571,-8.940891951624,0.));
#2312 = CARTESIAN_POINT('',(17.097977578998,-9.107033653314,0.));
#2313 = CARTESIAN_POINT('',(16.625920441928,-9.354684209742,0.));
#2314 = CARTESIAN_POINT('',(16.076969911947,-9.718016704651,0.));
#2315 = CARTESIAN_POINT('',(15.493947143735,-10.22256353045,0.));
#2316 = CARTESIAN_POINT('',(14.948363390302,-10.86062172713,0.));
#2317 = CARTESIAN_POINT('',(14.51012863624,-11.57667353719,0.));
#2318 = CARTESIAN_POINT('',(14.210440033269,-12.28707468368,0.));
#2319 = CARTESIAN_POINT('',(14.03452533924,-12.92143357787,0.));
#2320 = CARTESIAN_POINT('',(13.944869341455,-13.44691482475,0.));
#2321 = CARTESIAN_POINT('',(13.905498136511,-13.86338855602,0.));
#2322 = CARTESIAN_POINT('',(13.891655772995,-14.18708794532,0.));
#2323 = CARTESIAN_POINT('',(13.889123310951,-14.43814258991,0.));
#2324 = CARTESIAN_POINT('',(13.890629176034,-14.63479429895,0.));
#2325 = CARTESIAN_POINT('',(13.892783291178,-14.79176757157,0.));
#2326 = CARTESIAN_POINT('',(13.89414845843,-14.92038667668,0.));
#2327 = CARTESIAN_POINT('',(13.894175845186,-15.02919725232,0.));
#2328 = CARTESIAN_POINT('',(13.892659550474,-15.12461135252,0.));
#2329 = CARTESIAN_POINT('',(13.889474290824,-15.21143689588,0.));
#2330 = CARTESIAN_POINT('',(13.884460217225,-15.29327752984,0.));
#2331 = CARTESIAN_POINT('',(13.877381806421,-15.37282505371,0.));
#2332 = CARTESIAN_POINT('',(13.867922832251,-15.45207134889,0.));
#2333 = CARTESIAN_POINT('',(13.855697979124,-15.53246250211,0.));
#2334 = CARTESIAN_POINT('',(13.840271261598,-15.61501213852,0.));
#2335 = CARTESIAN_POINT('',(13.821176344743,-15.70038613284,0.));
#2336 = CARTESIAN_POINT('',(13.797936387558,-15.78896722192,0.));
#2337 = CARTESIAN_POINT('',(13.770082320347,-15.88090544405,0.));
#2338 = CARTESIAN_POINT('',(13.737169114063,-15.97615851951,0.));
#2339 = CARTESIAN_POINT('',(13.698789915358,-16.07452503397,0.));
#2340 = CARTESIAN_POINT('',(13.654588067532,-16.17567241982,0.));
#2341 = CARTESIAN_POINT('',(13.604267099298,-16.27916112838,0.));
#2342 = CARTESIAN_POINT('',(13.547598784025,-16.38446596497,0.));
#2343 = CARTESIAN_POINT('',(13.484429374251,-16.49099526191,0.));
#2344 = CARTESIAN_POINT('',(13.414684111061,-16.5981083542,0.));
#2345 = CARTESIAN_POINT('',(13.338370100904,-16.70513167168,0.));
#2346 = CARTESIAN_POINT('',(13.255577645972,-16.81137365346,0.));
#2347 = CARTESIAN_POINT('',(13.166480109461,-16.91613861195,0.));
#2348 = CARTESIAN_POINT('',(13.071332393947,-17.01873961706,0.));
#2349 = CARTESIAN_POINT('',(12.970468109616,-17.11851043052,0.));
#2350 = CARTESIAN_POINT('',(12.86429550885,-17.2148164905,0.));
#2351 = CARTESIAN_POINT('',(12.753292264226,-17.30706492596,0.));
#2352 = CARTESIAN_POINT('',(12.637999167979,-17.39471356573,0.));
#2353 = CARTESIAN_POINT('',(12.51901283191,-17.47727889698,0.));
#2354 = CARTESIAN_POINT('',(12.396977467221,-17.55434292184,0.));
#2355 = CARTESIAN_POINT('',(12.27257582335,-17.62555885646,0.));
#2356 = CARTESIAN_POINT('',(12.146519363085,-17.69065561443,0.));
#2357 = CARTESIAN_POINT('',(12.019537747526,-17.74944101506,0.));
#2358 = CARTESIAN_POINT('',(11.89236769814,-17.80180365516,0.));
#2359 = CARTESIAN_POINT('',(11.765741293481,-17.84771338104,0.));
#2360 = CARTESIAN_POINT('',(11.640373743954,-17.88722029379,0.));
#2361 = CARTESIAN_POINT('',(11.516950667948,-17.92045221499,0.));
#2362 = CARTESIAN_POINT('',(11.396114864764,-17.94761053063,0.));
#2363 = CARTESIAN_POINT('',(11.278452541268,-17.96896431704,0.));
#2364 = CARTESIAN_POINT('',(11.164478896272,-17.98484263212,0.));
#2365 = CARTESIAN_POINT('',(11.054622893698,-17.99562482636,0.));
#2366 = CARTESIAN_POINT('',(10.949210954502,-18.00172868873,0.));
#2367 = CARTESIAN_POINT('',(10.848449156305,-18.00359618896,0.));
#2368 = CARTESIAN_POINT('',(10.752403330923,-18.00167650801,0.));
#2369 = CARTESIAN_POINT('',(10.660976167216,-17.99640595883,0.));
#2370 = CARTESIAN_POINT('',(10.573880019776,-17.98818428881,0.));
#2371 = CARTESIAN_POINT('',(10.490603532269,-17.9773467285,0.));
#2372 = CARTESIAN_POINT('',(10.410369314781,-17.96413102219,0.));
#2373 = CARTESIAN_POINT('',(10.332078625582,-17.94863858926,0.));
#2374 = CARTESIAN_POINT('',(10.254237085419,-17.93078902124,0.));
#2375 = CARTESIAN_POINT('',(10.174852583247,-17.91026754189,0.));
#2376 = CARTESIAN_POINT('',(10.091292285085,-17.88646633539,0.));
#2377 = CARTESIAN_POINT('',(10.000079522516,-17.85842383889,0.));
#2378 = CARTESIAN_POINT('',(9.896602978483,-17.8247734755,0.));
#2379 = CARTESIAN_POINT('',(9.774700800325,-17.78372963501,0.));
#2380 = CARTESIAN_POINT('',(9.626076004701,-17.73317354086,0.));
#2381 = CARTESIAN_POINT('',(9.439514453286,-17.670972658,0.));
#2382 = CARTESIAN_POINT('',(9.199964723791,-17.59580102083,0.));
#2383 = CARTESIAN_POINT('',(8.887830784709,-17.50893727849,0.));
#2384 = CARTESIAN_POINT('',(8.479574357303,-17.41768405883,0.));
#2385 = CARTESIAN_POINT('',(7.952106766305,-17.34056934424,0.));
#2386 = CARTESIAN_POINT('',(7.294434976294,-17.31184648147,0.));
#2387 = CARTESIAN_POINT('',(6.526194465406,-17.3773412531,0.));
#2388 = CARTESIAN_POINT('',(5.709766738911,-17.57285509345,0.));
#2389 = CARTESIAN_POINT('',(4.934342681517,-17.89456525116,0.));
#2390 = CARTESIAN_POINT('',(4.274326191577,-18.29313931039,0.));
#2391 = CARTESIAN_POINT('',(3.759141411877,-18.70294637352,0.));
#2392 = CARTESIAN_POINT('',(3.377738058751,-19.07537115919,0.));
#2393 = CARTESIAN_POINT('',(3.101088967655,-19.38916367187,0.));
#2394 = CARTESIAN_POINT('',(2.899624533122,-19.64290564174,0.));
#2395 = CARTESIAN_POINT('',(2.750009510679,-19.8445245719,0.));
#2396 = CARTESIAN_POINT('',(2.635638806715,-20.00450427176,0.));
#2397 = CARTESIAN_POINT('',(2.545114947823,-20.13276447409,0.));
#2398 = CARTESIAN_POINT('',(2.470618978181,-20.23762194111,0.));
#2399 = CARTESIAN_POINT('',(2.406683882876,-20.3256676435,0.));
#2400 = CARTESIAN_POINT('',(2.349374173731,-20.40196801639,0.));
#2401 = CARTESIAN_POINT('',(2.295762470631,-20.47033910787,0.));
#2402 = CARTESIAN_POINT('',(2.243601282202,-20.53360237305,0.));
#2403 = CARTESIAN_POINT('',(2.191117866182,-20.59379708625,0.));
#2404 = CARTESIAN_POINT('',(2.136885591718,-20.65234884028,0.));
#2405 = CARTESIAN_POINT('',(2.07974274351,-20.71020106105,0.));
#2406 = CARTESIAN_POINT('',(2.018740808001,-20.76791752273,0.));
#2407 = CARTESIAN_POINT('',(1.953111120965,-20.82576282449,0.));
#2408 = CARTESIAN_POINT('',(1.882242942862,-20.88376632684,0.));
#2409 = CARTESIAN_POINT('',(1.805668598037,-20.94177370105,0.));
#2410 = CARTESIAN_POINT('',(1.723052901821,-20.99948916061,0.));
#2411 = CARTESIAN_POINT('',(1.634185091318,-21.05651061549,0.));
#2412 = CARTESIAN_POINT('',(1.538972103536,-21.1123593753,0.));
#2413 = CARTESIAN_POINT('',(1.437432448392,-21.16650557624,0.));
#2414 = CARTESIAN_POINT('',(1.329690188352,-21.21839017864,0.));
#2415 = CARTESIAN_POINT('',(1.215968712637,-21.26744414281,0.));
#2416 = CARTESIAN_POINT('',(1.096584113464,-21.31310521767,0.));
#2417 = CARTESIAN_POINT('',(0.971938054675,-21.35483265059,0.));
#2418 = CARTESIAN_POINT('',(0.842510081562,-21.39212003536,0.));
#2419 = CARTESIAN_POINT('',(0.708849362813,-21.42450644921,0.));
#2420 = CARTESIAN_POINT('',(0.571565886311,-21.45158598202,0.));
#2421 = CARTESIAN_POINT('',(0.431321153399,-21.47301572684,0.));
#2422 = CARTESIAN_POINT('',(0.288818433282,-21.48852227709,0.));
#2423 = CARTESIAN_POINT('',(0.144792652036,-21.49790675894,0.));
#2424 = CARTESIAN_POINT('',(6.863723698244E-16,-21.50104841638,0.));
#2425 = CARTESIAN_POINT('',(-0.144792652036,-21.49790675894,0.));
#2426 = CARTESIAN_POINT('',(-0.288818433282,-21.48852227709,0.));
#2427 = CARTESIAN_POINT('',(-0.431321153399,-21.47301572684,0.));
#2428 = CARTESIAN_POINT('',(-0.571565886311,-21.45158598202,0.));
#2429 = CARTESIAN_POINT('',(-0.708849362813,-21.42450644921,0.));
#2430 = CARTESIAN_POINT('',(-0.842510081562,-21.39212003536,0.));
#2431 = CARTESIAN_POINT('',(-0.971938054675,-21.35483265059,0.));
#2432 = CARTESIAN_POINT('',(-1.096584113464,-21.31310521767,0.));
#2433 = CARTESIAN_POINT('',(-1.215968712637,-21.26744414281,0.));
#2434 = CARTESIAN_POINT('',(-1.329690188352,-21.21839017864,0.));
#2435 = CARTESIAN_POINT('',(-1.437432448392,-21.16650557624,0.));
#2436 = CARTESIAN_POINT('',(-1.538972103536,-21.1123593753,0.));
#2437 = CARTESIAN_POINT('',(-1.634185091318,-21.05651061549,0.));
#2438 = CARTESIAN_POINT('',(-1.723052901821,-20.99948916061,0.));
#2439 = CARTESIAN_POINT('',(-1.805668598037,-20.94177370105,0.));
#2440 = CARTESIAN_POINT('',(-1.882242942862,-20.88376632684,0.));
#2441 = CARTESIAN_POINT('',(-1.953111120965,-20.82576282449,0.));
#2442 = CARTESIAN_POINT('',(-2.018740808001,-20.76791752273,0.));
#2443 = CARTESIAN_POINT('',(-2.07974274351,-20.71020106105,0.));
#2444 = CARTESIAN_POINT('',(-2.136885591718,-20.65234884028,0.));
#2445 = CARTESIAN_POINT('',(-2.191117866182,-20.59379708625,0.));
#2446 = CARTESIAN_POINT('',(-2.243601282202,-20.53360237305,0.));
#2447 = CARTESIAN_POINT('',(-2.295762470631,-20.47033910787,0.));
#2448 = CARTESIAN_POINT('',(-2.349374173731,-20.40196801639,0.));
#2449 = CARTESIAN_POINT('',(-2.406683882876,-20.3256676435,0.));
#2450 = CARTESIAN_POINT('',(-2.470618978181,-20.23762194111,0.));
#2451 = CARTESIAN_POINT('',(-2.545114947823,-20.13276447409,0.));
#2452 = CARTESIAN_POINT('',(-2.635638806715,-20.00450427176,0.));
#2453 = CARTESIAN_POINT('',(-2.750009510679,-19.8445245719,0.));
#2454 = CARTESIAN_POINT('',(-2.899624533122,-19.64290564174,0.));
#2455 = CARTESIAN_POINT('',(-3.101088967655,-19.38916367187,0.));
#2456 = CARTESIAN_POINT('',(-3.377738058751,-19.07537115919,0.));
#2457 = CARTESIAN_POINT('',(-3.759141411877,-18.70294637352,0.));
#2458 = CARTESIAN_POINT('',(-4.274326191577,-18.29313931039,0.));
#2459 = CARTESIAN_POINT('',(-4.934342681517,-17.89456525116,0.));
#2460 = CARTESIAN_POINT('',(-5.709766738911,-17.57285509345,0.));
#2461 = CARTESIAN_POINT('',(-6.526194465406,-17.3773412531,0.));
#2462 = CARTESIAN_POINT('',(-7.294434976294,-17.31184648147,0.));
#2463 = CARTESIAN_POINT('',(-7.952106766305,-17.34056934424,0.));
#2464 = CARTESIAN_POINT('',(-8.479574357303,-17.41768405883,0.));
#2465 = CARTESIAN_POINT('',(-8.887830784709,-17.50893727849,0.));
#2466 = CARTESIAN_POINT('',(-9.199964723791,-17.59580102083,0.));
#2467 = CARTESIAN_POINT('',(-9.439514453286,-17.670972658,0.));
#2468 = CARTESIAN_POINT('',(-9.626076004701,-17.73317354086,0.));
#2469 = CARTESIAN_POINT('',(-9.774700800325,-17.78372963501,0.));
#2470 = CARTESIAN_POINT('',(-9.896602978483,-17.8247734755,0.));
#2471 = CARTESIAN_POINT('',(-10.00007952251,-17.85842383889,0.));
#2472 = CARTESIAN_POINT('',(-10.09129228508,-17.88646633539,0.));
#2473 = CARTESIAN_POINT('',(-10.17485258324,-17.91026754189,0.));
#2474 = CARTESIAN_POINT('',(-10.25423708541,-17.93078902124,0.));
#2475 = CARTESIAN_POINT('',(-10.33207862558,-17.94863858926,0.));
#2476 = CARTESIAN_POINT('',(-10.41036931478,-17.96413102219,0.));
#2477 = CARTESIAN_POINT('',(-10.49060353226,-17.9773467285,0.));
#2478 = CARTESIAN_POINT('',(-10.57388001977,-17.98818428881,0.));
#2479 = CARTESIAN_POINT('',(-10.66097616721,-17.99640595883,0.));
#2480 = CARTESIAN_POINT('',(-10.75240333092,-18.00167650801,0.));
#2481 = CARTESIAN_POINT('',(-10.8484491563,-18.00359618896,0.));
#2482 = CARTESIAN_POINT('',(-10.9492109545,-18.00172868873,0.));
#2483 = CARTESIAN_POINT('',(-11.05462289369,-17.99562482636,0.));
#2484 = CARTESIAN_POINT('',(-11.16447889627,-17.98484263212,0.));
#2485 = CARTESIAN_POINT('',(-11.27845254126,-17.96896431704,0.));
#2486 = CARTESIAN_POINT('',(-11.39611486476,-17.94761053063,0.));
#2487 = CARTESIAN_POINT('',(-11.51695066794,-17.92045221499,0.));
#2488 = CARTESIAN_POINT('',(-11.64037374395,-17.88722029379,0.));
#2489 = CARTESIAN_POINT('',(-11.76574129348,-17.84771338104,0.));
#2490 = CARTESIAN_POINT('',(-11.89236769814,-17.80180365516,0.));
#2491 = CARTESIAN_POINT('',(-12.01953774752,-17.74944101506,0.));
#2492 = CARTESIAN_POINT('',(-12.14651936308,-17.69065561443,0.));
#2493 = CARTESIAN_POINT('',(-12.27257582335,-17.62555885646,0.));
#2494 = CARTESIAN_POINT('',(-12.39697746722,-17.55434292184,0.));
#2495 = CARTESIAN_POINT('',(-12.51901283191,-17.47727889698,0.));
#2496 = CARTESIAN_POINT('',(-12.63799916797,-17.39471356573,0.));
#2497 = CARTESIAN_POINT('',(-12.75329226422,-17.30706492596,0.));
#2498 = CARTESIAN_POINT('',(-12.86429550885,-17.2148164905,0.));
#2499 = CARTESIAN_POINT('',(-12.97046810961,-17.11851043052,0.));
#2500 = CARTESIAN_POINT('',(-13.07133239394,-17.01873961706,0.));
#2501 = CARTESIAN_POINT('',(-13.16648010946,-16.91613861195,0.));
#2502 = CARTESIAN_POINT('',(-13.25557764597,-16.81137365346,0.));
#2503 = CARTESIAN_POINT('',(-13.3383701009,-16.70513167168,0.));
#2504 = CARTESIAN_POINT('',(-13.41468411106,-16.5981083542,0.));
#2505 = CARTESIAN_POINT('',(-13.48442937425,-16.49099526191,0.));
#2506 = CARTESIAN_POINT('',(-13.54759878402,-16.38446596497,0.));
#2507 = CARTESIAN_POINT('',(-13.60426709929,-16.27916112838,0.));
#2508 = CARTESIAN_POINT('',(-13.65458806753,-16.17567241982,0.));
#2509 = CARTESIAN_POINT('',(-13.69878991535,-16.07452503397,0.));
#2510 = CARTESIAN_POINT('',(-13.73716911406,-15.97615851951,0.));
#2511 = CARTESIAN_POINT('',(-13.77008232034,-15.88090544405,0.));
#2512 = CARTESIAN_POINT('',(-13.79793638755,-15.78896722192,0.));
#2513 = CARTESIAN_POINT('',(-13.82117634474,-15.70038613284,0.));
#2514 = CARTESIAN_POINT('',(-13.84027126159,-15.61501213852,0.));
#2515 = CARTESIAN_POINT('',(-13.85569797912,-15.53246250211,0.));
#2516 = CARTESIAN_POINT('',(-13.86792283225,-15.45207134889,0.));
#2517 = CARTESIAN_POINT('',(-13.87738180642,-15.37282505371,0.));
#2518 = CARTESIAN_POINT('',(-13.88446021722,-15.29327752984,0.));
#2519 = CARTESIAN_POINT('',(-13.88947429082,-15.21143689588,0.));
#2520 = CARTESIAN_POINT('',(-13.89265955047,-15.12461135252,0.));
#2521 = CARTESIAN_POINT('',(-13.89417584518,-15.02919725232,0.));
#2522 = CARTESIAN_POINT('',(-13.89414845843,-14.92038667668,0.));
#2523 = CARTESIAN_POINT('',(-13.89278329117,-14.79176757157,0.));
#2524 = CARTESIAN_POINT('',(-13.89062917603,-14.63479429895,0.));
#2525 = CARTESIAN_POINT('',(-13.88912331095,-14.43814258991,0.));
#2526 = CARTESIAN_POINT('',(-13.89165577299,-14.18708794532,0.));
#2527 = CARTESIAN_POINT('',(-13.90549813651,-13.86338855602,0.));
#2528 = CARTESIAN_POINT('',(-13.94486934145,-13.44691482475,0.));
#2529 = CARTESIAN_POINT('',(-14.03452533924,-12.92143357787,0.));
#2530 = CARTESIAN_POINT('',(-14.21044003326,-12.28707468368,0.));
#2531 = CARTESIAN_POINT('',(-14.51012863624,-11.57667353719,0.));
#2532 = CARTESIAN_POINT('',(-14.9483633903,-10.86062172713,0.));
#2533 = CARTESIAN_POINT('',(-15.49394714373,-10.22256353045,0.));
#2534 = CARTESIAN_POINT('',(-16.07696991194,-9.718016704651,0.));
#2535 = CARTESIAN_POINT('',(-16.62592044192,-9.354684209742,0.));
#2536 = CARTESIAN_POINT('',(-17.09797757899,-9.107033653314,0.));
#2537 = CARTESIAN_POINT('',(-17.48190126357,-8.940891951624,0.));
#2538 = CARTESIAN_POINT('',(-17.78548015151,-8.827698469239,0.));
#2539 = CARTESIAN_POINT('',(-18.02346473339,-8.747709803014,0.));
#2540 = CARTESIAN_POINT('',(-18.21095696061,-8.688373245749,0.));
#2541 = CARTESIAN_POINT('',(-18.36091307261,-8.641914522091,0.));
#2542 = CARTESIAN_POINT('',(-18.48365897052,-8.603467384021,0.));
#2543 = CARTESIAN_POINT('',(-18.5871524405,-8.569869113332,0.));
#2544 = CARTESIAN_POINT('',(-18.6774280814,-8.538942452903,0.));
#2545 = CARTESIAN_POINT('',(-18.75901978084,-8.509082522511,0.));
#2546 = CARTESIAN_POINT('',(-18.83530541511,-8.47902370842,0.));
#2547 = CARTESIAN_POINT('',(-18.90877225681,-8.447710202964,0.));
#2548 = CARTESIAN_POINT('',(-18.98121697847,-8.414225731987,0.));
#2549 = CARTESIAN_POINT('',(-19.05389582122,-8.377756973219,0.));
#2550 = CARTESIAN_POINT('',(-19.12763807296,-8.337576052461,0.));
#2551 = CARTESIAN_POINT('',(-19.20293291277,-8.293033692233,0.));
#2552 = CARTESIAN_POINT('',(-19.27999699304,-8.243558117609,0.));
#2553 = CARTESIAN_POINT('',(-19.35882805816,-8.188656852412,0.));
#2554 = CARTESIAN_POINT('',(-19.43924837619,-8.127919714019,0.));
#2555 = CARTESIAN_POINT('',(-19.52094066613,-8.061022002354,0.));
#2556 = CARTESIAN_POINT('',(-19.60347842438,-7.987727285785,0.));
#2557 = CARTESIAN_POINT('',(-19.68635200066,-7.907889431369,0.));
#2558 = CARTESIAN_POINT('',(-19.76899137923,-7.821453676766,0.));
#2559 = CARTESIAN_POINT('',(-19.85078634013,-7.728456634813,0.));
#2560 = CARTESIAN_POINT('',(-19.93110447293,-7.629025181939,0.));
#2561 = CARTESIAN_POINT('',(-20.00930737036,-7.5233742214,0.));
#2562 = CARTESIAN_POINT('',(-20.08476522386,-7.41180333975,0.));
#2563 = CARTESIAN_POINT('',(-20.15686996737,-7.294692394478,0.));
#2564 = CARTESIAN_POINT('',(-20.22504706079,-7.172496085408,0.));
#2565 = CARTESIAN_POINT('',(-20.28876596508,-7.045737573631,0.));
#2566 = CARTESIAN_POINT('',(-20.34754933301,-6.915001220627,0.));
#2567 = CARTESIAN_POINT('',(-20.40098091966,-6.780924527233,0.));
#2568 = CARTESIAN_POINT('',(-20.44871220358,-6.644189357542,0.));
#2569 = CARTESIAN_POINT('',(-20.49046769994,-6.505512536772,0.));
#2570 = CARTESIAN_POINT('',(-20.52604894135,-6.365635914628,0.));
#2571 = CARTESIAN_POINT('',(-20.55533709795,-6.225315986519,0.));
#2572 = CARTESIAN_POINT('',(-20.57829420534,-6.085313164071,0.));
#2573 = CARTESIAN_POINT('',(-20.59496296649,-5.946380783328,0.));
#2574 = CARTESIAN_POINT('',(-20.60546509013,-5.809253933521,0.));
#2575 = CARTESIAN_POINT('',(-20.60999812311,-5.674638180733,0.));
#2576 = CARTESIAN_POINT('',(-20.60883072657,-5.543198248388,0.));
#2577 = CARTESIAN_POINT('',(-20.60229633379,-5.415546699285,0.));
#2578 = CARTESIAN_POINT('',(-20.59078511014,-5.292232640194,0.));
#2579 = CARTESIAN_POINT('',(-20.5747341103,-5.173730437814,0.));
#2580 = CARTESIAN_POINT('',(-20.5546154921,-5.060428390855,0.));
#2581 = CARTESIAN_POINT('',(-20.53092259647,-4.952617242495,0.));
#2582 = CARTESIAN_POINT('',(-20.50415363393,-4.850478333623,0.));
#2583 = CARTESIAN_POINT('',(-20.47479262416,-4.754071079548,0.));
#2584 = CARTESIAN_POINT('',(-20.44328710681,-4.663319285491,0.));
#2585 = CARTESIAN_POINT('',(-20.41002196933,-4.577995574949,0.));
#2586 = CARTESIAN_POINT('',(-20.37528850678,-4.497702852141,0.));
#2587 = CARTESIAN_POINT('',(-20.33924752456,-4.421851196354,0.));
#2588 = CARTESIAN_POINT('',(-20.30188490422,-4.349627798826,0.));
#2589 = CARTESIAN_POINT('',(-20.26295757146,-4.279956353758,0.));
#2590 = CARTESIAN_POINT('',(-20.22192726471,-4.211440469607,0.));
#2591 = CARTESIAN_POINT('',(-20.17787901779,-4.142282807392,0.));
#2592 = CARTESIAN_POINT('',(-20.12942117306,-4.070167218617,0.));
#2593 = CARTESIAN_POINT('',(-20.0745648803,-3.992084334389,0.));
#2594 = CARTESIAN_POINT('',(-20.01058547229,-3.904070827057,0.));
#2595 = CARTESIAN_POINT('',(-19.93388061564,-3.800818210396,0.));
#2596 = CARTESIAN_POINT('',(-19.83987132522,-3.675090322296,0.));
#2597 = CARTESIAN_POINT('',(-19.72306408037,-3.516880873003,0.));
#2598 = CARTESIAN_POINT('',(-19.57754666759,-3.312284855169,0.));
#2599 = CARTESIAN_POINT('',(-19.39847964771,-3.042270211026,0.));
#2600 = CARTESIAN_POINT('',(-19.1855345044,-2.682194071087,0.));
#2601 = CARTESIAN_POINT('',(-18.94919760298,-2.20437233886,0.));
#2602 = CARTESIAN_POINT('',(-18.71864877734,-1.58776515011,0.));
#2603 = CARTESIAN_POINT('',(-18.54353863305,-0.836886008673,0.));
#2604 = CARTESIAN_POINT('',(-18.47719330278,-2.858890674484E-14,0.));
#2605 = CARTESIAN_POINT('',(-18.54353863305,0.836886008673,0.));
#2606 = CARTESIAN_POINT('',(-18.71864877734,1.58776515011,0.));
#2607 = CARTESIAN_POINT('',(-18.94919760298,2.20437233886,0.));
#2608 = CARTESIAN_POINT('',(-19.1855345044,2.682194071087,0.));
#2609 = CARTESIAN_POINT('',(-19.39847964771,3.042270211026,0.));
#2610 = CARTESIAN_POINT('',(-19.57754666759,3.312284855169,0.));
#2611 = CARTESIAN_POINT('',(-19.72306408037,3.516880873003,0.));
#2612 = CARTESIAN_POINT('',(-19.83987132522,3.675090322296,0.));
#2613 = CARTESIAN_POINT('',(-19.93388061564,3.800818210396,0.));
#2614 = CARTESIAN_POINT('',(-20.01058547229,3.904070827057,0.));
#2615 = CARTESIAN_POINT('',(-20.0745648803,3.992084334389,0.));
#2616 = CARTESIAN_POINT('',(-20.12942117306,4.070167218617,0.));
#2617 = CARTESIAN_POINT('',(-20.17787901779,4.142282807392,0.));
#2618 = CARTESIAN_POINT('',(-20.22192726471,4.211440469607,0.));
#2619 = CARTESIAN_POINT('',(-20.26295757146,4.279956353758,0.));
#2620 = CARTESIAN_POINT('',(-20.30188490422,4.349627798826,0.));
#2621 = CARTESIAN_POINT('',(-20.33924752456,4.421851196354,0.));
#2622 = CARTESIAN_POINT('',(-20.37528850678,4.497702852141,0.));
#2623 = CARTESIAN_POINT('',(-20.41002196933,4.577995574949,0.));
#2624 = CARTESIAN_POINT('',(-20.44328710681,4.663319285491,0.));
#2625 = CARTESIAN_POINT('',(-20.47479262416,4.754071079548,0.));
#2626 = CARTESIAN_POINT('',(-20.50415363393,4.850478333623,0.));
#2627 = CARTESIAN_POINT('',(-20.53092259647,4.952617242494,0.));
#2628 = CARTESIAN_POINT('',(-20.5546154921,5.060428390855,0.));
#2629 = CARTESIAN_POINT('',(-20.5747341103,5.173730437814,0.));
#2630 = CARTESIAN_POINT('',(-20.59078511014,5.292232640194,0.));
#2631 = CARTESIAN_POINT('',(-20.60229633379,5.415546699285,0.));
#2632 = CARTESIAN_POINT('',(-20.60883072657,5.543198248388,0.));
#2633 = CARTESIAN_POINT('',(-20.60999812311,5.674638180733,0.));
#2634 = CARTESIAN_POINT('',(-20.60546509013,5.809253933521,0.));
#2635 = CARTESIAN_POINT('',(-20.59496296649,5.946380783328,0.));
#2636 = CARTESIAN_POINT('',(-20.57829420534,6.085313164071,0.));
#2637 = CARTESIAN_POINT('',(-20.55533709795,6.225315986519,0.));
#2638 = CARTESIAN_POINT('',(-20.52604894135,6.365635914628,0.));
#2639 = CARTESIAN_POINT('',(-20.49046769994,6.505512536772,0.));
#2640 = CARTESIAN_POINT('',(-20.44871220358,6.644189357542,0.));
#2641 = CARTESIAN_POINT('',(-20.40098091966,6.780924527233,0.));
#2642 = CARTESIAN_POINT('',(-20.34754933301,6.915001220627,0.));
#2643 = CARTESIAN_POINT('',(-20.28876596508,7.045737573631,0.));
#2644 = CARTESIAN_POINT('',(-20.22504706079,7.172496085408,0.));
#2645 = CARTESIAN_POINT('',(-20.15686996737,7.294692394478,0.));
#2646 = CARTESIAN_POINT('',(-20.08476522386,7.41180333975,0.));
#2647 = CARTESIAN_POINT('',(-20.00930737036,7.5233742214,0.));
#2648 = CARTESIAN_POINT('',(-19.93110447293,7.629025181939,0.));
#2649 = CARTESIAN_POINT('',(-19.85078634013,7.728456634813,0.));
#2650 = CARTESIAN_POINT('',(-19.76899137923,7.821453676766,0.));
#2651 = CARTESIAN_POINT('',(-19.68635200066,7.907889431369,0.));
#2652 = CARTESIAN_POINT('',(-19.60347842438,7.987727285785,0.));
#2653 = CARTESIAN_POINT('',(-19.52094066613,8.061022002354,0.));
#2654 = CARTESIAN_POINT('',(-19.43924837619,8.127919714019,0.));
#2655 = CARTESIAN_POINT('',(-19.35882805816,8.188656852412,0.));
#2656 = CARTESIAN_POINT('',(-19.27999699304,8.243558117609,0.));
#2657 = CARTESIAN_POINT('',(-19.20293291277,8.293033692233,0.));
#2658 = CARTESIAN_POINT('',(-19.12763807296,8.337576052461,0.));
#2659 = CARTESIAN_POINT('',(-19.05389582122,8.377756973219,0.));
#2660 = CARTESIAN_POINT('',(-18.98121697847,8.414225731987,0.));
#2661 = CARTESIAN_POINT('',(-18.90877225681,8.447710202964,0.));
#2662 = CARTESIAN_POINT('',(-18.83530541511,8.47902370842,0.));
#2663 = CARTESIAN_POINT('',(-18.75901978084,8.509082522511,0.));
#2664 = CARTESIAN_POINT('',(-18.6774280814,8.538942452903,0.));
#2665 = CARTESIAN_POINT('',(-18.5871524405,8.569869113332,0.));
#2666 = CARTESIAN_POINT('',(-18.48365897052,8.603467384021,0.));
#2667 = CARTESIAN_POINT('',(-18.36091307261,8.641914522091,0.));
#2668 = CARTESIAN_POINT('',(-18.21095696061,8.688373245749,0.));
#2669 = CARTESIAN_POINT('',(-18.02346473339,8.747709803014,0.));
#2670 = CARTESIAN_POINT('',(-17.78548015151,8.827698469239,0.));
#2671 = CARTESIAN_POINT('',(-17.48190126357,8.940891951624,0.));
#2672 = CARTESIAN_POINT('',(-17.09797757899,9.107033653314,0.));
#2673 = CARTESIAN_POINT('',(-16.62592044192,9.354684209742,0.));
#2674 = CARTESIAN_POINT('',(-16.07696991194,9.718016704651,0.));
#2675 = CARTESIAN_POINT('',(-15.49394714373,10.222563530453,0.));
#2676 = CARTESIAN_POINT('',(-14.9483633903,10.860621727133,0.));
#2677 = CARTESIAN_POINT('',(-14.51012863624,11.576673537194,0.));
#2678 = CARTESIAN_POINT('',(-14.21044003326,12.287074683682,0.));
#2679 = CARTESIAN_POINT('',(-14.03452533924,12.921433577879,0.));
#2680 = CARTESIAN_POINT('',(-13.94486934145,13.446914824756,0.));
#2681 = CARTESIAN_POINT('',(-13.90549813651,13.863388556026,0.));
#2682 = CARTESIAN_POINT('',(-13.89165577299,14.187087945324,0.));
#2683 = CARTESIAN_POINT('',(-13.88912331095,14.438142589917,0.));
#2684 = CARTESIAN_POINT('',(-13.89062917603,14.63479429895,0.));
#2685 = CARTESIAN_POINT('',(-13.89278329117,14.791767571572,0.));
#2686 = CARTESIAN_POINT('',(-13.89414845843,14.920386676686,0.));
#2687 = CARTESIAN_POINT('',(-13.89417584518,15.029197252329,0.));
#2688 = CARTESIAN_POINT('',(-13.89265955047,15.124611352521,0.));
#2689 = CARTESIAN_POINT('',(-13.88947429082,15.211436895886,0.));
#2690 = CARTESIAN_POINT('',(-13.88446021722,15.29327752984,0.));
#2691 = CARTESIAN_POINT('',(-13.87738180642,15.37282505371,0.));
#2692 = CARTESIAN_POINT('',(-13.86792283225,15.452071348898,0.));
#2693 = CARTESIAN_POINT('',(-13.85569797912,15.532462502114,0.));
#2694 = CARTESIAN_POINT('',(-13.84027126159,15.615012138522,0.));
#2695 = CARTESIAN_POINT('',(-13.82117634474,15.700386132847,0.));
#2696 = CARTESIAN_POINT('',(-13.79793638755,15.788967221926,0.));
#2697 = CARTESIAN_POINT('',(-13.77008232034,15.880905444054,0.));
#2698 = CARTESIAN_POINT('',(-13.73716911406,15.976158519516,0.));
#2699 = CARTESIAN_POINT('',(-13.69878991535,16.074525033979,0.));
#2700 = CARTESIAN_POINT('',(-13.65458806753,16.175672419823,0.));
#2701 = CARTESIAN_POINT('',(-13.60426709929,16.279161128382,0.));
#2702 = CARTESIAN_POINT('',(-13.54759878402,16.38446596497,0.));
#2703 = CARTESIAN_POINT('',(-13.48442937425,16.490995261919,0.));
#2704 = CARTESIAN_POINT('',(-13.41468411106,16.598108354209,0.));
#2705 = CARTESIAN_POINT('',(-13.3383701009,16.705131671683,0.));
#2706 = CARTESIAN_POINT('',(-13.25557764597,16.811373653466,0.));
#2707 = CARTESIAN_POINT('',(-13.16648010946,16.916138611952,0.));
#2708 = CARTESIAN_POINT('',(-13.07133239394,17.018739617063,0.));
#2709 = CARTESIAN_POINT('',(-12.97046810961,17.118510430527,0.));
#2710 = CARTESIAN_POINT('',(-12.86429550885,17.214816490502,0.));
#2711 = CARTESIAN_POINT('',(-12.75329226422,17.307064925969,0.));
#2712 = CARTESIAN_POINT('',(-12.63799916797,17.394713565736,0.));
#2713 = CARTESIAN_POINT('',(-12.51901283191,17.477278896983,0.));
#2714 = CARTESIAN_POINT('',(-12.39697746722,17.554342921849,0.));
#2715 = CARTESIAN_POINT('',(-12.27257582335,17.625558856466,0.));
#2716 = CARTESIAN_POINT('',(-12.14651936308,17.690655614438,0.));
#2717 = CARTESIAN_POINT('',(-12.01953774752,17.749441015068,0.));
#2718 = CARTESIAN_POINT('',(-11.89236769814,17.801803655166,0.));
#2719 = CARTESIAN_POINT('',(-11.76574129348,17.847713381043,0.));
#2720 = CARTESIAN_POINT('',(-11.64037374395,17.887220293793,0.));
#2721 = CARTESIAN_POINT('',(-11.51695066794,17.920452214993,0.));
#2722 = CARTESIAN_POINT('',(-11.39611486476,17.947610530633,0.));
#2723 = CARTESIAN_POINT('',(-11.27845254126,17.968964317045,0.));
#2724 = CARTESIAN_POINT('',(-11.16447889627,17.98484263212,0.));
#2725 = CARTESIAN_POINT('',(-11.05462289369,17.995624826365,0.));
#2726 = CARTESIAN_POINT('',(-10.9492109545,18.001728688736,0.));
#2727 = CARTESIAN_POINT('',(-10.8484491563,18.003596188961,0.));
#2728 = CARTESIAN_POINT('',(-10.75240333092,18.001676508017,0.));
#2729 = CARTESIAN_POINT('',(-10.66097616721,17.99640595883,0.));
#2730 = CARTESIAN_POINT('',(-10.57388001977,17.98818428881,0.));
#2731 = CARTESIAN_POINT('',(-10.49060353226,17.977346728509,0.));
#2732 = CARTESIAN_POINT('',(-10.41036931478,17.964131022195,0.));
#2733 = CARTESIAN_POINT('',(-10.33207862558,17.948638589262,0.));
#2734 = CARTESIAN_POINT('',(-10.25423708541,17.930789021246,0.));
#2735 = CARTESIAN_POINT('',(-10.17485258324,17.910267541893,0.));
#2736 = CARTESIAN_POINT('',(-10.09129228508,17.886466335393,0.));
#2737 = CARTESIAN_POINT('',(-10.00007952251,17.858423838898,0.));
#2738 = CARTESIAN_POINT('',(-9.896602978483,17.824773475504,0.));
#2739 = CARTESIAN_POINT('',(-9.774700800325,17.783729635011,0.));
#2740 = CARTESIAN_POINT('',(-9.626076004701,17.733173540864,0.));
#2741 = CARTESIAN_POINT('',(-9.439514453286,17.670972658,0.));
#2742 = CARTESIAN_POINT('',(-9.199964723791,17.595801020833,0.));
#2743 = CARTESIAN_POINT('',(-8.887830784709,17.508937278494,0.));
#2744 = CARTESIAN_POINT('',(-8.479574357303,17.417684058838,0.));
#2745 = CARTESIAN_POINT('',(-7.952106766306,17.340569344246,0.));
#2746 = CARTESIAN_POINT('',(-7.294434976294,17.311846481474,0.));
#2747 = CARTESIAN_POINT('',(-6.526194465406,17.3773412531,0.));
#2748 = CARTESIAN_POINT('',(-5.709766738911,17.572855093457,0.));
#2749 = CARTESIAN_POINT('',(-4.934342681517,17.894565251169,0.));
#2750 = CARTESIAN_POINT('',(-4.274326191577,18.293139310395,0.));
#2751 = CARTESIAN_POINT('',(-3.759141411877,18.702946373522,0.));
#2752 = CARTESIAN_POINT('',(-3.377738058751,19.075371159193,0.));
#2753 = CARTESIAN_POINT('',(-3.101088967655,19.38916367187,0.));
#2754 = CARTESIAN_POINT('',(-2.899624533122,19.642905641749,0.));
#2755 = CARTESIAN_POINT('',(-2.750009510679,19.844524571901,0.));
#2756 = CARTESIAN_POINT('',(-2.635638806715,20.004504271769,0.));
#2757 = CARTESIAN_POINT('',(-2.545114947823,20.132764474096,0.));
#2758 = CARTESIAN_POINT('',(-2.470618978181,20.237621941112,0.));
#2759 = CARTESIAN_POINT('',(-2.406683882876,20.325667643506,0.));
#2760 = CARTESIAN_POINT('',(-2.349374173731,20.401968016394,0.));
#2761 = CARTESIAN_POINT('',(-2.295762470631,20.470339107876,0.));
#2762 = CARTESIAN_POINT('',(-2.243601282202,20.533602373059,0.));
#2763 = CARTESIAN_POINT('',(-2.191117866182,20.593797086251,0.));
#2764 = CARTESIAN_POINT('',(-2.136885591718,20.65234884028,0.));
#2765 = CARTESIAN_POINT('',(-2.07974274351,20.71020106105,0.));
#2766 = CARTESIAN_POINT('',(-2.018740808001,20.76791752273,0.));
#2767 = CARTESIAN_POINT('',(-1.953111120965,20.825762824496,0.));
#2768 = CARTESIAN_POINT('',(-1.882242942862,20.883766326843,0.));
#2769 = CARTESIAN_POINT('',(-1.805668598037,20.941773701054,0.));
#2770 = CARTESIAN_POINT('',(-1.723052901821,20.99948916061,0.));
#2771 = CARTESIAN_POINT('',(-1.634185091318,21.056510615495,0.));
#2772 = CARTESIAN_POINT('',(-1.538972103536,21.112359375303,0.));
#2773 = CARTESIAN_POINT('',(-1.437432448392,21.166505576244,0.));
#2774 = CARTESIAN_POINT('',(-1.329690188352,21.218390178644,0.));
#2775 = CARTESIAN_POINT('',(-1.215968712637,21.267444142813,0.));
#2776 = CARTESIAN_POINT('',(-1.096584113464,21.313105217676,0.));
#2777 = CARTESIAN_POINT('',(-0.971938054675,21.354832650593,0.));
#2778 = CARTESIAN_POINT('',(-0.842510081562,21.392120035361,0.));
#2779 = CARTESIAN_POINT('',(-0.708849362813,21.424506449214,0.));
#2780 = CARTESIAN_POINT('',(-0.571565886311,21.451585982021,0.));
#2781 = CARTESIAN_POINT('',(-0.431321153399,21.473015726843,0.));
#2782 = CARTESIAN_POINT('',(-0.288818433282,21.488522277096,0.));
#2783 = CARTESIAN_POINT('',(-0.144792652036,21.497906758947,0.));
#2784 = CARTESIAN_POINT('',(2.254426320399E-15,21.501048416387,0.));
#2785 = CARTESIAN_POINT('',(0.144792652036,21.497906758947,0.));
#2786 = CARTESIAN_POINT('',(0.288818433282,21.488522277096,0.));
#2787 = CARTESIAN_POINT('',(0.431321153399,21.473015726843,0.));
#2788 = CARTESIAN_POINT('',(0.571565886311,21.451585982021,0.));
#2789 = CARTESIAN_POINT('',(0.708849362813,21.424506449214,0.));
#2790 = CARTESIAN_POINT('',(0.842510081562,21.392120035361,0.));
#2791 = CARTESIAN_POINT('',(0.971938054675,21.354832650593,0.));
#2792 = CARTESIAN_POINT('',(1.096584113464,21.313105217676,0.));
#2793 = CARTESIAN_POINT('',(1.215968712637,21.267444142813,0.));
#2794 = CARTESIAN_POINT('',(1.329690188352,21.218390178644,0.));
#2795 = CARTESIAN_POINT('',(1.437432448392,21.166505576244,0.));
#2796 = CARTESIAN_POINT('',(1.538972103536,21.112359375303,0.));
#2797 = CARTESIAN_POINT('',(1.634185091318,21.056510615495,0.));
#2798 = CARTESIAN_POINT('',(1.723052901821,20.99948916061,0.));
#2799 = CARTESIAN_POINT('',(1.805668598037,20.941773701054,0.));
#2800 = CARTESIAN_POINT('',(1.882242942862,20.883766326843,0.));
#2801 = CARTESIAN_POINT('',(1.953111120965,20.825762824496,0.));
#2802 = CARTESIAN_POINT('',(2.018740808001,20.76791752273,0.));
#2803 = CARTESIAN_POINT('',(2.07974274351,20.71020106105,0.));
#2804 = CARTESIAN_POINT('',(2.136885591718,20.65234884028,0.));
#2805 = CARTESIAN_POINT('',(2.191117866182,20.593797086251,0.));
#2806 = CARTESIAN_POINT('',(2.243601282202,20.533602373059,0.));
#2807 = CARTESIAN_POINT('',(2.295762470631,20.470339107876,0.));
#2808 = CARTESIAN_POINT('',(2.349374173731,20.401968016394,0.));
#2809 = CARTESIAN_POINT('',(2.406683882876,20.325667643506,0.));
#2810 = CARTESIAN_POINT('',(2.470618978181,20.237621941112,0.));
#2811 = CARTESIAN_POINT('',(2.545114947823,20.132764474096,0.));
#2812 = CARTESIAN_POINT('',(2.635638806715,20.004504271769,0.));
#2813 = CARTESIAN_POINT('',(2.750009510679,19.844524571901,0.));
#2814 = CARTESIAN_POINT('',(2.899624533122,19.642905641749,0.));
#2815 = CARTESIAN_POINT('',(3.101088967655,19.38916367187,0.));
#2816 = CARTESIAN_POINT('',(3.377738058751,19.075371159193,0.));
#2817 = CARTESIAN_POINT('',(3.759141411877,18.702946373522,0.));
#2818 = CARTESIAN_POINT('',(4.274326191577,18.293139310395,0.));
#2819 = CARTESIAN_POINT('',(4.934342681517,17.894565251169,0.));
#2820 = CARTESIAN_POINT('',(5.709766738911,17.572855093457,0.));
#2821 = CARTESIAN_POINT('',(6.526194465406,17.3773412531,0.));
#2822 = CARTESIAN_POINT('',(7.294434976294,17.311846481474,0.));
#2823 = CARTESIAN_POINT('',(7.952106766305,17.340569344246,0.));
#2824 = CARTESIAN_POINT('',(8.479574357303,17.417684058838,0.));
#2825 = CARTESIAN_POINT('',(8.887830784709,17.508937278494,0.));
#2826 = CARTESIAN_POINT('',(9.199964723791,17.595801020833,0.));
#2827 = CARTESIAN_POINT('',(9.439514453286,17.670972658,0.));
#2828 = CARTESIAN_POINT('',(9.626076004701,17.733173540864,0.));
#2829 = CARTESIAN_POINT('',(9.774700800325,17.783729635011,0.));
#2830 = CARTESIAN_POINT('',(9.896602978483,17.824773475504,0.));
#2831 = CARTESIAN_POINT('',(10.000079522516,17.858423838898,0.));
#2832 = CARTESIAN_POINT('',(10.091292285085,17.886466335393,0.));
#2833 = CARTESIAN_POINT('',(10.174852583247,17.910267541893,0.));
#2834 = CARTESIAN_POINT('',(10.254237085419,17.930789021246,0.));
#2835 = CARTESIAN_POINT('',(10.332078625582,17.948638589262,0.));
#2836 = CARTESIAN_POINT('',(10.410369314781,17.964131022195,0.));
#2837 = CARTESIAN_POINT('',(10.490603532269,17.977346728509,0.));
#2838 = CARTESIAN_POINT('',(10.573880019776,17.98818428881,0.));
#2839 = CARTESIAN_POINT('',(10.660976167216,17.99640595883,0.));
#2840 = CARTESIAN_POINT('',(10.752403330923,18.001676508017,0.));
#2841 = CARTESIAN_POINT('',(10.848449156305,18.003596188961,0.));
#2842 = CARTESIAN_POINT('',(10.949210954502,18.001728688736,0.));
#2843 = CARTESIAN_POINT('',(11.054622893698,17.995624826365,0.));
#2844 = CARTESIAN_POINT('',(11.164478896272,17.98484263212,0.));
#2845 = CARTESIAN_POINT('',(11.278452541268,17.968964317045,0.));
#2846 = CARTESIAN_POINT('',(11.396114864764,17.947610530633,0.));
#2847 = CARTESIAN_POINT('',(11.516950667948,17.920452214993,0.));
#2848 = CARTESIAN_POINT('',(11.640373743954,17.887220293793,0.));
#2849 = CARTESIAN_POINT('',(11.765741293481,17.847713381043,0.));
#2850 = CARTESIAN_POINT('',(11.89236769814,17.801803655166,0.));
#2851 = CARTESIAN_POINT('',(12.019537747526,17.749441015068,0.));
#2852 = CARTESIAN_POINT('',(12.146519363085,17.690655614438,0.));
#2853 = CARTESIAN_POINT('',(12.27257582335,17.625558856466,0.));
#2854 = CARTESIAN_POINT('',(12.396977467221,17.554342921849,0.));
#2855 = CARTESIAN_POINT('',(12.51901283191,17.477278896983,0.));
#2856 = CARTESIAN_POINT('',(12.637999167979,17.394713565736,0.));
#2857 = CARTESIAN_POINT('',(12.753292264225,17.307064925969,0.));
#2858 = CARTESIAN_POINT('',(12.86429550885,17.214816490502,0.));
#2859 = CARTESIAN_POINT('',(12.970468109616,17.118510430527,0.));
#2860 = CARTESIAN_POINT('',(13.071332393947,17.018739617063,0.));
#2861 = CARTESIAN_POINT('',(13.166480109461,16.916138611952,0.));
#2862 = CARTESIAN_POINT('',(13.255577645972,16.811373653466,0.));
#2863 = CARTESIAN_POINT('',(13.338370100904,16.705131671683,0.));
#2864 = CARTESIAN_POINT('',(13.414684111061,16.598108354209,0.));
#2865 = CARTESIAN_POINT('',(13.484429374251,16.490995261919,0.));
#2866 = CARTESIAN_POINT('',(13.547598784025,16.38446596497,0.));
#2867 = CARTESIAN_POINT('',(13.604267099298,16.279161128382,0.));
#2868 = CARTESIAN_POINT('',(13.654588067532,16.175672419823,0.));
#2869 = CARTESIAN_POINT('',(13.698789915358,16.074525033979,0.));
#2870 = CARTESIAN_POINT('',(13.737169114063,15.976158519516,0.));
#2871 = CARTESIAN_POINT('',(13.770082320347,15.880905444054,0.));
#2872 = CARTESIAN_POINT('',(13.797936387558,15.788967221926,0.));
#2873 = CARTESIAN_POINT('',(13.821176344743,15.700386132847,0.));
#2874 = CARTESIAN_POINT('',(13.840271261598,15.615012138522,0.));
#2875 = CARTESIAN_POINT('',(13.855697979124,15.532462502114,0.));
#2876 = CARTESIAN_POINT('',(13.867922832251,15.452071348898,0.));
#2877 = CARTESIAN_POINT('',(13.877381806421,15.37282505371,0.));
#2878 = CARTESIAN_POINT('',(13.884460217225,15.29327752984,0.));
#2879 = CARTESIAN_POINT('',(13.889474290824,15.211436895886,0.));
#2880 = CARTESIAN_POINT('',(13.892659550474,15.124611352521,0.));
#2881 = CARTESIAN_POINT('',(13.894175845186,15.029197252329,0.));
#2882 = CARTESIAN_POINT('',(13.89414845843,14.920386676686,0.));
#2883 = CARTESIAN_POINT('',(13.892783291178,14.791767571572,0.));
#2884 = CARTESIAN_POINT('',(13.890629176034,14.63479429895,0.));
#2885 = CARTESIAN_POINT('',(13.889123310951,14.438142589918,0.));
#2886 = CARTESIAN_POINT('',(13.891655772995,14.187087945324,0.));
#2887 = CARTESIAN_POINT('',(13.905498136511,13.863388556026,0.));
#2888 = CARTESIAN_POINT('',(13.944869341455,13.446914824757,0.));
#2889 = CARTESIAN_POINT('',(14.03452533924,12.921433577879,0.));
#2890 = CARTESIAN_POINT('',(14.210440033269,12.287074683682,0.));
#2891 = CARTESIAN_POINT('',(14.51012863624,11.576673537194,0.));
#2892 = CARTESIAN_POINT('',(14.948363390302,10.860621727133,0.));
#2893 = CARTESIAN_POINT('',(15.493947143735,10.222563530453,0.));
#2894 = CARTESIAN_POINT('',(16.076969911947,9.718016704651,0.));
#2895 = CARTESIAN_POINT('',(16.625920441928,9.354684209742,0.));
#2896 = CARTESIAN_POINT('',(17.097977578999,9.107033653314,0.));
#2897 = CARTESIAN_POINT('',(17.481901263571,8.940891951624,0.));
#2898 = CARTESIAN_POINT('',(17.785480151515,8.827698469239,0.));
#2899 = CARTESIAN_POINT('',(18.023464733393,8.747709803014,0.));
#2900 = CARTESIAN_POINT('',(18.210956960611,8.688373245749,0.));
#2901 = CARTESIAN_POINT('',(18.36091307261,8.641914522091,0.));
#2902 = CARTESIAN_POINT('',(18.483658970529,8.603467384021,0.));
#2903 = CARTESIAN_POINT('',(18.587152440509,8.569869113332,0.));
#2904 = CARTESIAN_POINT('',(18.677428081409,8.538942452903,0.));
#2905 = CARTESIAN_POINT('',(18.759019780844,8.509082522511,0.));
#2906 = CARTESIAN_POINT('',(18.83530541511,8.47902370842,0.));
#2907 = CARTESIAN_POINT('',(18.90877225681,8.447710202964,0.));
#2908 = CARTESIAN_POINT('',(18.981216978473,8.414225731987,0.));
#2909 = CARTESIAN_POINT('',(19.053895821221,8.377756973219,0.));
#2910 = CARTESIAN_POINT('',(19.127638072962,8.337576052461,0.));
#2911 = CARTESIAN_POINT('',(19.202932912773,8.293033692233,0.));
#2912 = CARTESIAN_POINT('',(19.279996993043,8.243558117609,0.));
#2913 = CARTESIAN_POINT('',(19.358828058163,8.188656852412,0.));
#2914 = CARTESIAN_POINT('',(19.439248376198,8.127919714019,0.));
#2915 = CARTESIAN_POINT('',(19.520940666133,8.061022002354,0.));
#2916 = CARTESIAN_POINT('',(19.603478424386,7.987727285785,0.));
#2917 = CARTESIAN_POINT('',(19.686352000666,7.907889431369,0.));
#2918 = CARTESIAN_POINT('',(19.768991379238,7.821453676766,0.));
#2919 = CARTESIAN_POINT('',(19.850786340133,7.728456634813,0.));
#2920 = CARTESIAN_POINT('',(19.931104472933,7.629025181939,0.));
#2921 = CARTESIAN_POINT('',(20.009307370365,7.5233742214,0.));
#2922 = CARTESIAN_POINT('',(20.084765223863,7.41180333975,0.));
#2923 = CARTESIAN_POINT('',(20.156869967372,7.294692394478,0.));
#2924 = CARTESIAN_POINT('',(20.225047060791,7.172496085408,0.));
#2925 = CARTESIAN_POINT('',(20.288765965089,7.045737573631,0.));
#2926 = CARTESIAN_POINT('',(20.347549333013,6.915001220627,0.));
#2927 = CARTESIAN_POINT('',(20.400980919663,6.780924527233,0.));
#2928 = CARTESIAN_POINT('',(20.448712203583,6.644189357542,0.));
#2929 = CARTESIAN_POINT('',(20.490467699942,6.505512536772,0.));
#2930 = CARTESIAN_POINT('',(20.526048941359,6.365635914628,0.));
#2931 = CARTESIAN_POINT('',(20.555337097956,6.225315986519,0.));
#2932 = CARTESIAN_POINT('',(20.578294205342,6.085313164071,0.));
#2933 = CARTESIAN_POINT('',(20.594962966494,5.946380783328,0.));
#2934 = CARTESIAN_POINT('',(20.605465090133,5.809253933521,0.));
#2935 = CARTESIAN_POINT('',(20.609998123114,5.674638180733,0.));
#2936 = CARTESIAN_POINT('',(20.608830726577,5.543198248388,0.));
#2937 = CARTESIAN_POINT('',(20.602296333798,5.415546699285,0.));
#2938 = CARTESIAN_POINT('',(20.590785110147,5.292232640194,0.));
#2939 = CARTESIAN_POINT('',(20.574734110304,5.173730437814,0.));
#2940 = CARTESIAN_POINT('',(20.554615492109,5.060428390855,0.));
#2941 = CARTESIAN_POINT('',(20.530922596476,4.952617242494,0.));
#2942 = CARTESIAN_POINT('',(20.504153633938,4.850478333623,0.));
#2943 = CARTESIAN_POINT('',(20.474792624168,4.754071079548,0.));
#2944 = CARTESIAN_POINT('',(20.443287106816,4.663319285491,0.));
#2945 = CARTESIAN_POINT('',(20.410021969335,4.577995574949,0.));
#2946 = CARTESIAN_POINT('',(20.375288506783,4.497702852141,0.));
#2947 = CARTESIAN_POINT('',(20.339247524567,4.421851196354,0.));
#2948 = CARTESIAN_POINT('',(20.301884904225,4.349627798826,0.));
#2949 = CARTESIAN_POINT('',(20.262957571468,4.279956353758,0.));
#2950 = CARTESIAN_POINT('',(20.221927264714,4.211440469607,0.));
#2951 = CARTESIAN_POINT('',(20.177879017791,4.142282807392,0.));
#2952 = CARTESIAN_POINT('',(20.129421173063,4.070167218618,0.));
#2953 = CARTESIAN_POINT('',(20.074564880316,3.992084334383,0.));
#2954 = CARTESIAN_POINT('',(20.010585472236,3.904070827082,0.));
#2955 = CARTESIAN_POINT('',(19.933880615929,3.800818210277,0.));
#2956 = CARTESIAN_POINT('',(19.839871323747,3.67509032291,0.));
#2957 = CARTESIAN_POINT('',(19.723064088263,3.516880869738,0.));
#2958 = CARTESIAN_POINT('',(19.577546624487,3.312284873023,0.));
#2959 = CARTESIAN_POINT('',(19.39847988692,3.042270111963,0.));
#2960 = CARTESIAN_POINT('',(19.185533179089,2.682194619954,0.));
#2961 = CARTESIAN_POINT('',(18.949204773602,2.204369369209,0.));
#2962 = CARTESIAN_POINT('',(18.718612036039,1.587780366218,0.));
#2963 = CARTESIAN_POINT('',(18.543710406362,0.836814870179,0.));
#2964 = CARTESIAN_POINT('',(18.499594350249,0.287853742081,-0.));
#2965 = CARTESIAN_POINT('',(18.5,1.24035722155E-14,0.));
#2966 = PCURVE('',#32,#2967);
#2967 = DEFINITIONAL_REPRESENTATION('',(#2968),#2972);
#2968 = LINE('',#2969,#2970);
#2969 = CARTESIAN_POINT('',(0.,0.));
#2970 = VECTOR('',#2971,1.);
#2971 = DIRECTION('',(1.,0.));
#2972 = ( GEOMETRIC_REPRESENTATION_CONTEXT(2) 
PARAMETRIC_REPRESENTATION_CONTEXT() REPRESENTATION_CONTEXT('2D SPACE',''
  ) );
#2973 = PCURVE('',#2974,#2979);
#2974 = PLANE('',#2975);
#2975 = AXIS2_PLACEMENT_3D('',#2976,#2977,#2978);
#2976 = CARTESIAN_POINT('',(2.756501527489E-06,3.074842174121E-15,0.));
#2977 = DIRECTION('',(-0.,-0.,-1.));
#2978 = DIRECTION('',(-1.,0.,0.));
#2979 = DEFINITIONAL_REPRESENTATION('',(#2980),#3704);
#2980 = B_SPLINE_CURVE_WITH_KNOTS('',3,(#2981,#2982,#2983,#2984,#2985,
    #2986,#2987,#2988,#2989,#2990,#2991,#2992,#2993,#2994,#2995,#2996,
    #2997,#2998,#2999,#3000,#3001,#3002,#3003,#3004,#3005,#3006,#3007,
    #3008,#3009,#3010,#3011,#3012,#3013,#3014,#3015,#3016,#3017,#3018,
    #3019,#3020,#3021,#3022,#3023,#3024,#3025,#3026,#3027,#3028,#3029,
    #3030,#3031,#3032,#3033,#3034,#3035,#3036,#3037,#3038,#3039,#3040,
    #3041,#3042,#3043,#3044,#3045,#3046,#3047,#3048,#3049,#3050,#3051,
    #3052,#3053,#3054,#3055,#3056,#3057,#3058,#3059,#3060,#3061,#3062,
    #3063,#3064,#3065,#3066,#3067,#3068,#3069,#3070,#3071,#3072,#3073,
    #3074,#3075,#3076,#3077,#3078,#3079,#3080,#3081,#3082,#3083,#3084,
    #3085,#3086,#3087,#3088,#3089,#3090,#3091,#3092,#3093,#3094,#3095,
    #3096,#3097,#3098,#3099,#3100,#3101,#3102,#3103,#3104,#3105,#3106,
    #3107,#3108,#3109,#3110,#3111,#3112,#3113,#3114,#3115,#3116,#3117,
    #3118,#3119,#3120,#3121,#3122,#3123,#3124,#3125,#3126,#3127,#3128,
    #3129,#3130,#3131,#3132,#3133,#3134,#3135,#3136,#3137,#3138,#3139,
    #3140,#3141,#3142,#3143,#3144,#3145,#3146,#3147,#3148,#3149,#3150,
    #3151,#3152,#3153,#3154,#3155,#3156,#3157,#3158,#3159,#3160,#3161,
    #3162,#3163,#3164,#3165,#3166,#3167,#3168,#3169,#3170,#3171,#3172,
    #3173,#3174,#3175,#3176,#3177,#3178,#3179,#3180,#3181,#3182,#3183,
    #3184,#3185,#3186,#3187,#3188,#3189,#3190,#3191,#3192,#3193,#3194,
    #3195,#3196,#3197,#3198,#3199,#3200,#3201,#3202,#3203,#3204,#3205,
    #3206,#3207,#3208,#3209,#3210,#3211,#3212,#3213,#3214,#3215,#3216,
    #3217,#3218,#3219,#3220,#3221,#3222,#3223,#3224,#3225,#3226,#3227,
    #3228,#3229,#3230,#3231,#3232,#3233,#3234,#3235,#3236,#3237,#3238,
    #3239,#3240,#3241,#3242,#3243,#3244,#3245,#3246,#3247,#3248,#3249,
    #3250,#3251,#3252,#3253,#3254,#3255,#3256,#3257,#3258,#3259,#3260,
    #3261,#3262,#3263,#3264,#3265,#3266,#3267,#3268,#3269,#3270,#3271,
    #3272,#3273,#3274,#3275,#3276,#3277,#3278,#3279,#3280,#3281,#3282,
    #3283,#3284,#3285,#3286,#3287,#3288,#3289,#3290,#3291,#3292,#3293,
    #3294,#3295,#3296,#3297,#3298,#3299,#3300,#3301,#3302,#3303,#3304,
    #3305,#3306,#3307,#3308,#3309,#3310,#3311,#3312,#3313,#3314,#3315,
    #3316,#3317,#3318,#3319,#3320,#3321,#3322,#3323,#3324,#3325,#3326,
    #3327,#3328,#3329,#3330,#3331,#3332,#3333,#3334,#3335,#3336,#3337,
    #3338,#3339,#3340,#3341,#3342,#3343,#3344,#3345,#3346,#3347,#3348,
    #3349,#3350,#3351,#3352,#3353,#3354,#3355,#3356,#3357,#3358,#3359,
    #3360,#3361,#3362,#3363,#3364,#3365,#3366,#3367,#3368,#3369,#3370,
    #3371,#3372,#3373,#3374,#3375,#3376,#3377,#3378,#3379,#3380,#3381,
    #3382,#3383,#3384,#3385,#3386,#3387,#3388,#3389,#3390,#3391,#3392,
    #3393,#3394,#3395,#3396,#3397,#3398,#3399,#3400,#3401,#3402,#3403,
    #3404,#3405,#3406,#3407,#3408,#3409,#3410,#3411,#3412,#3413,#3414,
    #3415,#3416,#3417,#3418,#3419,#3420,#3421,#3422,#3423,#3424,#3425,
    #3426,#3427,#3428,#3429,#3430,#3431,#3432,#3433,#3434,#3435,#3436,
    #3437,#3438,#3439,#3440,#3441,#3442,#3443,#3444,#3445,#3446,#3447,
    #3448,#3449,#3450,#3451,#3452,#3453,#3454,#3455,#3456,#3457,#3458,
    #3459,#3460,#3461,#3462,#3463,#3464,#3465,#3466,#3467,#3468,#3469,
    #3470,#3471,#3472,#3473,#3474,#3475,#3476,#3477,#3478,#3479,#3480,
    #3481,#3482,#3483,#3484,#3485,#3486,#3487,#3488,#3489,#3490,#3491,
    #3492,#3493,#3494,#3495,#3496,#3497,#3498,#3499,#3500,#3501,#3502,
    #3503,#3504,#3505,#3506,#3507,#3508,#3509,#3510,#3511,#3512,#3513,
    #3514,#3515,#3516,#3517,#3518,#3519,#3520,#3521,#3522,#3523,#3524,
    #3525,#3526,#3527,#3528,#3529,#3530,#3531,#3532,#3533,#3534,#3535,
    #3536,#3537,#3538,#3539,#3540,#3541,#3542,#3543,#3544,#3545,#3546,
    #3547,#3548,#3549,#3550,#3551,#3552,#3553,#3554,#3555,#3556,#3557,
    #3558,#3559,#3560,#3561,#3562,#3563,#3564,#3565,#3566,#3567,#3568,
    #3569,#3570,#3571,#3572,#3573,#3574,#3575,#3576,#3577,#3578,#3579,
    #3580,#3581,#3582,#3583,#3584,#3585,#3586,#3587,#3588,#3589,#3590,
    #3591,#3592,#3593,#3594,#3595,#3596,#3597,#3598,#3599,#3600,#3601,
    #3602,#3603,#3604,#3605,#3606,#3607,#3608,#3609,#3610,#3611,#3612,
    #3613,#3614,#3615,#3616,#3617,#3618,#3619,#3620,#3621,#3622,#3623,
    #3624,#3625,#3626,#3627,#3628,#3629,#3630,#3631,#3632,#3633,#3634,
    #3635,#3636,#3637,#3638,#3639,#3640,#3641,#3642,#3643,#3644,#3645,
    #3646,#3647,#3648,#3649,#3650,#3651,#3652,#3653,#3654,#3655,#3656,
    #3657,#3658,#3659,#3660,#3661,#3662,#3663,#3664,#3665,#3666,#3667,
    #3668,#3669,#3670,#3671,#3672,#3673,#3674,#3675,#3676,#3677,#3678,
    #3679,#3680,#3681,#3682,#3683,#3684,#3685,#3686,#3687,#3688,#3689,
    #3690,#3691,#3692,#3693,#3694,#3695,#3696,#3697,#3698,#3699,#3700,
    #3701,#3702,#3703),.UNSPECIFIED.,.F.,.F.,(4,1,1,1,1,1,1,1,1,1,1,1,1,
    1,1,1,1,1,1,1,1,1,1,1,1,1,1,1,1,1,1,1,1,1,1,1,1,1,1,1,1,1,1,1,1,1,1,
    1,1,1,1,1,1,1,1,1,1,1,1,1,1,1,1,1,1,1,1,1,1,1,1,1,1,1,1,1,1,1,1,1,1,
    1,1,1,1,1,1,1,1,1,1,1,1,1,1,1,1,1,1,1,1,1,1,1,1,1,1,1,1,1,1,1,1,1,1,
    1,1,1,1,1,1,1,1,1,1,1,1,1,1,1,1,1,1,1,1,1,1,1,1,1,1,1,1,1,1,1,1,1,1,
    1,1,1,1,1,1,1,1,1,1,1,1,1,1,1,1,1,1,1,1,1,1,1,1,1,1,1,1,1,1,1,1,1,1,
    1,1,1,1,1,1,1,1,1,1,1,1,1,1,1,1,1,1,1,1,1,1,1,1,1,1,1,1,1,1,1,1,1,1,
    1,1,1,1,1,1,1,1,1,1,1,1,1,1,1,1,1,1,1,1,1,1,1,1,1,1,1,1,1,1,1,1,1,1,
    1,1,1,1,1,1,1,1,1,1,1,1,1,1,1,1,1,1,1,1,1,1,1,1,1,1,1,1,1,1,1,1,1,1,
    1,1,1,1,1,1,1,1,1,1,1,1,1,1,1,1,1,1,1,1,1,1,1,1,1,1,1,1,1,1,1,1,1,1,
    1,1,1,1,1,1,1,1,1,1,1,1,1,1,1,1,1,1,1,1,1,1,1,1,1,1,1,1,1,1,1,1,1,1,
    1,1,1,1,1,1,1,1,1,1,1,1,1,1,1,1,1,1,1,1,1,1,1,1,1,1,1,1,1,1,1,1,1,1,
    1,1,1,1,1,1,1,1,1,1,1,1,1,1,1,1,1,1,1,1,1,1,1,1,1,1,1,1,1,1,1,1,1,1,
    1,1,1,1,1,1,1,1,1,1,1,1,1,1,1,1,1,1,1,1,1,1,1,1,1,1,1,1,1,1,1,1,1,1,
    1,1,1,1,1,1,1,1,1,1,1,1,1,1,1,1,1,1,1,1,1,1,1,1,1,1,1,1,1,1,1,1,1,1,
    1,1,1,1,1,1,1,1,1,1,1,1,1,1,1,1,1,1,1,1,1,1,1,1,1,1,1,1,1,1,1,1,1,1,
    1,1,1,1,1,1,1,1,1,1,1,1,1,1,1,1,1,1,1,1,1,1,1,1,1,1,1,1,1,1,1,1,1,1,
    1,1,1,1,1,1,1,1,1,1,1,1,1,1,1,1,1,1,1,1,1,1,1,1,1,1,1,1,1,1,1,1,1,1,
    1,1,1,1,1,1,1,1,1,1,1,1,1,1,1,1,1,1,1,1,1,1,1,1,1,1,1,1,1,1,1,1,1,1,
    1,1,1,1,1,1,1,1,1,1,1,1,1,1,1,1,1,1,1,1,1,1,1,1,1,1,1,1,1,1,1,1,1,1,
    1,1,1,1,1,1,1,1,1,1,1,1,1,1,1,1,1,1,1,1,1,1,1,1,1,1,1,1,1,1,1,1,1,1,
    1,1,1,1,1,1,1,1,1,1,1,1,1,1,1,1,1,1,1,1,1,1,1,1,1,1,1,4),(0.,
    0.86213979732,1.645849371225,2.305329874721,2.832656798366,
    3.243055188608,3.559528873786,3.80437650162,3.996186641957,
    4.149490719337,4.275341611475,4.38206309832,4.475912987067,
    4.561603837922,4.642692719992,4.721867519123,4.801156279213,
    4.882080687573,4.965769373279,5.053042299577,5.144474276276,
    5.24044328863,5.341167697335,5.446735212304,5.557125733724,
    5.672229582956,5.791862240474,5.915776418106,6.043672083905,
    6.175204906274,6.309993472997,6.447625559209,6.587663657946,
    6.729649942206,6.873110794347,7.01756101433,7.162507800862,
    7.307454587394,7.451904807377,7.595365659518,7.737351943778,
    7.877390042515,8.015022128727,8.14981069545,8.281343517818,
    8.409239183618,8.53315336125,8.652786018768,8.767889868,
    8.878280389419,8.983847904388,9.084572313094,9.180541325448,
    9.271973302146,9.359246228444,9.442934914151,9.52385932251,
    9.6031480826,9.682322881732,9.763411763801,9.849102614656,
    9.942952503403,10.049673990248,10.175524882387,10.328828959767,
    10.520639100103,10.765486727937,11.081960413116,11.492358803358,
    12.019685727003,12.679166230499,13.462875804403,14.325015601724,
    15.187155399044,15.970864972948,16.630345476445,17.15767240009,
    17.568070790332,17.88454447551,18.129392103344,18.32120224368,
    18.47450632106,18.600357213199,18.707078700044,18.800928588791,
    18.886619439646,18.967708321715,19.046883120847,19.126171880937,
    19.207096289297,19.290784975003,19.378057901301,19.469489877999,
    19.565458890354,19.666183299059,19.771750814028,19.882141335447,
    19.997245184679,20.116877842198,20.24079201983,20.368687685629,
    20.500220507997,20.635009074721,20.772641160933,20.912679259669,
    21.05466554393,21.198126396071,21.342576616054,21.487523402585,
    21.632470189117,21.7769204091,21.920381261241,22.062367545502,
    22.202405644238,22.34003773045,22.474826297173,22.606359119542,
    22.734254785341,22.858168962973,22.977801620492,23.092905469723,
    23.203295991143,23.308863506112,23.409587914817,23.505556927171,
    23.59698890387,23.684261830168,23.767950515874,23.848874924234,
    23.928163684324,24.007338483456,24.088427365525,24.17411821638,
    24.267968105127,24.374689591972,24.50054048411,24.65384456149,
    24.845654701827,25.090502329661,25.406976014839,25.817374405081,
    26.344701328726,27.004181832223,27.787891406127,28.650031203447,
    29.512171000767,30.295880574672,30.955361078168,31.482688001813,
    31.893086392055,32.209560077233,32.454407705068,32.646217845404,
    32.799521922784,32.925372814923,33.032094301768,33.125944190515,
    33.21163504137,33.292723923439,33.37189872257,33.45118748266,
    33.53211189102,33.615800576726,33.703073503024,33.794505479723,
    33.890474492077,33.991198900783,34.096766415752,34.207156937171,
    34.322260786403,34.441893443921,34.565807621553,34.693703287353,
    34.825236109721,34.960024676444,35.097656762656,35.237694861393,
    35.379681145653,35.523141997794,35.667592217777,35.812539004309,
    35.957485790841,36.101936010824,36.245396862965,36.387383147225,
    36.527421245962,36.665053332174,36.799841898897,36.931374721266,
    37.059270387065,37.183184564697,37.302817222215,37.417921071447,
    37.528311592866,37.633879107836,37.734603516541,37.830572528895,
    37.922004505594,38.009277431892,38.092966117598,38.173890525958,
    38.253179286048,38.332354085179,38.413442967248,38.499133818104,
    38.592983706851,38.699705193695,38.825556085834,38.978860163214,
    39.17067030355,39.415517931385,39.731991616563,40.142390006805,
    40.66971693045,41.329197433946,42.112907007851,42.975046805171,
    43.837186602491,44.620896176395,45.280376679892,45.807703603537,
    46.218101993779,46.534575678957,46.779423306791,46.971233447128,
    47.124537524508,47.250388416646,47.357109903491,47.450959792238,
    47.536650643093,47.617739525162,47.696914324294,47.776203084384,
    47.857127492744,47.94081617845,48.028089104748,48.119521081447,
    48.215490093801,48.316214502506,48.421782017475,48.532172538895,
    48.647276388126,48.766909045645,48.890823223277,49.018718889076,
    49.150251711445,49.285040278168,49.42267236438,49.562710463116,
    49.704696747377,49.848157599518,49.992607819501,50.137554606033,
    50.282501392564,50.426951612547,50.570412464688,50.712398748949,
    50.852436847685,50.990068933897,51.124857500621,51.256390322989,
    51.384285988788,51.508200166421,51.627832823939,51.742936673171,
    51.85332719459,51.958894709559,52.059619118264,52.155588130619,
    52.247020107317,52.334293033615,52.417981719321,52.498906127681,
    52.578194887771,52.657369686903,52.738458568972,52.824149419827,
    52.917999308574,53.024720795419,53.150571687558,53.303875764938,
    53.495685905274,53.740533533108,54.057007218286,54.467405608529,
    54.994732532173,55.65421303567,56.437922609574,57.300062406894,
    58.162202204215,58.945911778119,59.605392281615,60.13271920526,
    60.543117595503,60.859591280681,61.104438908515,61.296249048851,
    61.449553126231,61.57540401837,61.682125505215,61.775975393962,
    61.861666244817,61.942755126886,62.021929926018,62.101218686108,
    62.182143094468,62.265831780174,62.353104706472,62.44453668317,
    62.540505695524,62.64123010423,62.746797619199,62.857188140618,
    62.97229198985,63.091924647368,63.215838825,63.3437344908,
    63.475267313168,63.610055879891,63.747687966103,63.88772606484,
    64.029712349101,64.173173201242,64.317623421225,64.462570207756,
    64.607516994288,64.751967214271,64.895428066412,65.037414350673,
    65.177452449409,65.315084535621,65.449873102344,65.581405924713,
    65.709301590512,65.833215768144,65.952848425663,66.067952274894,
    66.178342796314,66.283910311283,66.384634719988,66.480603732342,
    66.572035709041,66.659308635339,66.742997321045,66.823921729405,
    66.903210489495,66.982385288626,67.063474170696,67.149165021551,
    67.243014910298,67.349736397143,67.475587289281,67.628891366661,
    67.820701506998,68.065549134832,68.38202282001,68.792421210252,
    69.319748133897,69.979228637393,70.762938211298,71.625078008618,
    72.487217805938,73.270927379843,73.930407883339,74.457734806984,
    74.868133197226,75.184606882404,75.429454510238,75.621264650575,
    75.774568727955,75.900419620094,76.007141106938,76.100990995685,
    76.18668184654,76.26777072861,76.346945527741,76.426234287831,
    76.507158696191,76.590847381897,76.678120308195,76.769552284894,
    76.865521297248,76.966245705953,77.071813220922,77.182203742342,
    77.297307591574,77.416940249092,77.540854426724,77.668750092523,
    77.800282914892,77.935071481615,78.072703567827,78.212741666564,
    78.354727950824,78.498188802965,78.642639022948,78.78758580948,
    78.932532596012,79.076982815995,79.220443668136,79.362429952396,
    79.502468051133,79.640100137345,79.774888704068,79.906421526436,
    80.034317192236,80.158231369868,80.277864027386,80.392967876618,
    80.503358398037,80.608925913006,80.709650321712,80.805619334066,
    80.897051310764,80.984324237062,81.068012922769,81.148937331128,
    81.228226091218,81.30740089035,81.388489772419,81.474180623274,
    81.568030512021,81.674751998866,81.800602891005,81.953906968385,
    82.145717108721,82.390564736555,82.707038421734,83.117436811976,
    83.644763735621,84.304244239117,85.087953813021,85.950093610342,
    86.812233407662,87.595942981566,88.255423485063,88.782750408708,
    89.19314879895,89.509622484128,89.754470111962,89.946280252298,
    90.099584329679,90.225435221817,90.332156708662,90.426006597409,
    90.511697448264,90.592786330333,90.671961129465,90.751249889555,
    90.832174297915,90.915862983621,91.003135909919,91.094567886617,
    91.190536898972,91.291261307677,91.396828822646,91.507219344065,
    91.622323193297,91.741955850816,91.865870028448,91.993765694247,
    92.125298516616,92.260087083339,92.397719169551,92.537757268287,
    92.679743552548,92.823204404689,92.967654624672,93.112601411203,
    93.257548197735,93.401998417718,93.545459269859,93.68744555412,
    93.827483652856,93.965115739068,94.099904305791,94.23143712816,
    94.359332793959,94.483246971591,94.60287962911,94.717983478341,
    94.828373999761,94.93394151473,95.034665923435,95.130634935789,
    95.222066912488,95.309339838786,95.393028524492,95.473952932852,
    95.553241692942,95.632416492074,95.713505374143,95.799196224998,
    95.893046113745,95.99976760059,96.125618492728,96.278922570109,
    96.470732710445,96.715580338279,97.032054023457,97.442452413699,
    97.969779337344,98.629259840841,99.412969414745,100.27510921206,
    101.13724900938,101.92095858329,102.58043908678,103.10776601043,
    103.51816440067,103.83463808585,104.07948571368,104.27129585402,
    104.4245999314,104.55045082354,104.65717231038,104.75102219913,
    104.83671304998,104.91780193205,104.99697673118,105.07626549127,
    105.15718989963,105.24087858534,105.32815151164,105.41958348834,
    105.51555250069,105.6162769094,105.72184442437,105.83223494578,
    105.94733879502,106.06697145253,106.19088563017,106.31878129597,
    106.45031411833,106.58510268506,106.72273477127,106.86277287001,
    107.00475915427,107.14822000641,107.29267022639,107.43761701292,
    107.58256379945,107.72701401944,107.87047487158,108.01246115584,
    108.15249925458,108.29013134079,108.42491990751,108.55645272988,
    108.68434839568,108.80826257331,108.92789523083,109.04299908006,
    109.15338960148,109.25895711645,109.35968152515,109.45565053751,
    109.54708251421,109.63435544051,109.71804412621,109.79896853457,
    109.87825729466,109.95743209379,110.03852097586,110.12421182672,
    110.21806171546,110.32478320231,110.45063409445,110.60393817183,
    110.79574831216,111.04059594,111.35706962518,111.76746801542,
    112.29479493906,112.95427544256,113.73798501646,114.60012481378,
    115.4622646111,116.24597418501,116.90545468851,117.43278161215,
    117.84318000239,118.15965368757,118.4045013154,118.59631145574,
    118.74961553312,118.87546642526,118.9821879121,119.07603780085,
    119.16172865171,119.24281753378,119.32199233291,119.401281093,
    119.48220550136,119.56589418706,119.65316711336,119.74459909006,
    119.84056810241,119.94129251112,120.04686002609,120.15725054751,
    120.27235439674,120.39198705426,120.51590123189,120.64379689769,
    120.77532972006,120.91011828678,121.04775037299,121.18778847173,
    121.32977475599,121.47323560813,121.61768582811,121.76263261465,
    121.90757940118,122.05202962116,122.1954904733,122.33747675756,
    122.4775148563,122.61514694251,122.74993550923,122.8814683316,
    123.0093639974,123.13327817503,123.25291083255,123.36801468178,
    123.4784052032,123.58397271817,123.68469712688,123.78066613923,
    123.87209811593,123.95937104223,124.04305972793,124.12398413629,
    124.20327289638,124.28244769552,124.36353657759,124.44922742844,
    124.54307731719,124.64979880403,124.77564969617,124.92895377355,
    125.12076391389,125.36561154172,125.6820852269,126.09248361714,
    126.61981054079,127.27929104428,128.06300061819,128.92514041551,
    129.78728021283,130.57098978673,131.23047029023,131.75779721387,
    132.16819560412,132.48466928929,132.72951691713,132.92132705746,
    133.07463113484,133.20048202698,133.30720351383,133.40105340258,
    133.48674425343,133.5678331355,133.64700793463,133.72629669472,
    133.80722110308,133.89090978879,133.97818271509,134.06961469178,
    134.16558370414,134.26630811284,134.37187562781,134.48226614923,
    134.59736999846,134.71700265598,134.84091683361,134.96881249941,
    135.10034532178,135.2351338885,135.37276597472,135.51280407345,
    135.65479035771,135.79825120986,135.94270142984,136.08764821637,
    136.2325950029,136.37704522288,136.52050607503,136.66249235929,
    136.80253045802,136.94016254423,137.07495111096,137.20648393333,
    137.33437959913,137.45829377676,137.57792643428,137.69303028351,
    137.80342080493,137.9089883199,138.0097127286,138.10568174096,
    138.19711371765,138.28438664395,138.36807532966,138.44899973802,
    138.52828849811,138.60746329724,138.68855217931,138.77424303016,
    138.86809291891,138.97481440576,139.10066529789,139.25396937527,
    139.44577951561,139.69062714345,140.00710082862,140.41749921887,
    140.94482614251,141.60430664601,142.38801621991,143.25015601723),
  .UNSPECIFIED.);
#2981 = CARTESIAN_POINT('',(-18.49999724349,-3.074842174121E-15));
#2982 = CARTESIAN_POINT('',(-18.49959159374,-0.287853742081));
#2983 = CARTESIAN_POINT('',(-18.54370764986,-0.836814870179));
#2984 = CARTESIAN_POINT('',(-18.71860927953,-1.587780366218));
#2985 = CARTESIAN_POINT('',(-18.9492020171,-2.204369369209));
#2986 = CARTESIAN_POINT('',(-19.18553042258,-2.682194619954));
#2987 = CARTESIAN_POINT('',(-19.39847713041,-3.042270111963));
#2988 = CARTESIAN_POINT('',(-19.57754386798,-3.312284873023));
#2989 = CARTESIAN_POINT('',(-19.72306133176,-3.516880869738));
#2990 = CARTESIAN_POINT('',(-19.83986856724,-3.67509032291));
#2991 = CARTESIAN_POINT('',(-19.93387785942,-3.800818210277));
#2992 = CARTESIAN_POINT('',(-20.01058271573,-3.904070827082));
#2993 = CARTESIAN_POINT('',(-20.07456212381,-3.992084334383));
#2994 = CARTESIAN_POINT('',(-20.12941841656,-4.070167218618));
#2995 = CARTESIAN_POINT('',(-20.17787626128,-4.142282807392));
#2996 = CARTESIAN_POINT('',(-20.22192450821,-4.211440469607));
#2997 = CARTESIAN_POINT('',(-20.26295481496,-4.279956353758));
#2998 = CARTESIAN_POINT('',(-20.30188214772,-4.349627798826));
#2999 = CARTESIAN_POINT('',(-20.33924476806,-4.421851196354));
#3000 = CARTESIAN_POINT('',(-20.37528575028,-4.497702852141));
#3001 = CARTESIAN_POINT('',(-20.41001921283,-4.577995574949));
#3002 = CARTESIAN_POINT('',(-20.44328435031,-4.663319285491));
#3003 = CARTESIAN_POINT('',(-20.47478986766,-4.754071079548));
#3004 = CARTESIAN_POINT('',(-20.50415087743,-4.850478333623));
#3005 = CARTESIAN_POINT('',(-20.53091983997,-4.952617242494));
#3006 = CARTESIAN_POINT('',(-20.5546127356,-5.060428390855));
#3007 = CARTESIAN_POINT('',(-20.5747313538,-5.173730437814));
#3008 = CARTESIAN_POINT('',(-20.59078235364,-5.292232640194));
#3009 = CARTESIAN_POINT('',(-20.60229357729,-5.415546699285));
#3010 = CARTESIAN_POINT('',(-20.60882797007,-5.543198248388));
#3011 = CARTESIAN_POINT('',(-20.60999536661,-5.674638180733));
#3012 = CARTESIAN_POINT('',(-20.60546233363,-5.809253933521));
#3013 = CARTESIAN_POINT('',(-20.59496020999,-5.946380783328));
#3014 = CARTESIAN_POINT('',(-20.57829144884,-6.085313164071));
#3015 = CARTESIAN_POINT('',(-20.55533434145,-6.225315986519));
#3016 = CARTESIAN_POINT('',(-20.52604618485,-6.365635914628));
#3017 = CARTESIAN_POINT('',(-20.49046494344,-6.505512536772));
#3018 = CARTESIAN_POINT('',(-20.44870944708,-6.644189357542));
#3019 = CARTESIAN_POINT('',(-20.40097816316,-6.780924527233));
#3020 = CARTESIAN_POINT('',(-20.34754657651,-6.915001220627));
#3021 = CARTESIAN_POINT('',(-20.28876320858,-7.045737573631));
#3022 = CARTESIAN_POINT('',(-20.22504430429,-7.172496085408));
#3023 = CARTESIAN_POINT('',(-20.15686721087,-7.294692394478));
#3024 = CARTESIAN_POINT('',(-20.08476246736,-7.41180333975));
#3025 = CARTESIAN_POINT('',(-20.00930461386,-7.5233742214));
#3026 = CARTESIAN_POINT('',(-19.93110171643,-7.629025181939));
#3027 = CARTESIAN_POINT('',(-19.85078358363,-7.728456634813));
#3028 = CARTESIAN_POINT('',(-19.76898862273,-7.821453676766));
#3029 = CARTESIAN_POINT('',(-19.68634924416,-7.907889431369));
#3030 = CARTESIAN_POINT('',(-19.60347566788,-7.987727285785));
#3031 = CARTESIAN_POINT('',(-19.52093790963,-8.061022002354));
#3032 = CARTESIAN_POINT('',(-19.43924561969,-8.127919714019));
#3033 = CARTESIAN_POINT('',(-19.35882530166,-8.188656852412));
#3034 = CARTESIAN_POINT('',(-19.27999423654,-8.243558117609));
#3035 = CARTESIAN_POINT('',(-19.20293015627,-8.293033692233));
#3036 = CARTESIAN_POINT('',(-19.12763531646,-8.337576052461));
#3037 = CARTESIAN_POINT('',(-19.05389306472,-8.377756973219));
#3038 = CARTESIAN_POINT('',(-18.98121422197,-8.414225731987));
#3039 = CARTESIAN_POINT('',(-18.9087695003,-8.447710202964));
#3040 = CARTESIAN_POINT('',(-18.8353026586,-8.47902370842));
#3041 = CARTESIAN_POINT('',(-18.75901702434,-8.509082522511));
#3042 = CARTESIAN_POINT('',(-18.6774253249,-8.538942452903));
#3043 = CARTESIAN_POINT('',(-18.587149684,-8.569869113332));
#3044 = CARTESIAN_POINT('',(-18.48365621402,-8.603467384021));
#3045 = CARTESIAN_POINT('',(-18.3609103161,-8.641914522091));
#3046 = CARTESIAN_POINT('',(-18.2109542041,-8.688373245749));
#3047 = CARTESIAN_POINT('',(-18.02346197689,-8.747709803014));
#3048 = CARTESIAN_POINT('',(-17.78547739501,-8.827698469239));
#3049 = CARTESIAN_POINT('',(-17.48189850706,-8.940891951624));
#3050 = CARTESIAN_POINT('',(-17.09797482249,-9.107033653314));
#3051 = CARTESIAN_POINT('',(-16.62591768542,-9.354684209742));
#3052 = CARTESIAN_POINT('',(-16.07696715544,-9.718016704651));
#3053 = CARTESIAN_POINT('',(-15.49394438723,-10.22256353045));
#3054 = CARTESIAN_POINT('',(-14.9483606338,-10.86062172713));
#3055 = CARTESIAN_POINT('',(-14.51012587973,-11.57667353719));
#3056 = CARTESIAN_POINT('',(-14.21043727676,-12.28707468368));
#3057 = CARTESIAN_POINT('',(-14.03452258273,-12.92143357787));
#3058 = CARTESIAN_POINT('',(-13.94486658495,-13.44691482475));
#3059 = CARTESIAN_POINT('',(-13.90549538001,-13.86338855602));
#3060 = CARTESIAN_POINT('',(-13.89165301649,-14.18708794532));
#3061 = CARTESIAN_POINT('',(-13.88912055445,-14.43814258991));
#3062 = CARTESIAN_POINT('',(-13.89062641953,-14.63479429895));
#3063 = CARTESIAN_POINT('',(-13.89278053467,-14.79176757157));
#3064 = CARTESIAN_POINT('',(-13.89414570192,-14.92038667668));
#3065 = CARTESIAN_POINT('',(-13.89417308868,-15.02919725232));
#3066 = CARTESIAN_POINT('',(-13.89265679397,-15.12461135252));
#3067 = CARTESIAN_POINT('',(-13.88947153432,-15.21143689588));
#3068 = CARTESIAN_POINT('',(-13.88445746072,-15.29327752984));
#3069 = CARTESIAN_POINT('',(-13.87737904992,-15.37282505371));
#3070 = CARTESIAN_POINT('',(-13.86792007575,-15.45207134889));
#3071 = CARTESIAN_POINT('',(-13.85569522262,-15.53246250211));
#3072 = CARTESIAN_POINT('',(-13.84026850509,-15.61501213852));
#3073 = CARTESIAN_POINT('',(-13.82117358824,-15.70038613284));
#3074 = CARTESIAN_POINT('',(-13.79793363105,-15.78896722192));
#3075 = CARTESIAN_POINT('',(-13.77007956384,-15.88090544405));
#3076 = CARTESIAN_POINT('',(-13.73716635756,-15.97615851951));
#3077 = CARTESIAN_POINT('',(-13.69878715885,-16.07452503397));
#3078 = CARTESIAN_POINT('',(-13.65458531103,-16.17567241982));
#3079 = CARTESIAN_POINT('',(-13.60426434279,-16.27916112838));
#3080 = CARTESIAN_POINT('',(-13.54759602752,-16.38446596497));
#3081 = CARTESIAN_POINT('',(-13.48442661774,-16.49099526191));
#3082 = CARTESIAN_POINT('',(-13.41468135456,-16.5981083542));
#3083 = CARTESIAN_POINT('',(-13.3383673444,-16.70513167168));
#3084 = CARTESIAN_POINT('',(-13.25557488947,-16.81137365346));
#3085 = CARTESIAN_POINT('',(-13.16647735295,-16.91613861195));
#3086 = CARTESIAN_POINT('',(-13.07132963744,-17.01873961706));
#3087 = CARTESIAN_POINT('',(-12.97046535311,-17.11851043052));
#3088 = CARTESIAN_POINT('',(-12.86429275234,-17.2148164905));
#3089 = CARTESIAN_POINT('',(-12.75328950772,-17.30706492596));
#3090 = CARTESIAN_POINT('',(-12.63799641147,-17.39471356573));
#3091 = CARTESIAN_POINT('',(-12.5190100754,-17.47727889698));
#3092 = CARTESIAN_POINT('',(-12.39697471072,-17.55434292184));
#3093 = CARTESIAN_POINT('',(-12.27257306684,-17.62555885646));
#3094 = CARTESIAN_POINT('',(-12.14651660658,-17.69065561443));
#3095 = CARTESIAN_POINT('',(-12.01953499102,-17.74944101506));
#3096 = CARTESIAN_POINT('',(-11.89236494163,-17.80180365516));
#3097 = CARTESIAN_POINT('',(-11.76573853697,-17.84771338104));
#3098 = CARTESIAN_POINT('',(-11.64037098745,-17.88722029379));
#3099 = CARTESIAN_POINT('',(-11.51694791144,-17.92045221499));
#3100 = CARTESIAN_POINT('',(-11.39611210826,-17.94761053063));
#3101 = CARTESIAN_POINT('',(-11.27844978476,-17.96896431704));
#3102 = CARTESIAN_POINT('',(-11.16447613977,-17.98484263212));
#3103 = CARTESIAN_POINT('',(-11.05462013719,-17.99562482636));
#3104 = CARTESIAN_POINT('',(-10.949208198,-18.00172868873));
#3105 = CARTESIAN_POINT('',(-10.8484463998,-18.00359618896));
#3106 = CARTESIAN_POINT('',(-10.75240057442,-18.00167650801));
#3107 = CARTESIAN_POINT('',(-10.66097341071,-17.99640595883));
#3108 = CARTESIAN_POINT('',(-10.57387726327,-17.98818428881));
#3109 = CARTESIAN_POINT('',(-10.49060077576,-17.9773467285));
#3110 = CARTESIAN_POINT('',(-10.41036655828,-17.96413102219));
#3111 = CARTESIAN_POINT('',(-10.33207586908,-17.94863858926));
#3112 = CARTESIAN_POINT('',(-10.25423432891,-17.93078902124));
#3113 = CARTESIAN_POINT('',(-10.17484982674,-17.91026754189));
#3114 = CARTESIAN_POINT('',(-10.09128952858,-17.88646633539));
#3115 = CARTESIAN_POINT('',(-10.00007676601,-17.85842383889));
#3116 = CARTESIAN_POINT('',(-9.896600221981,-17.8247734755));
#3117 = CARTESIAN_POINT('',(-9.774698043823,-17.78372963501));
#3118 = CARTESIAN_POINT('',(-9.626073248199,-17.73317354086));
#3119 = CARTESIAN_POINT('',(-9.439511696785,-17.670972658));
#3120 = CARTESIAN_POINT('',(-9.199961967289,-17.59580102083));
#3121 = CARTESIAN_POINT('',(-8.887828028207,-17.50893727849));
#3122 = CARTESIAN_POINT('',(-8.479571600801,-17.41768405883));
#3123 = CARTESIAN_POINT('',(-7.952104009804,-17.34056934424));
#3124 = CARTESIAN_POINT('',(-7.294432219793,-17.31184648147));
#3125 = CARTESIAN_POINT('',(-6.526191708904,-17.3773412531));
#3126 = CARTESIAN_POINT('',(-5.709763982409,-17.57285509345));
#3127 = CARTESIAN_POINT('',(-4.934339925015,-17.89456525116));
#3128 = CARTESIAN_POINT('',(-4.274323435075,-18.29313931039));
#3129 = CARTESIAN_POINT('',(-3.759138655376,-18.70294637352));
#3130 = CARTESIAN_POINT('',(-3.377735302249,-19.07537115919));
#3131 = CARTESIAN_POINT('',(-3.101086211153,-19.38916367187));
#3132 = CARTESIAN_POINT('',(-2.89962177662,-19.64290564174));
#3133 = CARTESIAN_POINT('',(-2.750006754178,-19.8445245719));
#3134 = CARTESIAN_POINT('',(-2.635636050213,-20.00450427176));
#3135 = CARTESIAN_POINT('',(-2.545112191322,-20.13276447409));
#3136 = CARTESIAN_POINT('',(-2.47061622168,-20.23762194111));
#3137 = CARTESIAN_POINT('',(-2.406681126374,-20.3256676435));
#3138 = CARTESIAN_POINT('',(-2.34937141723,-20.40196801639));
#3139 = CARTESIAN_POINT('',(-2.295759714129,-20.47033910787));
#3140 = CARTESIAN_POINT('',(-2.243598525701,-20.53360237305));
#3141 = CARTESIAN_POINT('',(-2.19111510968,-20.59379708625));
#3142 = CARTESIAN_POINT('',(-2.136882835217,-20.65234884028));
#3143 = CARTESIAN_POINT('',(-2.079739987008,-20.71020106105));
#3144 = CARTESIAN_POINT('',(-2.018738051499,-20.76791752273));
#3145 = CARTESIAN_POINT('',(-1.953108364463,-20.82576282449));
#3146 = CARTESIAN_POINT('',(-1.88224018636,-20.88376632684));
#3147 = CARTESIAN_POINT('',(-1.805665841535,-20.94177370105));
#3148 = CARTESIAN_POINT('',(-1.723050145319,-20.99948916061));
#3149 = CARTESIAN_POINT('',(-1.634182334816,-21.05651061549));
#3150 = CARTESIAN_POINT('',(-1.538969347035,-21.1123593753));
#3151 = CARTESIAN_POINT('',(-1.43742969189,-21.16650557624));
#3152 = CARTESIAN_POINT('',(-1.329687431851,-21.21839017864));
#3153 = CARTESIAN_POINT('',(-1.215965956135,-21.26744414281));
#3154 = CARTESIAN_POINT('',(-1.096581356962,-21.31310521767));
#3155 = CARTESIAN_POINT('',(-0.971935298173,-21.35483265059));
#3156 = CARTESIAN_POINT('',(-0.842507325061,-21.39212003536));
#3157 = CARTESIAN_POINT('',(-0.708846606311,-21.42450644921));
#3158 = CARTESIAN_POINT('',(-0.57156312981,-21.45158598202));
#3159 = CARTESIAN_POINT('',(-0.431318396897,-21.47301572684));
#3160 = CARTESIAN_POINT('',(-0.288815676781,-21.48852227709));
#3161 = CARTESIAN_POINT('',(-0.144789895534,-21.49790675894));
#3162 = CARTESIAN_POINT('',(2.756501526803E-06,-21.50104841638));
#3163 = CARTESIAN_POINT('',(0.144795408537,-21.49790675894));
#3164 = CARTESIAN_POINT('',(0.288821189784,-21.48852227709));
#3165 = CARTESIAN_POINT('',(0.4313239099,-21.47301572684));
#3166 = CARTESIAN_POINT('',(0.571568642813,-21.45158598202));
#3167 = CARTESIAN_POINT('',(0.708852119314,-21.42450644921));
#3168 = CARTESIAN_POINT('',(0.842512838064,-21.39212003536));
#3169 = CARTESIAN_POINT('',(0.971940811176,-21.35483265059));
#3170 = CARTESIAN_POINT('',(1.096586869965,-21.31310521767));
#3171 = CARTESIAN_POINT('',(1.215971469138,-21.26744414281));
#3172 = CARTESIAN_POINT('',(1.329692944854,-21.21839017864));
#3173 = CARTESIAN_POINT('',(1.437435204893,-21.16650557624));
#3174 = CARTESIAN_POINT('',(1.538974860038,-21.1123593753));
#3175 = CARTESIAN_POINT('',(1.634187847819,-21.05651061549));
#3176 = CARTESIAN_POINT('',(1.723055658322,-20.99948916061));
#3177 = CARTESIAN_POINT('',(1.805671354538,-20.94177370105));
#3178 = CARTESIAN_POINT('',(1.882245699363,-20.88376632684));
#3179 = CARTESIAN_POINT('',(1.953113877466,-20.82576282449));
#3180 = CARTESIAN_POINT('',(2.018743564502,-20.76791752273));
#3181 = CARTESIAN_POINT('',(2.079745500012,-20.71020106105));
#3182 = CARTESIAN_POINT('',(2.13688834822,-20.65234884028));
#3183 = CARTESIAN_POINT('',(2.191120622683,-20.59379708625));
#3184 = CARTESIAN_POINT('',(2.243604038704,-20.53360237305));
#3185 = CARTESIAN_POINT('',(2.295765227133,-20.47033910787));
#3186 = CARTESIAN_POINT('',(2.349376930233,-20.40196801639));
#3187 = CARTESIAN_POINT('',(2.406686639377,-20.3256676435));
#3188 = CARTESIAN_POINT('',(2.470621734683,-20.23762194111));
#3189 = CARTESIAN_POINT('',(2.545117704325,-20.13276447409));
#3190 = CARTESIAN_POINT('',(2.635641563216,-20.00450427176));
#3191 = CARTESIAN_POINT('',(2.750012267181,-19.8445245719));
#3192 = CARTESIAN_POINT('',(2.899627289623,-19.64290564174));
#3193 = CARTESIAN_POINT('',(3.101091724156,-19.38916367187));
#3194 = CARTESIAN_POINT('',(3.377740815252,-19.07537115919));
#3195 = CARTESIAN_POINT('',(3.759144168379,-18.70294637352));
#3196 = CARTESIAN_POINT('',(4.274328948078,-18.29313931039));
#3197 = CARTESIAN_POINT('',(4.934345438018,-17.89456525116));
#3198 = CARTESIAN_POINT('',(5.709769495412,-17.57285509345));
#3199 = CARTESIAN_POINT('',(6.526197221907,-17.3773412531));
#3200 = CARTESIAN_POINT('',(7.294437732796,-17.31184648147));
#3201 = CARTESIAN_POINT('',(7.952109522807,-17.34056934424));
#3202 = CARTESIAN_POINT('',(8.479577113804,-17.41768405883));
#3203 = CARTESIAN_POINT('',(8.88783354121,-17.50893727849));
#3204 = CARTESIAN_POINT('',(9.199967480292,-17.59580102083));
#3205 = CARTESIAN_POINT('',(9.439517209788,-17.670972658));
#3206 = CARTESIAN_POINT('',(9.626078761203,-17.73317354086));
#3207 = CARTESIAN_POINT('',(9.774703556826,-17.78372963501));
#3208 = CARTESIAN_POINT('',(9.896605734984,-17.8247734755));
#3209 = CARTESIAN_POINT('',(10.000082279018,-17.85842383889));
#3210 = CARTESIAN_POINT('',(10.091295041587,-17.88646633539));
#3211 = CARTESIAN_POINT('',(10.174855339748,-17.91026754189));
#3212 = CARTESIAN_POINT('',(10.254239841921,-17.93078902124));
#3213 = CARTESIAN_POINT('',(10.332081382084,-17.94863858926));
#3214 = CARTESIAN_POINT('',(10.410372071283,-17.96413102219));
#3215 = CARTESIAN_POINT('',(10.490606288771,-17.9773467285));
#3216 = CARTESIAN_POINT('',(10.573882776278,-17.98818428881));
#3217 = CARTESIAN_POINT('',(10.660978923718,-17.99640595883));
#3218 = CARTESIAN_POINT('',(10.752406087425,-18.00167650801));
#3219 = CARTESIAN_POINT('',(10.848451912807,-18.00359618896));
#3220 = CARTESIAN_POINT('',(10.949213711004,-18.00172868873));
#3221 = CARTESIAN_POINT('',(11.054625650199,-17.99562482636));
#3222 = CARTESIAN_POINT('',(11.164481652774,-17.98484263212));
#3223 = CARTESIAN_POINT('',(11.278455297769,-17.96896431704));
#3224 = CARTESIAN_POINT('',(11.396117621266,-17.94761053063));
#3225 = CARTESIAN_POINT('',(11.51695342445,-17.92045221499));
#3226 = CARTESIAN_POINT('',(11.640376500455,-17.88722029379));
#3227 = CARTESIAN_POINT('',(11.765744049982,-17.84771338104));
#3228 = CARTESIAN_POINT('',(11.892370454641,-17.80180365516));
#3229 = CARTESIAN_POINT('',(12.019540504027,-17.74944101506));
#3230 = CARTESIAN_POINT('',(12.146522119586,-17.69065561443));
#3231 = CARTESIAN_POINT('',(12.272578579851,-17.62555885646));
#3232 = CARTESIAN_POINT('',(12.396980223723,-17.55434292184));
#3233 = CARTESIAN_POINT('',(12.519015588412,-17.47727889698));
#3234 = CARTESIAN_POINT('',(12.63800192448,-17.39471356573));
#3235 = CARTESIAN_POINT('',(12.753295020727,-17.30706492596));
#3236 = CARTESIAN_POINT('',(12.864298265351,-17.2148164905));
#3237 = CARTESIAN_POINT('',(12.970470866117,-17.11851043052));
#3238 = CARTESIAN_POINT('',(13.071335150448,-17.01873961706));
#3239 = CARTESIAN_POINT('',(13.166482865962,-16.91613861195));
#3240 = CARTESIAN_POINT('',(13.255580402473,-16.81137365346));
#3241 = CARTESIAN_POINT('',(13.338372857406,-16.70513167168));
#3242 = CARTESIAN_POINT('',(13.414686867563,-16.5981083542));
#3243 = CARTESIAN_POINT('',(13.484432130752,-16.49099526191));
#3244 = CARTESIAN_POINT('',(13.547601540527,-16.38446596497));
#3245 = CARTESIAN_POINT('',(13.604269855799,-16.27916112838));
#3246 = CARTESIAN_POINT('',(13.654590824033,-16.17567241982));
#3247 = CARTESIAN_POINT('',(13.69879267186,-16.07452503397));
#3248 = CARTESIAN_POINT('',(13.737171870564,-15.97615851951));
#3249 = CARTESIAN_POINT('',(13.770085076848,-15.88090544405));
#3250 = CARTESIAN_POINT('',(13.797939144059,-15.78896722192));
#3251 = CARTESIAN_POINT('',(13.821179101244,-15.70038613284));
#3252 = CARTESIAN_POINT('',(13.840274018099,-15.61501213852));
#3253 = CARTESIAN_POINT('',(13.855700735626,-15.53246250211));
#3254 = CARTESIAN_POINT('',(13.867925588753,-15.45207134889));
#3255 = CARTESIAN_POINT('',(13.877384562923,-15.37282505371));
#3256 = CARTESIAN_POINT('',(13.884462973727,-15.29327752984));
#3257 = CARTESIAN_POINT('',(13.889477047326,-15.21143689588));
#3258 = CARTESIAN_POINT('',(13.892662306975,-15.12461135252));
#3259 = CARTESIAN_POINT('',(13.894178601688,-15.02919725232));
#3260 = CARTESIAN_POINT('',(13.894151214932,-14.92038667668));
#3261 = CARTESIAN_POINT('',(13.89278604768,-14.79176757157));
#3262 = CARTESIAN_POINT('',(13.890631932535,-14.63479429895));
#3263 = CARTESIAN_POINT('',(13.889126067453,-14.43814258991));
#3264 = CARTESIAN_POINT('',(13.891658529496,-14.18708794532));
#3265 = CARTESIAN_POINT('',(13.905500893013,-13.86338855602));
#3266 = CARTESIAN_POINT('',(13.944872097957,-13.44691482475));
#3267 = CARTESIAN_POINT('',(14.034528095742,-12.92143357787));
#3268 = CARTESIAN_POINT('',(14.210442789771,-12.28707468368));
#3269 = CARTESIAN_POINT('',(14.510131392741,-11.57667353719));
#3270 = CARTESIAN_POINT('',(14.948366146804,-10.86062172713));
#3271 = CARTESIAN_POINT('',(15.493949900237,-10.22256353045));
#3272 = CARTESIAN_POINT('',(16.076972668449,-9.718016704651));
#3273 = CARTESIAN_POINT('',(16.625923198429,-9.354684209742));
#3274 = CARTESIAN_POINT('',(17.0979803355,-9.107033653314));
#3275 = CARTESIAN_POINT('',(17.481904020072,-8.940891951624));
#3276 = CARTESIAN_POINT('',(17.785482908017,-8.827698469239));
#3277 = CARTESIAN_POINT('',(18.023467489894,-8.747709803014));
#3278 = CARTESIAN_POINT('',(18.210959717112,-8.688373245749));
#3279 = CARTESIAN_POINT('',(18.360915829111,-8.641914522091));
#3280 = CARTESIAN_POINT('',(18.483661727031,-8.603467384021));
#3281 = CARTESIAN_POINT('',(18.587155197011,-8.569869113332));
#3282 = CARTESIAN_POINT('',(18.67743083791,-8.538942452903));
#3283 = CARTESIAN_POINT('',(18.759022537345,-8.509082522511));
#3284 = CARTESIAN_POINT('',(18.835308171611,-8.47902370842));
#3285 = CARTESIAN_POINT('',(18.908775013312,-8.447710202964));
#3286 = CARTESIAN_POINT('',(18.981219734975,-8.414225731987));
#3287 = CARTESIAN_POINT('',(19.053898577723,-8.377756973219));
#3288 = CARTESIAN_POINT('',(19.127640829464,-8.337576052461));
#3289 = CARTESIAN_POINT('',(19.202935669275,-8.293033692233));
#3290 = CARTESIAN_POINT('',(19.279999749544,-8.243558117609));
#3291 = CARTESIAN_POINT('',(19.358830814665,-8.188656852412));
#3292 = CARTESIAN_POINT('',(19.4392511327,-8.127919714019));
#3293 = CARTESIAN_POINT('',(19.520943422635,-8.061022002354));
#3294 = CARTESIAN_POINT('',(19.603481180887,-7.987727285785));
#3295 = CARTESIAN_POINT('',(19.686354757167,-7.907889431369));
#3296 = CARTESIAN_POINT('',(19.76899413574,-7.821453676766));
#3297 = CARTESIAN_POINT('',(19.850789096634,-7.728456634813));
#3298 = CARTESIAN_POINT('',(19.931107229434,-7.629025181939));
#3299 = CARTESIAN_POINT('',(20.009310126867,-7.5233742214));
#3300 = CARTESIAN_POINT('',(20.084767980365,-7.41180333975));
#3301 = CARTESIAN_POINT('',(20.156872723873,-7.294692394478));
#3302 = CARTESIAN_POINT('',(20.225049817293,-7.172496085408));
#3303 = CARTESIAN_POINT('',(20.28876872159,-7.045737573631));
#3304 = CARTESIAN_POINT('',(20.347552089514,-6.915001220627));
#3305 = CARTESIAN_POINT('',(20.400983676164,-6.780924527233));
#3306 = CARTESIAN_POINT('',(20.448714960084,-6.644189357542));
#3307 = CARTESIAN_POINT('',(20.490470456444,-6.505512536772));
#3308 = CARTESIAN_POINT('',(20.52605169786,-6.365635914628));
#3309 = CARTESIAN_POINT('',(20.555339854458,-6.225315986519));
#3310 = CARTESIAN_POINT('',(20.578296961843,-6.085313164071));
#3311 = CARTESIAN_POINT('',(20.594965722995,-5.946380783328));
#3312 = CARTESIAN_POINT('',(20.605467846635,-5.809253933521));
#3313 = CARTESIAN_POINT('',(20.610000879615,-5.674638180733));
#3314 = CARTESIAN_POINT('',(20.608833483078,-5.543198248388));
#3315 = CARTESIAN_POINT('',(20.6022990903,-5.415546699285));
#3316 = CARTESIAN_POINT('',(20.590787866649,-5.292232640194));
#3317 = CARTESIAN_POINT('',(20.574736866805,-5.173730437814));
#3318 = CARTESIAN_POINT('',(20.554618248611,-5.060428390855));
#3319 = CARTESIAN_POINT('',(20.530925352977,-4.952617242495));
#3320 = CARTESIAN_POINT('',(20.504156390439,-4.850478333623));
#3321 = CARTESIAN_POINT('',(20.47479538067,-4.754071079548));
#3322 = CARTESIAN_POINT('',(20.443289863317,-4.663319285491));
#3323 = CARTESIAN_POINT('',(20.410024725836,-4.577995574949));
#3324 = CARTESIAN_POINT('',(20.375291263284,-4.497702852141));
#3325 = CARTESIAN_POINT('',(20.339250281068,-4.421851196354));
#3326 = CARTESIAN_POINT('',(20.301887660726,-4.349627798826));
#3327 = CARTESIAN_POINT('',(20.262960327969,-4.279956353758));
#3328 = CARTESIAN_POINT('',(20.221930021215,-4.211440469607));
#3329 = CARTESIAN_POINT('',(20.177881774292,-4.142282807392));
#3330 = CARTESIAN_POINT('',(20.129423929567,-4.070167218617));
#3331 = CARTESIAN_POINT('',(20.074567636805,-3.992084334389));
#3332 = CARTESIAN_POINT('',(20.010588228797,-3.904070827057));
#3333 = CARTESIAN_POINT('',(19.933883372141,-3.800818210396));
#3334 = CARTESIAN_POINT('',(19.83987408173,-3.675090322296));
#3335 = CARTESIAN_POINT('',(19.72306683688,-3.516880873003));
#3336 = CARTESIAN_POINT('',(19.577549424099,-3.312284855169));
#3337 = CARTESIAN_POINT('',(19.39848240422,-3.042270211026));
#3338 = CARTESIAN_POINT('',(19.185537260902,-2.682194071087));
#3339 = CARTESIAN_POINT('',(18.949200359487,-2.20437233886));
#3340 = CARTESIAN_POINT('',(18.718651533847,-1.58776515011));
#3341 = CARTESIAN_POINT('',(18.543541389553,-0.836886008673));
#3342 = CARTESIAN_POINT('',(18.477196059284,-3.166374891896E-14));
#3343 = CARTESIAN_POINT('',(18.543541389553,0.836886008673));
#3344 = CARTESIAN_POINT('',(18.718651533847,1.58776515011));
#3345 = CARTESIAN_POINT('',(18.949200359487,2.20437233886));
#3346 = CARTESIAN_POINT('',(19.185537260902,2.682194071087));
#3347 = CARTESIAN_POINT('',(19.39848240422,3.042270211026));
#3348 = CARTESIAN_POINT('',(19.577549424099,3.312284855169));
#3349 = CARTESIAN_POINT('',(19.72306683688,3.516880873003));
#3350 = CARTESIAN_POINT('',(19.83987408173,3.675090322296));
#3351 = CARTESIAN_POINT('',(19.933883372141,3.800818210396));
#3352 = CARTESIAN_POINT('',(20.010588228797,3.904070827057));
#3353 = CARTESIAN_POINT('',(20.074567636805,3.992084334389));
#3354 = CARTESIAN_POINT('',(20.129423929567,4.070167218617));
#3355 = CARTESIAN_POINT('',(20.177881774292,4.142282807392));
#3356 = CARTESIAN_POINT('',(20.221930021215,4.211440469607));
#3357 = CARTESIAN_POINT('',(20.262960327969,4.279956353758));
#3358 = CARTESIAN_POINT('',(20.301887660726,4.349627798826));
#3359 = CARTESIAN_POINT('',(20.339250281068,4.421851196354));
#3360 = CARTESIAN_POINT('',(20.375291263284,4.497702852141));
#3361 = CARTESIAN_POINT('',(20.410024725836,4.577995574949));
#3362 = CARTESIAN_POINT('',(20.443289863317,4.663319285491));
#3363 = CARTESIAN_POINT('',(20.47479538067,4.754071079548));
#3364 = CARTESIAN_POINT('',(20.504156390439,4.850478333623));
#3365 = CARTESIAN_POINT('',(20.530925352977,4.952617242494));
#3366 = CARTESIAN_POINT('',(20.554618248611,5.060428390855));
#3367 = CARTESIAN_POINT('',(20.574736866805,5.173730437814));
#3368 = CARTESIAN_POINT('',(20.590787866649,5.292232640194));
#3369 = CARTESIAN_POINT('',(20.6022990903,5.415546699285));
#3370 = CARTESIAN_POINT('',(20.608833483078,5.543198248388));
#3371 = CARTESIAN_POINT('',(20.610000879615,5.674638180733));
#3372 = CARTESIAN_POINT('',(20.605467846635,5.809253933521));
#3373 = CARTESIAN_POINT('',(20.594965722995,5.946380783328));
#3374 = CARTESIAN_POINT('',(20.578296961843,6.085313164071));
#3375 = CARTESIAN_POINT('',(20.555339854458,6.225315986519));
#3376 = CARTESIAN_POINT('',(20.52605169786,6.365635914628));
#3377 = CARTESIAN_POINT('',(20.490470456444,6.505512536772));
#3378 = CARTESIAN_POINT('',(20.448714960084,6.644189357542));
#3379 = CARTESIAN_POINT('',(20.400983676164,6.780924527233));
#3380 = CARTESIAN_POINT('',(20.347552089514,6.915001220627));
#3381 = CARTESIAN_POINT('',(20.28876872159,7.045737573631));
#3382 = CARTESIAN_POINT('',(20.225049817293,7.172496085408));
#3383 = CARTESIAN_POINT('',(20.156872723873,7.294692394478));
#3384 = CARTESIAN_POINT('',(20.084767980365,7.41180333975));
#3385 = CARTESIAN_POINT('',(20.009310126867,7.5233742214));
#3386 = CARTESIAN_POINT('',(19.931107229434,7.629025181939));
#3387 = CARTESIAN_POINT('',(19.850789096634,7.728456634813));
#3388 = CARTESIAN_POINT('',(19.76899413574,7.821453676766));
#3389 = CARTESIAN_POINT('',(19.686354757167,7.907889431369));
#3390 = CARTESIAN_POINT('',(19.603481180887,7.987727285785));
#3391 = CARTESIAN_POINT('',(19.520943422635,8.061022002354));
#3392 = CARTESIAN_POINT('',(19.4392511327,8.127919714019));
#3393 = CARTESIAN_POINT('',(19.358830814665,8.188656852412));
#3394 = CARTESIAN_POINT('',(19.279999749544,8.243558117609));
#3395 = CARTESIAN_POINT('',(19.202935669275,8.293033692233));
#3396 = CARTESIAN_POINT('',(19.127640829464,8.337576052461));
#3397 = CARTESIAN_POINT('',(19.053898577723,8.377756973219));
#3398 = CARTESIAN_POINT('',(18.981219734975,8.414225731987));
#3399 = CARTESIAN_POINT('',(18.908775013312,8.447710202964));
#3400 = CARTESIAN_POINT('',(18.835308171611,8.47902370842));
#3401 = CARTESIAN_POINT('',(18.759022537345,8.509082522511));
#3402 = CARTESIAN_POINT('',(18.67743083791,8.538942452903));
#3403 = CARTESIAN_POINT('',(18.587155197011,8.569869113332));
#3404 = CARTESIAN_POINT('',(18.483661727031,8.603467384021));
#3405 = CARTESIAN_POINT('',(18.360915829111,8.641914522091));
#3406 = CARTESIAN_POINT('',(18.210959717112,8.688373245749));
#3407 = CARTESIAN_POINT('',(18.023467489894,8.747709803014));
#3408 = CARTESIAN_POINT('',(17.785482908017,8.827698469239));
#3409 = CARTESIAN_POINT('',(17.481904020072,8.940891951624));
#3410 = CARTESIAN_POINT('',(17.0979803355,9.107033653314));
#3411 = CARTESIAN_POINT('',(16.625923198429,9.354684209742));
#3412 = CARTESIAN_POINT('',(16.076972668449,9.718016704651));
#3413 = CARTESIAN_POINT('',(15.493949900237,10.222563530453));
#3414 = CARTESIAN_POINT('',(14.948366146804,10.860621727133));
#3415 = CARTESIAN_POINT('',(14.510131392741,11.576673537194));
#3416 = CARTESIAN_POINT('',(14.210442789771,12.287074683682));
#3417 = CARTESIAN_POINT('',(14.034528095742,12.921433577879));
#3418 = CARTESIAN_POINT('',(13.944872097957,13.446914824756));
#3419 = CARTESIAN_POINT('',(13.905500893013,13.863388556026));
#3420 = CARTESIAN_POINT('',(13.891658529496,14.187087945324));
#3421 = CARTESIAN_POINT('',(13.889126067453,14.438142589917));
#3422 = CARTESIAN_POINT('',(13.890631932535,14.63479429895));
#3423 = CARTESIAN_POINT('',(13.89278604768,14.791767571572));
#3424 = CARTESIAN_POINT('',(13.894151214932,14.920386676686));
#3425 = CARTESIAN_POINT('',(13.894178601688,15.029197252329));
#3426 = CARTESIAN_POINT('',(13.892662306975,15.124611352521));
#3427 = CARTESIAN_POINT('',(13.889477047326,15.211436895886));
#3428 = CARTESIAN_POINT('',(13.884462973727,15.29327752984));
#3429 = CARTESIAN_POINT('',(13.877384562923,15.37282505371));
#3430 = CARTESIAN_POINT('',(13.867925588753,15.452071348898));
#3431 = CARTESIAN_POINT('',(13.855700735626,15.532462502114));
#3432 = CARTESIAN_POINT('',(13.840274018099,15.615012138522));
#3433 = CARTESIAN_POINT('',(13.821179101244,15.700386132847));
#3434 = CARTESIAN_POINT('',(13.797939144059,15.788967221926));
#3435 = CARTESIAN_POINT('',(13.770085076848,15.880905444054));
#3436 = CARTESIAN_POINT('',(13.737171870564,15.976158519516));
#3437 = CARTESIAN_POINT('',(13.698792671859,16.074525033979));
#3438 = CARTESIAN_POINT('',(13.654590824033,16.175672419823));
#3439 = CARTESIAN_POINT('',(13.604269855799,16.279161128382));
#3440 = CARTESIAN_POINT('',(13.547601540527,16.38446596497));
#3441 = CARTESIAN_POINT('',(13.484432130752,16.490995261919));
#3442 = CARTESIAN_POINT('',(13.414686867563,16.598108354209));
#3443 = CARTESIAN_POINT('',(13.338372857406,16.705131671683));
#3444 = CARTESIAN_POINT('',(13.255580402473,16.811373653466));
#3445 = CARTESIAN_POINT('',(13.166482865962,16.916138611952));
#3446 = CARTESIAN_POINT('',(13.071335150448,17.018739617063));
#3447 = CARTESIAN_POINT('',(12.970470866117,17.118510430527));
#3448 = CARTESIAN_POINT('',(12.864298265351,17.214816490502));
#3449 = CARTESIAN_POINT('',(12.753295020727,17.307064925969));
#3450 = CARTESIAN_POINT('',(12.63800192448,17.394713565736));
#3451 = CARTESIAN_POINT('',(12.519015588412,17.477278896983));
#3452 = CARTESIAN_POINT('',(12.396980223723,17.554342921849));
#3453 = CARTESIAN_POINT('',(12.272578579851,17.625558856466));
#3454 = CARTESIAN_POINT('',(12.146522119586,17.690655614438));
#3455 = CARTESIAN_POINT('',(12.019540504027,17.749441015068));
#3456 = CARTESIAN_POINT('',(11.892370454641,17.801803655166));
#3457 = CARTESIAN_POINT('',(11.765744049982,17.847713381043));
#3458 = CARTESIAN_POINT('',(11.640376500455,17.887220293793));
#3459 = CARTESIAN_POINT('',(11.51695342445,17.920452214993));
#3460 = CARTESIAN_POINT('',(11.396117621266,17.947610530633));
#3461 = CARTESIAN_POINT('',(11.278455297769,17.968964317045));
#3462 = CARTESIAN_POINT('',(11.164481652774,17.98484263212));
#3463 = CARTESIAN_POINT('',(11.054625650199,17.995624826365));
#3464 = CARTESIAN_POINT('',(10.949213711004,18.001728688736));
#3465 = CARTESIAN_POINT('',(10.848451912807,18.003596188961));
#3466 = CARTESIAN_POINT('',(10.752406087425,18.001676508017));
#3467 = CARTESIAN_POINT('',(10.660978923718,17.99640595883));
#3468 = CARTESIAN_POINT('',(10.573882776278,17.98818428881));
#3469 = CARTESIAN_POINT('',(10.490606288771,17.977346728509));
#3470 = CARTESIAN_POINT('',(10.410372071283,17.964131022195));
#3471 = CARTESIAN_POINT('',(10.332081382084,17.948638589262));
#3472 = CARTESIAN_POINT('',(10.254239841921,17.930789021246));
#3473 = CARTESIAN_POINT('',(10.174855339748,17.910267541893));
#3474 = CARTESIAN_POINT('',(10.091295041587,17.886466335393));
#3475 = CARTESIAN_POINT('',(10.000082279018,17.858423838898));
#3476 = CARTESIAN_POINT('',(9.896605734984,17.824773475504));
#3477 = CARTESIAN_POINT('',(9.774703556826,17.783729635011));
#3478 = CARTESIAN_POINT('',(9.626078761203,17.733173540864));
#3479 = CARTESIAN_POINT('',(9.439517209788,17.670972658));
#3480 = CARTESIAN_POINT('',(9.199967480292,17.595801020833));
#3481 = CARTESIAN_POINT('',(8.88783354121,17.508937278494));
#3482 = CARTESIAN_POINT('',(8.479577113804,17.417684058838));
#3483 = CARTESIAN_POINT('',(7.952109522807,17.340569344246));
#3484 = CARTESIAN_POINT('',(7.294437732796,17.311846481474));
#3485 = CARTESIAN_POINT('',(6.526197221907,17.3773412531));
#3486 = CARTESIAN_POINT('',(5.709769495412,17.572855093457));
#3487 = CARTESIAN_POINT('',(4.934345438019,17.894565251169));
#3488 = CARTESIAN_POINT('',(4.274328948078,18.293139310395));
#3489 = CARTESIAN_POINT('',(3.759144168379,18.702946373522));
#3490 = CARTESIAN_POINT('',(3.377740815252,19.075371159193));
#3491 = CARTESIAN_POINT('',(3.101091724156,19.38916367187));
#3492 = CARTESIAN_POINT('',(2.899627289623,19.642905641749));
#3493 = CARTESIAN_POINT('',(2.750012267181,19.844524571901));
#3494 = CARTESIAN_POINT('',(2.635641563216,20.004504271769));
#3495 = CARTESIAN_POINT('',(2.545117704325,20.132764474096));
#3496 = CARTESIAN_POINT('',(2.470621734683,20.237621941112));
#3497 = CARTESIAN_POINT('',(2.406686639377,20.325667643506));
#3498 = CARTESIAN_POINT('',(2.349376930233,20.401968016394));
#3499 = CARTESIAN_POINT('',(2.295765227133,20.470339107876));
#3500 = CARTESIAN_POINT('',(2.243604038704,20.533602373059));
#3501 = CARTESIAN_POINT('',(2.191120622683,20.593797086251));
#3502 = CARTESIAN_POINT('',(2.13688834822,20.65234884028));
#3503 = CARTESIAN_POINT('',(2.079745500012,20.71020106105));
#3504 = CARTESIAN_POINT('',(2.018743564502,20.76791752273));
#3505 = CARTESIAN_POINT('',(1.953113877466,20.825762824496));
#3506 = CARTESIAN_POINT('',(1.882245699363,20.883766326843));
#3507 = CARTESIAN_POINT('',(1.805671354538,20.941773701054));
#3508 = CARTESIAN_POINT('',(1.723055658322,20.99948916061));
#3509 = CARTESIAN_POINT('',(1.634187847819,21.056510615495));
#3510 = CARTESIAN_POINT('',(1.538974860038,21.112359375303));
#3511 = CARTESIAN_POINT('',(1.437435204893,21.166505576244));
#3512 = CARTESIAN_POINT('',(1.329692944854,21.218390178644));
#3513 = CARTESIAN_POINT('',(1.215971469138,21.267444142813));
#3514 = CARTESIAN_POINT('',(1.096586869965,21.313105217676));
#3515 = CARTESIAN_POINT('',(0.971940811176,21.354832650593));
#3516 = CARTESIAN_POINT('',(0.842512838064,21.392120035361));
#3517 = CARTESIAN_POINT('',(0.708852119314,21.424506449214));
#3518 = CARTESIAN_POINT('',(0.571568642813,21.451585982021));
#3519 = CARTESIAN_POINT('',(0.4313239099,21.473015726843));
#3520 = CARTESIAN_POINT('',(0.288821189784,21.488522277096));
#3521 = CARTESIAN_POINT('',(0.144795408537,21.497906758947));
#3522 = CARTESIAN_POINT('',(2.756501525235E-06,21.501048416387));
#3523 = CARTESIAN_POINT('',(-0.144789895534,21.497906758947));
#3524 = CARTESIAN_POINT('',(-0.288815676781,21.488522277096));
#3525 = CARTESIAN_POINT('',(-0.431318396897,21.473015726843));
#3526 = CARTESIAN_POINT('',(-0.57156312981,21.451585982021));
#3527 = CARTESIAN_POINT('',(-0.708846606311,21.424506449214));
#3528 = CARTESIAN_POINT('',(-0.842507325061,21.392120035361));
#3529 = CARTESIAN_POINT('',(-0.971935298173,21.354832650593));
#3530 = CARTESIAN_POINT('',(-1.096581356962,21.313105217676));
#3531 = CARTESIAN_POINT('',(-1.215965956135,21.267444142813));
#3532 = CARTESIAN_POINT('',(-1.329687431851,21.218390178644));
#3533 = CARTESIAN_POINT('',(-1.43742969189,21.166505576244));
#3534 = CARTESIAN_POINT('',(-1.538969347035,21.112359375303));
#3535 = CARTESIAN_POINT('',(-1.634182334816,21.056510615495));
#3536 = CARTESIAN_POINT('',(-1.723050145319,20.99948916061));
#3537 = CARTESIAN_POINT('',(-1.805665841535,20.941773701054));
#3538 = CARTESIAN_POINT('',(-1.88224018636,20.883766326843));
#3539 = CARTESIAN_POINT('',(-1.953108364463,20.825762824496));
#3540 = CARTESIAN_POINT('',(-2.018738051499,20.76791752273));
#3541 = CARTESIAN_POINT('',(-2.079739987008,20.71020106105));
#3542 = CARTESIAN_POINT('',(-2.136882835217,20.65234884028));
#3543 = CARTESIAN_POINT('',(-2.19111510968,20.593797086251));
#3544 = CARTESIAN_POINT('',(-2.243598525701,20.533602373059));
#3545 = CARTESIAN_POINT('',(-2.295759714129,20.470339107876));
#3546 = CARTESIAN_POINT('',(-2.34937141723,20.401968016394));
#3547 = CARTESIAN_POINT('',(-2.406681126374,20.325667643506));
#3548 = CARTESIAN_POINT('',(-2.47061622168,20.237621941112));
#3549 = CARTESIAN_POINT('',(-2.545112191322,20.132764474096));
#3550 = CARTESIAN_POINT('',(-2.635636050213,20.004504271769));
#3551 = CARTESIAN_POINT('',(-2.750006754178,19.844524571901));
#3552 = CARTESIAN_POINT('',(-2.89962177662,19.642905641749));
#3553 = CARTESIAN_POINT('',(-3.101086211153,19.38916367187));
#3554 = CARTESIAN_POINT('',(-3.377735302249,19.075371159193));
#3555 = CARTESIAN_POINT('',(-3.759138655376,18.702946373522));
#3556 = CARTESIAN_POINT('',(-4.274323435075,18.293139310395));
#3557 = CARTESIAN_POINT('',(-4.934339925015,17.894565251169));
#3558 = CARTESIAN_POINT('',(-5.709763982409,17.572855093457));
#3559 = CARTESIAN_POINT('',(-6.526191708904,17.3773412531));
#3560 = CARTESIAN_POINT('',(-7.294432219793,17.311846481474));
#3561 = CARTESIAN_POINT('',(-7.952104009804,17.340569344246));
#3562 = CARTESIAN_POINT('',(-8.479571600801,17.417684058838));
#3563 = CARTESIAN_POINT('',(-8.887828028207,17.508937278494));
#3564 = CARTESIAN_POINT('',(-9.199961967289,17.595801020833));
#3565 = CARTESIAN_POINT('',(-9.439511696785,17.670972658));
#3566 = CARTESIAN_POINT('',(-9.626073248199,17.733173540864));
#3567 = CARTESIAN_POINT('',(-9.774698043823,17.783729635011));
#3568 = CARTESIAN_POINT('',(-9.896600221981,17.824773475504));
#3569 = CARTESIAN_POINT('',(-10.00007676601,17.858423838898));
#3570 = CARTESIAN_POINT('',(-10.09128952858,17.886466335393));
#3571 = CARTESIAN_POINT('',(-10.17484982674,17.910267541893));
#3572 = CARTESIAN_POINT('',(-10.25423432891,17.930789021246));
#3573 = CARTESIAN_POINT('',(-10.33207586908,17.948638589262));
#3574 = CARTESIAN_POINT('',(-10.41036655828,17.964131022195));
#3575 = CARTESIAN_POINT('',(-10.49060077576,17.977346728509));
#3576 = CARTESIAN_POINT('',(-10.57387726327,17.98818428881));
#3577 = CARTESIAN_POINT('',(-10.66097341071,17.99640595883));
#3578 = CARTESIAN_POINT('',(-10.75240057442,18.001676508017));
#3579 = CARTESIAN_POINT('',(-10.8484463998,18.003596188961));
#3580 = CARTESIAN_POINT('',(-10.949208198,18.001728688736));
#3581 = CARTESIAN_POINT('',(-11.05462013719,17.995624826365));
#3582 = CARTESIAN_POINT('',(-11.16447613977,17.98484263212));
#3583 = CARTESIAN_POINT('',(-11.27844978476,17.968964317045));
#3584 = CARTESIAN_POINT('',(-11.39611210826,17.947610530633));
#3585 = CARTESIAN_POINT('',(-11.51694791144,17.920452214993));
#3586 = CARTESIAN_POINT('',(-11.64037098745,17.887220293793));
#3587 = CARTESIAN_POINT('',(-11.76573853697,17.847713381043));
#3588 = CARTESIAN_POINT('',(-11.89236494163,17.801803655166));
#3589 = CARTESIAN_POINT('',(-12.01953499102,17.749441015068));
#3590 = CARTESIAN_POINT('',(-12.14651660658,17.690655614437));
#3591 = CARTESIAN_POINT('',(-12.27257306684,17.625558856466));
#3592 = CARTESIAN_POINT('',(-12.39697471072,17.554342921849));
#3593 = CARTESIAN_POINT('',(-12.5190100754,17.477278896983));
#3594 = CARTESIAN_POINT('',(-12.63799641147,17.394713565736));
#3595 = CARTESIAN_POINT('',(-12.75328950772,17.307064925969));
#3596 = CARTESIAN_POINT('',(-12.86429275234,17.214816490502));
#3597 = CARTESIAN_POINT('',(-12.97046535311,17.118510430527));
#3598 = CARTESIAN_POINT('',(-13.07132963744,17.018739617063));
#3599 = CARTESIAN_POINT('',(-13.16647735295,16.916138611952));
#3600 = CARTESIAN_POINT('',(-13.25557488947,16.811373653466));
#3601 = CARTESIAN_POINT('',(-13.3383673444,16.705131671683));
#3602 = CARTESIAN_POINT('',(-13.41468135456,16.598108354209));
#3603 = CARTESIAN_POINT('',(-13.48442661774,16.490995261919));
#3604 = CARTESIAN_POINT('',(-13.54759602752,16.38446596497));
#3605 = CARTESIAN_POINT('',(-13.60426434279,16.279161128382));
#3606 = CARTESIAN_POINT('',(-13.65458531103,16.175672419823));
#3607 = CARTESIAN_POINT('',(-13.69878715885,16.074525033979));
#3608 = CARTESIAN_POINT('',(-13.73716635756,15.976158519516));
#3609 = CARTESIAN_POINT('',(-13.77007956384,15.880905444054));
#3610 = CARTESIAN_POINT('',(-13.79793363105,15.788967221926));
#3611 = CARTESIAN_POINT('',(-13.82117358824,15.700386132847));
#3612 = CARTESIAN_POINT('',(-13.84026850509,15.615012138522));
#3613 = CARTESIAN_POINT('',(-13.85569522262,15.532462502114));
#3614 = CARTESIAN_POINT('',(-13.86792007575,15.452071348898));
#3615 = CARTESIAN_POINT('',(-13.87737904992,15.37282505371));
#3616 = CARTESIAN_POINT('',(-13.88445746072,15.29327752984));
#3617 = CARTESIAN_POINT('',(-13.88947153432,15.211436895886));
#3618 = CARTESIAN_POINT('',(-13.89265679397,15.124611352521));
#3619 = CARTESIAN_POINT('',(-13.89417308868,15.029197252329));
#3620 = CARTESIAN_POINT('',(-13.89414570192,14.920386676686));
#3621 = CARTESIAN_POINT('',(-13.89278053467,14.791767571572));
#3622 = CARTESIAN_POINT('',(-13.89062641953,14.63479429895));
#3623 = CARTESIAN_POINT('',(-13.88912055445,14.438142589918));
#3624 = CARTESIAN_POINT('',(-13.89165301649,14.187087945324));
#3625 = CARTESIAN_POINT('',(-13.90549538001,13.863388556026));
#3626 = CARTESIAN_POINT('',(-13.94486658495,13.446914824757));
#3627 = CARTESIAN_POINT('',(-14.03452258273,12.921433577879));
#3628 = CARTESIAN_POINT('',(-14.21043727676,12.287074683682));
#3629 = CARTESIAN_POINT('',(-14.51012587973,11.576673537194));
#3630 = CARTESIAN_POINT('',(-14.9483606338,10.860621727133));
#3631 = CARTESIAN_POINT('',(-15.49394438723,10.222563530453));
#3632 = CARTESIAN_POINT('',(-16.07696715544,9.718016704651));
#3633 = CARTESIAN_POINT('',(-16.62591768542,9.354684209742));
#3634 = CARTESIAN_POINT('',(-17.09797482249,9.107033653314));
#3635 = CARTESIAN_POINT('',(-17.48189850706,8.940891951624));
#3636 = CARTESIAN_POINT('',(-17.78547739501,8.827698469239));
#3637 = CARTESIAN_POINT('',(-18.02346197689,8.747709803014));
#3638 = CARTESIAN_POINT('',(-18.2109542041,8.688373245749));
#3639 = CARTESIAN_POINT('',(-18.3609103161,8.641914522091));
#3640 = CARTESIAN_POINT('',(-18.48365621402,8.603467384021));
#3641 = CARTESIAN_POINT('',(-18.587149684,8.569869113332));
#3642 = CARTESIAN_POINT('',(-18.6774253249,8.538942452903));
#3643 = CARTESIAN_POINT('',(-18.75901702434,8.509082522511));
#3644 = CARTESIAN_POINT('',(-18.8353026586,8.47902370842));
#3645 = CARTESIAN_POINT('',(-18.9087695003,8.447710202964));
#3646 = CARTESIAN_POINT('',(-18.98121422197,8.414225731987));
#3647 = CARTESIAN_POINT('',(-19.05389306472,8.377756973219));
#3648 = CARTESIAN_POINT('',(-19.12763531646,8.337576052461));
#3649 = CARTESIAN_POINT('',(-19.20293015627,8.293033692233));
#3650 = CARTESIAN_POINT('',(-19.27999423654,8.243558117609));
#3651 = CARTESIAN_POINT('',(-19.35882530166,8.188656852412));
#3652 = CARTESIAN_POINT('',(-19.43924561969,8.127919714019));
#3653 = CARTESIAN_POINT('',(-19.52093790963,8.061022002354));
#3654 = CARTESIAN_POINT('',(-19.60347566788,7.987727285785));
#3655 = CARTESIAN_POINT('',(-19.68634924416,7.907889431369));
#3656 = CARTESIAN_POINT('',(-19.76898862273,7.821453676766));
#3657 = CARTESIAN_POINT('',(-19.85078358363,7.728456634813));
#3658 = CARTESIAN_POINT('',(-19.93110171643,7.629025181939));
#3659 = CARTESIAN_POINT('',(-20.00930461386,7.5233742214));
#3660 = CARTESIAN_POINT('',(-20.08476246736,7.41180333975));
#3661 = CARTESIAN_POINT('',(-20.15686721087,7.294692394478));
#3662 = CARTESIAN_POINT('',(-20.22504430429,7.172496085408));
#3663 = CARTESIAN_POINT('',(-20.28876320858,7.045737573631));
#3664 = CARTESIAN_POINT('',(-20.34754657651,6.915001220627));
#3665 = CARTESIAN_POINT('',(-20.40097816316,6.780924527233));
#3666 = CARTESIAN_POINT('',(-20.44870944708,6.644189357542));
#3667 = CARTESIAN_POINT('',(-20.49046494344,6.505512536772));
#3668 = CARTESIAN_POINT('',(-20.52604618485,6.365635914628));
#3669 = CARTESIAN_POINT('',(-20.55533434145,6.225315986519));
#3670 = CARTESIAN_POINT('',(-20.57829144884,6.085313164071));
#3671 = CARTESIAN_POINT('',(-20.59496020999,5.946380783328));
#3672 = CARTESIAN_POINT('',(-20.60546233363,5.809253933521));
#3673 = CARTESIAN_POINT('',(-20.60999536661,5.674638180733));
#3674 = CARTESIAN_POINT('',(-20.60882797007,5.543198248388));
#3675 = CARTESIAN_POINT('',(-20.60229357729,5.415546699285));
#3676 = CARTESIAN_POINT('',(-20.59078235364,5.292232640194));
#3677 = CARTESIAN_POINT('',(-20.5747313538,5.173730437814));
#3678 = CARTESIAN_POINT('',(-20.5546127356,5.060428390855));
#3679 = CARTESIAN_POINT('',(-20.53091983997,4.952617242494));
#3680 = CARTESIAN_POINT('',(-20.50415087743,4.850478333623));
#3681 = CARTESIAN_POINT('',(-20.47478986766,4.754071079548));
#3682 = CARTESIAN_POINT('',(-20.44328435031,4.663319285491));
#3683 = CARTESIAN_POINT('',(-20.41001921283,4.577995574949));
#3684 = CARTESIAN_POINT('',(-20.37528575028,4.497702852141));
#3685 = CARTESIAN_POINT('',(-20.33924476806,4.421851196354));
#3686 = CARTESIAN_POINT('',(-20.30188214772,4.349627798826));
#3687 = CARTESIAN_POINT('',(-20.26295481496,4.279956353758));
#3688 = CARTESIAN_POINT('',(-20.22192450821,4.211440469607));
#3689 = CARTESIAN_POINT('',(-20.17787626128,4.142282807392));
#3690 = CARTESIAN_POINT('',(-20.12941841656,4.070167218618));
#3691 = CARTESIAN_POINT('',(-20.07456212381,3.992084334383));
#3692 = CARTESIAN_POINT('',(-20.01058271573,3.904070827082));
#3693 = CARTESIAN_POINT('',(-19.93387785942,3.800818210277));
#3694 = CARTESIAN_POINT('',(-19.83986856724,3.67509032291));
#3695 = CARTESIAN_POINT('',(-19.72306133176,3.516880869738));
#3696 = CARTESIAN_POINT('',(-19.57754386798,3.312284873023));
#3697 = CARTESIAN_POINT('',(-19.39847713041,3.042270111963));
#3698 = CARTESIAN_POINT('',(-19.18553042258,2.682194619954));
#3699 = CARTESIAN_POINT('',(-18.9492020171,2.204369369209));
#3700 = CARTESIAN_POINT('',(-18.71860927953,1.587780366218));
#3701 = CARTESIAN_POINT('',(-18.54370764986,0.836814870179));
#3702 = CARTESIAN_POINT('',(-18.49959159374,0.287853742081));
#3703 = CARTESIAN_POINT('',(-18.49999724349,9.328730041384E-15));
#3704 = ( GEOMETRIC_REPRESENTATION_CONTEXT(2) 
PARAMETRIC_REPRESENTATION_CONTEXT() REPRESENTATION_CONTEXT('2D SPACE',''
  ) );
#3705 = ADVANCED_FACE('',(#3706),#2974,.T.);
#3706 = FACE_BOUND('',#3707,.T.);
#3707 = EDGE_LOOP('',(#3708));
#3708 = ORIENTED_EDGE('',*,*,#2240,.T.);
#3709 = ADVANCED_FACE('',(#3710),#1507,.F.);
#3710 = FACE_BOUND('',#3711,.F.);
#3711 = EDGE_LOOP('',(#3712));
#3712 = ORIENTED_EDGE('',*,*,#773,.T.);
#3713 = ( GEOMETRIC_REPRESENTATION_CONTEXT(3) 
GLOBAL_UNCERTAINTY_ASSIGNED_CONTEXT((#3717)) 
GLOBAL_UNIT_ASSIGNED_CONTEXT((#3714,#3715,#3716)) REPRESENTATION_CONTEXT
('Context #1','3D Context with UNIT and UNCERTAINTY') );
#3714 = ( LENGTH_UNIT() NAMED_UNIT(*) SI_UNIT(.MILLI.,.METRE.) );
#3715 = ( NAMED_UNIT(*) PLANE_ANGLE_UNIT() SI_UNIT($,.RADIAN.) );
#3716 = ( NAMED_UNIT(*) SI_UNIT($,.STERADIAN.) SOLID_ANGLE_UNIT() );
#3717 = UNCERTAINTY_MEASURE_WITH_UNIT(LENGTH_MEASURE(1.E-07),#3714,
  'distance_accuracy_value','confusion accuracy');
#3718 = PRODUCT_RELATED_PRODUCT_CATEGORY('part',$,(#7));
ENDSEC;
END-ISO-10303-21;
